<favourites>
	<favourite name="[B][COLORwhite]Widget Sports Channels[/COLOR][/B]" thumb="https://upload.wikimedia.org/wikipedia/commons/a/a4/Olympic_Channel_logo.png">ActivateWindow(10001,&quot;plugin://plugin.program.super.favourites/?content_type=executable&amp;fanart=special://home/addons%5cplugin.program.super.favourites%5cfanart.jpg&amp;image=https%3a%2f%2fupload.wikimedia.org%2fwikipedia%2fcommons%2fa%2fa4%2fOlympic_Channel_logo.png&amp;label=TvOne&amp;mode=400&amp;path=special%3a%2f%2fhome%2faddons%2fplugin.program.super.favourites%2ffolders%5cSuper%20Favourites%5cTvOne&amp;sf_options=fanart%3Dspecial%3A%2F%2Fhome%2Faddons%5Cplugin.program.super.favourites%5Cfanart.jpg%26meta%3Dlabel%253DTvOne%26_options_sf&quot;,return)</favourite>
	<favourite name="[B][COLORwhite]All Sports Channels[/COLOR][/B]" thumb="special://home/addons\plugin.image.TechNEWSology/resources/media\allsports.jpg">ActivateWindow(videos,&quot;plugin://plugin.program.super.favourites/?label=All+Sports+Channels&amp;mode=400&amp;path=special%3A%2F%2Fhome%2Faddons%2Fplugin.program.super.favourites%2Ffolders%5CSuper+Favourites%5CAll+Sports+Channels&amp;image=special%3A%2F%2Fhome%2Faddons%5Cscript.TechNEWSology.Sport%5Cicon.png&amp;fanart=special://home/addons%5Cplugin.program.super.favourites%5Cfanart.jpg&amp;content_type=&quot;,return)</favourite>
	<favourite name="[B][COLORwhite]Live Streams Now[/COLOR][/B]" thumb="special://home/addons\plugin.image.TechNEWSology/resources/media\livestreams.jpg">ActivateWindow(videos,&quot;plugin://plugin.program.super.favourites/?label=Live+Streams+Now&amp;mode=400&amp;path=special%3A%2F%2Fhome%2Faddons%2Fplugin.program.super.favourites%2Ffolders%5CSuper+Favourites%5CLive+Streams+Now&amp;image=special%3A%2F%2Fhome%2Faddons%5Cplugin.video.SportsDevil%5Cresources%5Cimages%5Clivetv_ru.png&amp;fanart=special%3A%2F%2Fhome%2Faddons%5Cplugin.video.SportsDevil%5Cfanart.jpg&amp;content_type=&quot;,return)</favourite>
	<favourite name="[B][COLORwhite]Highlights-Replays[/COLOR][/B]" thumb="special://home/addons\plugin.image.TechNEWSology/resources/media\REPLAYS.jpg">ActivateWindow(videos,&quot;plugin://plugin.program.super.favourites/?label=highlights&amp;mode=400&amp;path=special%3A%2F%2Fhome%2Faddons%2Fplugin.program.super.favourites%2Ffolders%5CSuper+Favourites%5Chighlights&amp;image=special%3A%2F%2Fhome%2Faddons%5Cplugin.video.replayme%5Cicon.png&amp;fanart=special%3A%2F%2Fhome%2Faddons%5Cplugin.video.replayme%5Cfanart.jpg&amp;content_type=&quot;,return)</favourite>
	<favourite name="[B][COLORwhite]Acestreams[/COLOR][/B]" thumb="special://home/addons\plugin.image.TechNEWSology/resources/media\plexus.jpg">ActivateWindow(videos,&quot;plugin://plugin.program.super.favourites/?label=Acestreams&amp;mode=400&amp;path=special%3A%2F%2Fhome%2Faddons%2Fplugin.program.super.favourites%2Ffolders%5CSuper+Favourites%5CAcestreams&amp;image=special%3A%2F%2Fhome%2Faddons%5Cicon+TechNEWSology%5Cicon.png&amp;fanart=special%3A%2F%2Fhome%2Faddons%5Cprogram.plexus%5Cfanart.jpg&amp;content_type=&quot;,return)</favourite>
	<favourite name="[B][COLORwhite]SportsDevil[/COLOR][/B]" thumb="special://home/addons\plugin.image.TechNEWSology/resources/media\sportsdevil.jpg">ActivateWindow(videos,&quot;plugin://plugin.video.SportsDevil&quot;,return)</favourite>
	<favourite name="[B][COLORwhite]Sport365.Live[/COLOR][/B]" thumb="special://home/addons\plugin.image.TechNEWSology/resources/media\sport365live.jpg">ActivateWindow(videos,&quot;plugin://plugin.video.sport365.live&quot;,return)</favourite>
	<favourite name="[B][COLORwhite]Just Sports[/COLOR][/B]" thumb="special://home/addons\plugin.video.justsports\fanart.jpg">ActivateWindow(videos,&quot;plugin://plugin.video.justsports&quot;,return)</favourite>
	<favourite name="[B][COLORwhite]Rising Tides[/COLOR][/B]" thumb="special://home/addons\plugin.image.TechNEWSology/resources/media\rising1.jpg">ActivateWindow(videos,&quot;plugin://plugin.video.Rising.Tides&quot;,return)</favourite>
	<favourite name="[B][COLORwhite]Sports Hub[/COLOR][/B]" thumb="special://home/addons\plugin.image.TechNEWSology/resources/media\hub.jpg">ActivateWindow(videos,&quot;plugin://plugin.video.sportshub&quot;,return)</favourite>
	<favourite name="[B][COLORwhite]Sportie Live Scores[/COLOR][/B]" thumb="special://home/addons\plugin.image.TechNEWSology/resources/media\sportie.jpg">ActivateWindow(10025,&quot;plugin://plugin.video.sportie/?fanart=special://home/addons%5cplugin.video.sportie%5cfanart.jpg&amp;iconimage=special://home/addons%5cplugin.video.sportie%5cicon.png&amp;mode=80&amp;name=Live%20Scores&amp;url=url&amp;sf_options=fanart%3Dspecial%3A%2F%2Fhome%2Faddons%5Cplugin.video.sportie%5Cfanart.jpg%26meta%3Dlabel%253DLive%252BScores%26_options_sf&quot;,return)</favourite>
	<favourite name="[B][COLORwhite]Laola1.tv free[/COLOR][/B]" thumb="special://home/addons\plugin.image.TechNEWSology/resources/media\laola1.jpg">ActivateWindow(videos,&quot;plugin://plugin.video.laola1free&quot;,return)</favourite>
	<favourite name="[B][COLORwhite]Magic Dragon[/COLOR][/B]" thumb="https://iwf1.com/scrapekod/icons/plugin.video.themagicdragon.jpg">ActivateWindow(10025,&quot;plugin://plugin.video.themagicdragon/?fanart=https%3a%2f%2fgithub.com%2ftombebbs1%2fmagicdragon%2fblob%2fmaster%2ffanart.jpg%3fraw%3dtrue&amp;mode=1&amp;name=%5bB%5d%5bI%5d%5bCOLORyellowgreen%5dSport%5b%2fB%5d%5b%2fI%5d%5b%2fCOLOR%5d&amp;url=https%3a%2f%2fraw.githubusercontent.com%2ftombebbs1%2fmagicdragon%2fmaster%2fsport.txt&amp;sf_options=fanart%3Dhttps%3A%2F%2Fgithub.com%2Ftombebbs1%2Fmagicdragon%2Fblob%2Fmaster%2Ffanart.jpg%3Fraw%26meta%3Dplot%253DHundreds%252BOf%252BDocumentarys%252BTo%252BChoose%252BFrom%2526votes%253D0%2526label%253D%25255BB%25255D%25255BI%25255D%25255BCOLORyellowgreen%25255DSport%25255B%25252FB%25255D%25255B%25252FI%25255D%25255B%25252FCOLOR%25255D%2526title%253D%25255BB%25255D%25255BI%25255D%25255BCOLORyellowgreen%25255DSport%25255B%25252FB%25255D%25255B%25252FI%25255D%25255B%25252FCOLOR%25255D%26desc%3DHundreds+Of+Documentarys+To+Choose+From%26_options_sf&quot;,return)</favourite>
	<favourite name="[B][COLORwhite]AliveGR[/COLOR][/B]" thumb="special://home/addons\plugin.image.TechNEWSology/resources/media\alive2.jpg">ActivateWindow(videos,&quot;plugin://plugin.video.AliveGR/?action=sports&amp;title=%CE%91%CE%B8%CE%BB%CE%B7%CF%84%CE%B9%CE%BA%CE%AC&quot;,return)</favourite>
	<favourite name="[B][COLORwhite]Novasports.gr[/COLOR][/B]" thumb="special://home/addons\plugin.video.novasports.gr\fanart.jpg">ActivateWindow(videos,&quot;plugin://plugin.video.novasports.gr&quot;,return)</favourite>
	<favourite name="[B][COLORwhite]Extreme Sports[/COLOR][/B]" thumb="special://home/addons\plugin.video.extreme\fanart.jpg">ActivateWindow(videos,&quot;plugin://plugin.video.extreme&quot;,return)</favourite>
</favourites>