<favourites>
	<favourite name="[B][COLORwhite]Atlas Αθλητικά[/COLOR][/B]" thumb="https://i.imgur.com/0Exal6r.png">ActivateWindow(10025,&quot;plugin://plugin.video.atlas/?description=%ce%91%ce%b3%cf%8e%ce%bd%ce%b5%cf%82%20%cf%83%ce%b5%20%ce%b5%cf%80%ce%b1%ce%bd%ce%ac%ce%bb%ce%b7%cf%88%ce%b7.%0aReplays%20full%20match.&amp;iconimage=https%3a%2f%2fi.imgur.com%2f0Exal6r.png&amp;mode=806&amp;name=%5bB%5d%5bCOLOR%20white%5d%ce%91%ce%b8%ce%bb%ce%b7%cf%84%ce%b9%ce%ba%ce%ac%5b%2fCOLOR%5d%5b%2fB%5d&amp;url=http%3a%2f%2fla8osapofash.com&amp;sf_options=fanart%3Dspecial%3A%2F%2Fhome%2Faddons%5Cplugin.video.atlas%5Cresources%5Cart%5Carrt.jpg%26meta%3Dplot%253D%2525CE%252591%2525CE%2525B3%2525CF%25258E%2525CE%2525BD%2525CE%2525B5%2525CF%252582%252B%2525CF%252583%2525CE%2525B5%252B%2525CE%2525B5%2525CF%252580%2525CE%2525B1%2525CE%2525BD%2525CE%2525AC%2525CE%2525BB%2525CE%2525B7%2525CF%252588%2525CE%2525B7.%25255CnReplays%252Bfull%252Bmatch.%2526votes%253D0%2526label%253D%25255BB%25255D%25255BCOLOR%252Bwhite%25255D%2525CE%252591%2525CE%2525B8%2525CE%2525BB%2525CE%2525B7%2525CF%252584%2525CE%2525B9%2525CE%2525BA%2525CE%2525AC%25255B%25252FCOLOR%25255D%25255B%25252FB%25255D%2526title%253D%25255BB%25255D%25255BCOLOR%252Bwhite%25255D%2525CE%252591%2525CE%2525B8%2525CE%2525BB%2525CE%2525B7%2525CF%252584%2525CE%2525B9%2525CE%2525BA%2525CE%2525AC%25255B%25252FCOLOR%25255D%25255B%25252FB%25255D%26desc%3D%CE%91%CE%B3%CF%8E%CE%BD%CE%B5%CF%82+%CF%83%CE%B5+%CE%B5%CF%80%CE%B1%CE%BD%CE%AC%CE%BB%CE%B7%CF%88%CE%B7.%0AReplays+full+match.%26_options_sf&quot;,return)</favourite>
	<favourite name="[B][COLORwhite]Atlas Ομάδες[/COLOR][/B]" thumb="http://i.imgur.com/edOpGQt.png">ActivateWindow(10025,&quot;plugin://plugin.video.atlas/?description=%ce%9d%ce%ad%ce%b1%20%ce%b1%cf%80%cf%8c%20%cf%84%ce%b9%cf%82%20%ce%bf%ce%bc%ce%ac%ce%b4%ce%b5%cf%82%20%ce%b1%cf%80%cf%8c%20youtube.%0aNews%20from%20the%20greek%20teams%20from%20youtube.&amp;iconimage=http%3a%2f%2fi.imgur.com%2fedOpGQt.png&amp;mode=601&amp;name=%5bB%5d%5bCOLOR%20white%5d%ce%9f%ce%bc%ce%ac%ce%b4%ce%b5%cf%82%5b%2fCOLOR%5d%5b%2fB%5d&amp;url&amp;sf_options=fanart%3Dspecial%3A%2F%2Fhome%2Faddons%5Cplugin.video.atlas%5Cresources%5Cart%5Carrt.jpg%26meta%3Dplot%253D%2525CE%25259D%2525CE%2525AD%2525CE%2525B1%252B%2525CE%2525B1%2525CF%252580%2525CF%25258C%252B%2525CF%252584%2525CE%2525B9%2525CF%252582%252B%2525CE%2525BF%2525CE%2525BC%2525CE%2525AC%2525CE%2525B4%2525CE%2525B5%2525CF%252582%252B%2525CE%2525B1%2525CF%252580%2525CF%25258C%252Byoutube.%25255CnNews%252Bfrom%252Bthe%252Bgreek%252Bteams%252Bfrom%252Byoutube.%2526votes%253D0%2526label%253D%25255BB%25255D%25255BCOLOR%252Bwhite%25255D%2525CE%25259F%2525CE%2525BC%2525CE%2525AC%2525CE%2525B4%2525CE%2525B5%2525CF%252582%25255B%25252FCOLOR%25255D%25255B%25252FB%25255D%2526title%253D%25255BB%25255D%25255BCOLOR%252Bwhite%25255D%2525CE%25259F%2525CE%2525BC%2525CE%2525AC%2525CE%2525B4%2525CE%2525B5%2525CF%252582%25255B%25252FCOLOR%25255D%25255B%25252FB%25255D%26desc%3D%CE%9D%CE%AD%CE%B1+%CE%B1%CF%80%CF%8C+%CF%84%CE%B9%CF%82+%CE%BF%CE%BC%CE%AC%CE%B4%CE%B5%CF%82+%CE%B1%CF%80%CF%8C+youtube.%0ANews+from+the+greek+teams+from+youtube.%26_options_sf&quot;,return)</favourite>
	<favourite name="[B][COLORwhite]Novasports.gr[/COLOR][/B]" thumb="special://home/addons\plugin.video.novasports.gr\icon.png">ActivateWindow(10025,&quot;plugin://plugin.video.novasports.gr?sf_options=fanart%3Dspecial%3A%2F%2Fhome%2Faddons%5Cplugin.video.novasports.gr%5Cfanart.jpg%26meta%3Dlabel%253DNovasports.gr%26desc%3D%CE%92%CE%AF%CE%BD%CF%84%CE%B5%CE%BF+on+demand+%CE%BA%CE%B1%CE%B9+%CE%B5%CE%BA%CF%80%CE%BF%CE%BC%CF%80%CE%AD%CF%82+%CE%B1%CF%80%CF%8C+%CF%84%CE%BF+novasports.gr%26_options_sf&quot;,return)</favourite>
	<favourite name="[B][COLORwhite]AliveGR Αθλήματα &amp; Αγώνες[/COLOR][/B]" thumb="special://home/addons\resource.images.alivegr.artwork\resources\alivegr\sports+alivegr.png">ActivateWindow(10025,&quot;plugin://plugin.video.AliveGR/?action=gm_sports&amp;sf_options=fanart%3Dspecial%3A%2F%2Fhome%2Faddons%5Cplugin.video.AliveGR%5Cfanart.jpg%26meta%3Dvotes%253D0%2526label%253D%2525CE%252591%2525CE%2525B8%2525CE%2525BB%2525CE%2525AE%2525CE%2525BC%2525CE%2525B1%2525CF%252584%2525CE%2525B1%252B%252526%252B%2525CE%252591%2525CE%2525B3%2525CF%25258E%2525CE%2525BD%2525CE%2525B5%2525CF%252582%2526title%253D30117%26_options_sf&quot;,return)</favourite>
	<favourite name="[B][COLORwhite]Football Today[/COLOR][/B]" thumb="special://home/addons\plugin.video.football.today\icon.png">ActivateWindow(10025,&quot;plugin://plugin.video.football.today/?sf_options=fanart%3Dspecial%3A%2F%2Fhome%2Faddons%5Cplugin.video.football.today%5Cfanart.jpg%26meta%3Dlabel%253DFootball%252BToday%26desc%3DFootball+on+demand%26_options_sf&quot;,return)</favourite>
	<favourite name="[B][COLORwhite]Destiny NBA[/COLOR][/B]" thumb="special://home/addons\plugin.video.destiny\resources\logos/nba.png">ActivateWindow(10025,&quot;plugin://plugin.video.destiny/?data=%20&amp;dates=%20&amp;description=NBA&amp;eng_name=%20&amp;episode=%20&amp;fanart=https%3a%2f%2fcdn.nba.net%2fnba-drupal-prod%2f2017-08%2fSEO-image-NBA-logoman.jpg&amp;fav_status=false&amp;heb_name=%20&amp;iconimage=special://home/addons%5cplugin.video.destiny%5cresources%5clogos%2fnba.png&amp;id=%20&amp;isr=0&amp;mode2=105&amp;name=NBA&amp;original_title=%20&amp;season=%20&amp;show_original_year=%20&amp;tmdbid=%20&amp;url=https%3a%2f%2fwww.nbafullhd.com&amp;sf_options=fanart%3Dhttps%3A%2F%2Fcdn.nba.net%2Fnba-drupal-prod%2F2017-08%2FSEO-image-NBA-logoman.jpg%26meta%3Dplot%253DNBA%2526votes%253D0%2526label%253DNBA%26desc%3DNBA%26_options_sf&quot;,return)</favourite>
	<favourite name="[B][COLORwhite]Sports classic Replays[/COLOR][/B]" thumb="https://pbs.twimg.com/profile_images/596457117944385537/zZCu59VY_400x400.jpg">ActivateWindow(10025,&quot;plugin://plugin.video.sportsclassic/?fanart=https%3a%2f%2fwallpapercave.com%2fwp%2fjYgBl5U.jpg&amp;mode=1&amp;name=%5bB%5d%5bI%5d%5bCOLOR%20snow%5d%e2%80%a2%5b%2fCOLOR%5d%5bCOLORorange%5d%e2%80%a2%5b%2fCOLOR%5d%5bCOLOR%20chartreuse%5d%20ALL%20SPORTS%20REPLAY%20%5b%2fCOLOR%5d%5b%2fI%5d%5b%2fB%5d&amp;url=https%3a%2f%2fraw.githubusercontent.com%2fShark5588%2flist%2fmaster%2freplay.xml&amp;sf_options=fanart%3Dhttps%3A%2F%2Fwallpapercave.com%2Fwp%2FjYgBl5U.jpg%26meta%3Dvotes%253D0%2526label%253D%25255BB%25255D%25255BI%25255D%25255BCOLOR%252Bsnow%25255D%2525E2%252580%2525A2%25255B%25252FCOLOR%25255D%25255BCOLORorange%25255D%2525E2%252580%2525A2%25255B%25252FCOLOR%25255D%25255BCOLOR%252Bchartreuse%25255D%252BALL%252BSPORTS%252BREPLAY%252B%25255B%25252FCOLOR%25255D%25255B%25252FI%25255D%25255B%25252FB%25255D%2526title%253D%25255BB%25255D%25255BI%25255D%25255BCOLOR%252Bsnow%25255D%2525E2%252580%2525A2%25255B%25252FCOLOR%25255D%25255BCOLORorange%25255D%2525E2%252580%2525A2%25255B%25252FCOLOR%25255D%25255BCOLOR%252Bchartreuse%25255D%252BALL%252BSPORTS%252BREPLAY%252B%25255B%25252FCOLOR%25255D%25255B%25252FI%25255D%25255B%25252FB%25255D%26_options_sf&quot;,return)</favourite>
	<favourite name="[B][COLORwhite]NBA On-demand[/COLOR][/B]" thumb="special://home/addons\plugin.video.nbaondemand\icon.png">ActivateWindow(10025,&quot;plugin://plugin.video.nbaondemand/?sf_options=fanart%3Dspecial%3A%2F%2Fhome%2Faddons%5Cplugin.video.nbaondemand%5Cfanart.jpg%26meta%3Dlabel%253DNBA%252BOn-demand%26desc%3DNBA+on+demand%26_options_sf&quot;,return)</favourite>
	<favourite name="[B][COLORwhite]Rising Tides Football[/COLOR][/B]" thumb="https://i.imgur.com/koR9cKd.jpg">ActivateWindow(10025,&quot;plugin://plugin.video.Rising.Tides/?fanart=special://home/addons%5cplugin.video.Rising.Tides%5cfanart.jpg&amp;iconimage=https%3a%2f%2fi.imgur.com%2fkoR9cKd.jpg&amp;mode=33&amp;name=%5bCOLOR%20pink%5d%5bB%5dF%5b%2fB%5d%5b%2fCOLOR%5d%5bCOLOR%20white%5d%5bB%5dootball%5b%2fB%5d%5b%2fCOLOR%5d%20%5bCOLOR%20red%5d%5bB%5dH%5b%2fB%5d%5b%2fCOLOR%5d%5bCOLOR%20white%5d%5bB%5dighlights%5b%2fB%5d%5b%2fCOLOR%5d%5bCOLOR%20red%5d%5bB%5d(Offline)%5b%2fB%5d%5b%2fCOLOR%5d&amp;url=Football%20Highlights&amp;sf_options=fanart%3Dspecial%3A%2F%2Fhome%2Faddons%5Cplugin.video.Rising.Tides%5Cfanart.jpg%26meta%3Dvotes%253D0%2526label%253D%25255BCOLOR%252Bpink%25255D%25255BB%25255DF%25255B%25252FB%25255D%25255B%25252FCOLOR%25255D%25255BCOLOR%252Bwhite%25255D%25255BB%25255Dootball%25255B%25252FB%25255D%25255B%25252FCOLOR%25255D%252B%25255BCOLOR%252Bred%25255D%25255BB%25255DH%25255B%25252FB%25255D%25255B%25252FCOLOR%25255D%25255BCOLOR%252Bwhite%25255D%25255BB%25255Dighlights%25255B%25252FB%25255D%25255B%25252FCOLOR%25255D%25255BCOLOR%252Bred%25255D%25255BB%25255D%252528Offline%252529%25255B%25252FB%25255D%25255B%25252FCOLOR%25255D%2526title%253D%25255BCOLOR%252Bpink%25255D%25255BB%25255DF%25255B%25252FB%25255D%25255B%25252FCOLOR%25255D%25255BCOLOR%252Bwhite%25255D%25255BB%25255Dootball%25255B%25252FB%25255D%25255B%25252FCOLOR%25255D%252B%25255BCOLOR%252Bred%25255D%25255BB%25255DH%25255B%25252FB%25255D%25255B%25252FCOLOR%25255D%25255BCOLOR%252Bwhite%25255D%25255BB%25255Dighlights%25255B%25252FB%25255D%25255B%25252FCOLOR%25255D%25255BCOLOR%252Bred%25255D%25255BB%25255D%252528Offline%252529%25255B%25252FB%25255D%25255B%25252FCOLOR%25255D%26_options_sf&quot;,return)</favourite>
	<favourite name="[B][COLORwhite]Replay Me[/COLOR][/B]" thumb="special://home/addons\plugin.video.replayme\icon.png">ActivateWindow(10025,&quot;plugin://plugin.video.replayme/?sf_options=fanart%3Dspecial%3A%2F%2Fhome%2Faddons%5Cplugin.video.replayme%5Cfanart.jpg%26meta%3Dlabel%253D%25255BCOLOR%252Bred%25255DR%25255B%25252FCOLOR%25255D%25255BCOLOR%252Bwhite%25255Deplay%25255B%25252FCOLOR%25255D%252B%25255BCOLOR%252Bpink%25255DM%25255B%25252FCOLOR%25255D%25255BCOLOR%252Bwhite%25255De%25255B%25252FCOLOR%25255D%26desc%3DGet+all+the+major+events+replays+in+one+place+daily.%26_options_sf&quot;,return)</favourite>
	<favourite name="[B][COLORwhite]Football Replays[/COLOR][/B]" thumb="special://home/addons\plugin.video.footballreplays\icon.png">ActivateWindow(10025,&quot;plugin://plugin.video.footballreplays/?sf_options=meta%3Dlabel%253DFootball%252BReplays%26desc%3DFootball+Replays%26_options_sf&quot;,return)</favourite>
	<favourite name="[B][COLORwhite]Sportshub[/COLOR][/B]" thumb="https://raw.githubusercontent.com/muaddibttv/artwork/master/sportshub/highlights.png">ActivateWindow(10025,&quot;plugin://plugin.video.sportshub/?description=No%20information%20available&amp;fanart=C%3a%5cUsers%5cBuilds%5cAppData%5cRoaming%5cKodi%5caddons%5cplugin.video.sportshub%5cfanart.jpg&amp;iconimage=https%3a%2f%2fraw.githubusercontent.com%2fmuaddibttv%2fartwork%2fmaster%2fsportshub%2fhighlights.png&amp;mode=get_list&amp;name=%5bCOLOR%20orange%5d%5b%20Highlights%20%5d%5b%2fCOLOR%5d&amp;url=file%3a%2f%2fhighlights.xml&amp;sf_options=fanart%3Dspecial%3A%2F%2Fhome%2Faddons%5Cplugin.video.sportshub%5Cfanart.jpg%26meta%3Dplot%253DNorth%252BAmerican%252BSports%252BHighlights%2526votes%253D0%2526label%253D%25255BCOLOR%252Borange%25255D%25255B%252BHighlights%252B%25255D%25255B%25252FCOLOR%25255D%2526title%253D%25255BCOLOR%252Borange%25255D%25255B%252BHighlights%252B%25255D%25255B%25252FCOLOR%25255D%26desc%3DNorth+American+Sports+Highlights%26_options_sf&quot;,return)</favourite>
	<favourite name="[B][COLORwhite]Laola1.tv free[/COLOR][/B]" thumb="special://home/addons\plugin.video.laola1free\icon.png">ActivateWindow(10025,&quot;plugin://plugin.video.laola1free/?sf_options=meta%3Dlabel%253DLaola1.tv%252Bfree%26desc%3DProvides+streams+from+laola1.tv%26_options_sf&quot;,return)</favourite>
	<favourite name="[B][COLORwhite]Extreme Sports[/COLOR][/B]" thumb="special://home/addons\plugin.video.extreme\icon.png">ActivateWindow(10025,&quot;plugin://plugin.video.extreme/?sf_options=fanart%3Dspecial%3A%2F%2Fhome%2Faddons%5Cplugin.video.extreme%5Cfanart.jpg%26meta%3Dlabel%253DExtreme%252BSports%26desc%3DTeam+Looking+Glass%2FGracie242%26_options_sf&quot;,return)</favourite>
	<favourite name="[B][COLORwhite]SportsDevil Extreme Sports[/COLOR][/B]" thumb="https://static.filmon.com/assets/groups/185/big_logo.png">ActivateWindow(10025,&quot;plugin://plugin.video.SportsDevil/?item=url.tmp%3d%252Fgroup%252Fextreme-sports%26title%3dEXTREME%2bSPORTS%26url%3dhttp%253A%252F%252Fwww.filmon.com%252Fgroup%252Fextreme-sports%26cfg%3dfilmon.com.cfg%2540Channels%26definedIn%3dcustoms%252Ffilmon.com.cfg%26director%3dfilmon.com%26genre%3dLive%2bTV%26type%3drss%26icon%3dhttps%253A%252F%252Fstatic.filmon.com%252Fassets%252Fgroups%252F185%252Fbig_logo.png&amp;mode=1&amp;sf_options=fanart%3Dspecial%3A%2F%2Fhome%2Faddons%5Cplugin.video.SportsDevil%5Cfanart.jpg%26meta%3Dgenre%253DLive%252BTV%2526director%253Dfilmon.com%2526votes%253D0%2526label%253DEXTREME%252BSPORTS%2526title%253DEXTREME%252BSPORTS%26_options_sf&quot;,return)</favourite>
	<favourite name="[B][COLORwhite]Highlights[/COLOR][/B]" thumb="special://home/addons\plugin.video.SportsDevil\resources\images\highlights2.png">ActivateWindow(10025,&quot;plugin://plugin.video.SportsDevil/?item=title%3dHighlights%26url%3dhighlights.cfg%26definedIn%3dmainMenu.cfg%26director%3dSportsDevil%26genre%3dHighlights%26type%3drss%26icon%3dC%253A%255CUsers%255Ci5%255CAppData%255CRoaming%255CKodi%255Caddons%255Cplugin.video.SportsDevil%255Cresources%255Cimages%255Chighlights2.png&amp;mode=1&amp;sf_options=fanart%3Dspecial%3A%2F%2Fhome%2Faddons%5Cplugin.video.SportsDevil%5Cfanart.jpg%26meta%3Dgenre%253DHighlights%2526director%253DSportsDevil%2526votes%253D0%2526label%253DHighlights%2526title%253DHighlights%26_options_sf&quot;,return)</favourite>
	<favourite name="[B][COLORwhite]Eyasess Boxing[/COLOR][/B]" thumb="http://ajbuilds.uk/art/pboxing.png">ActivateWindow(10025,&quot;plugin://plugin.video.neweyasess/?description=No%20information%20available&amp;fanart=C%3a%5cUsers%5ci5%5cAppData%5cRoaming%5cKodi%5caddons%5cplugin.video.neweyasess%5cfanart.jpg&amp;iconimage=http%3a%2f%2fajbuilds.uk%2fart%2fpboxing.png&amp;mode=get_list&amp;name=%5bCOLOR%20FFffffffff%5d%5bCOLORred%5d%5bB%5dBOXING%5b%2fB%5d%5b%2fCOLOR%5d%5b%2fCOLOR%5d&amp;url=http%3a%2f%2fajbuilds.uk%2fneweyasess%2fboxing.xml&amp;sf_options=fanart%3Dspecial%3A%2F%2Fhome%2Faddons%5Cplugin.video.neweyasess%5Cfanart.jpg%26meta%3Dplot%253DNo%252Binformation%252Bavailable%2526votes%253D0%2526label%253D%25255BCOLOR%252BFFffffffff%25255D%25255BCOLORred%25255D%25255BB%25255DBOXING%25255B%25252FB%25255D%25255B%25252FCOLOR%25255D%25255B%25252FCOLOR%25255D%2526title%253D%25255BCOLOR%252BFFffffffff%25255D%25255BCOLORred%25255D%25255BB%25255DBOXING%25255B%25252FB%25255D%25255B%25252FCOLOR%25255D%25255B%25252FCOLOR%25255D%26desc%3DNo+information+available%26_options_sf&quot;,return)</favourite>
	<favourite name="[B][COLORwhite]Eyasess Football[/COLOR][/B]" thumb="http://ajbuilds.uk/art/pfootball.png">ActivateWindow(10025,&quot;plugin://plugin.video.neweyasess/?description=No%20information%20available&amp;fanart=C%3a%5cUsers%5ci5%5cAppData%5cRoaming%5cKodi%5caddons%5cplugin.video.neweyasess%5cfanart.jpg&amp;iconimage=http%3a%2f%2fajbuilds.uk%2fart%2fpfootball.png&amp;mode=get_list&amp;name=%5bCOLOR%20FFffffffff%5d%5bCOLORred%5d%5bB%5dFOOTBALL%5b%2fB%5d%5b%2fCOLOR%5d%5b%2fCOLOR%5d&amp;url=http%3a%2f%2fajbuilds.uk%2fneweyasess%2ffootynew.xml&amp;sf_options=fanart%3Dspecial%3A%2F%2Fhome%2Faddons%5Cplugin.video.neweyasess%5Cfanart.jpg%26meta%3Dplot%253DNo%252Binformation%252Bavailable%2526votes%253D0%2526label%253D%25255BCOLOR%252BFFffffffff%25255D%25255BCOLORred%25255D%25255BB%25255DFOOTBALL%25255B%25252FB%25255D%25255B%25252FCOLOR%25255D%25255B%25252FCOLOR%25255D%2526title%253D%25255BCOLOR%252BFFffffffff%25255D%25255BCOLORred%25255D%25255BB%25255DFOOTBALL%25255B%25252FB%25255D%25255B%25252FCOLOR%25255D%25255B%25252FCOLOR%25255D%26desc%3DNo+information+available%26_options_sf&quot;,return)</favourite>
</favourites>