<favourites>
	<favourite name="Αναζήτηση αγώνων... (Apex Sports)" thumb="special://home/addons\plugin.video.apex_sports\resources/media/search.png">PlayMedia(&quot;plugin://plugin.video.apex_sports/?mode=search&amp;category=live_sport&amp;play=True&amp;sf_options=winID%3D10025%26fanart%3DC%3A%2Ffanart.jpg%26meta%3Dvotes%253D0%2526title%253DSearch%2526label%253DSearch%26_options_sf&quot;)</favourite>
	<favourite name="Live Events (SportHD)" thumb="special://home/addons\plugin.video.sporthdme\icon.png">ActivateWindow(10025,&quot;plugin://plugin.video.sporthdme/?description&amp;iconimage=special://home/addons%5cplugin.video.sporthdme%5cicon.png&amp;mode=5&amp;name=%5bB%5d%5bCOLOR%20white%5dLIVE%20EVENTS%5b%2fCOLOR%5d%5b%2fB%5d&amp;url=http%3a%2f%2fsporthd.live%2findex.php%3f&amp;sf_options=fanart%3Dspecial%3A%2F%2Fhome%2Faddons%5Cplugin.video.sporthdme%5Cfanart.jpg%26meta%3Dvotes%253D0%2526label%253D%25255BB%25255D%25255BCOLOR%252Bwhite%25255DLIVE%252BEVENTS%25255B%25252FCOLOR%25255D%25255B%25252FB%25255D%2526title%253D%25255BB%25255D%25255BCOLOR%252Bwhite%25255DLIVE%252BEVENTS%25255B%25252FCOLOR%25255D%25255B%25252FB%25255D%26_options_sf&quot;,return)</favourite>
	<favourite name="Rojadirecta.me (Apex Sports)" thumb="special://home/addons\plugin.video.apex_sports\resources/media/roja.jpg">ActivateWindow(10025,&quot;plugin://plugin.video.apex_sports/?category=live_sport&amp;mode=open_site&amp;site=rojadirecta&amp;sf_options=fanart%3DC%3A%2Ffanart.jpg%26meta%3Dvotes%253D0%2526title%253DRojadirecta.me%2526label%253DRojadirecta.me%26_options_sf&quot;,return)</favourite>
	<favourite name="Livetv.sx (Apex Sports)" thumb="special://home/addons\plugin.video.apex_sports\resources/media/livetv.png">ActivateWindow(10025,&quot;plugin://plugin.video.apex_sports/?category=live_sport&amp;mode=open_site&amp;site=livetv&amp;sf_options=fanart%3DC%3A%2Ffanart.jpg%26meta%3Dvotes%253D0%2526title%253DLivetv.sx%2526label%253DLivetv.sx%26_options_sf&quot;,return)</favourite>
	<favourite name="Live Sport (Apex Sports)" thumb="special://home/addons\plugin.video.apex_sports\resources/media/live_sport.jpg">ActivateWindow(10025,&quot;plugin://plugin.video.apex_sports/?category=live_sport&amp;mode=open_category&amp;sf_options=fanart%3DC%3A%2Ffanart.jpg%26meta%3Dvotes%253D0%2526title%253DLive%252BSport%2526label%253DLive%252BSport%26_options_sf&quot;,return)</favourite>
	<favourite name="Sportowa TV" thumb="special://home/addons\plugin.video.PLsportowo\icon.png">ActivateWindow(10025,&quot;plugin://plugin.video.PLsportowo/?sf_options=fanart%3Dspecial%3A%2F%2Fhome%2Faddons%5Cplugin.video.PLsportowo%5Cfanart.jpg%26desc%3DWydarzenia+sportowe%26meta%3Dlabel%253DSportowa%252BTV%26_options_sf&quot;,return)</favourite>
	<favourite name="LiveTV.sx (Sportowa)" thumb="special://home/addons\plugin.video.PLsportowo\/resources/livetv.png">ActivateWindow(10025,&quot;plugin://plugin.video.PLsportowo/?image=special://home/addons%5cplugin.video.PLsportowo%5c%2fresources%2flivetv.png&amp;mode=livetvsx&amp;title=LiveTV.sx&amp;url=http%3a%2f%2flivetv.sx%2fenx%2fallupcoming%2f&amp;sf_options=fanart%3Dspecial%3A%2F%2Fhome%2Faddons%5Cplugin.video.PLsportowo%5C%2Fresources%2Ffanart.jpg%26desc%3DLiveTV.sx%26meta%3Dvotes%253D0%2526plot%253DLiveTV.sx%2526title%253DLiveTV.sx%2526label%253DLiveTV.sx%26_options_sf&quot;,return)</favourite>
	<favourite name="SportsBay (Sportowa)" thumb="special://home/addons\plugin.video.PLsportowo\/resources/logosb.png">ActivateWindow(10025,&quot;plugin://plugin.video.PLsportowo/?image=special://home/addons%5cplugin.video.PLsportowo%5c%2fresources%2flogosb.png&amp;mode=getsportsbay&amp;title=SportsBay&amp;url=http%3a%2f%2fstrims.world&amp;sf_options=fanart%3Dspecial%3A%2F%2Fhome%2Faddons%5Cplugin.video.PLsportowo%5C%2Fresources%2Ffanart.jpg%26desc%3DSportsBay%26meta%3Dvotes%253D0%2526plot%253DSportsBay%2526title%253DSportsBay%2526label%253DSportsBay%26_options_sf&quot;,return)</favourite>
	<favourite name="Live Footy/Soccer (Cloud9)" thumb="DefaultFolder.png">ActivateWindow(10025,&quot;plugin://plugin.video.Cloud9/?all_w=%7b%7d&amp;data=%20&amp;dates=%20&amp;description=One%20Click&amp;eng_name=%20&amp;episode=%20&amp;fanart=https%3a%2f%2fi.imgur.com%2fwulr4GL.jpg&amp;fav_status=false&amp;heb_name=%20&amp;iconimage=https%3a%2f%2fi.imgur.com%2fCs0W7a1.png&amp;id=%20&amp;image_master&amp;isr=0&amp;last_id&amp;mode=189&amp;name=%5bCOLORgold%5dLive%20Footy%2fSoccer%5b%2fCOLOR%5d&amp;original_title=%20&amp;season=%20&amp;show_original_year=%20&amp;tmdbid=%20&amp;url=https%3a%2f%2ffloyd6969.github.io%2flive.xml&amp;video_data=%7b%22title%22%3a%20%22%5bCOLORgold%5dLive%20Footy%2fSoccer%5b%2fCOLOR%5d%22%2c%20%22mediatype%22%3a%20%22movie%22%2c%20%22TVshowtitle%22%3a%20%22%22%2c%20%22season%22%3a%200%2c%20%22episode%22%3a%200%2c%20%22OriginalTitle%22%3a%20%22%20%22%2c%20%22rating%22%3a%20%220%22%2c%20%22plot%22%3a%20%22One%20Click%22%2c%20%22Tag%22%3a%20%22None%22%2c%20%22id%22%3a%20%22%20%22%7d&amp;sf_options=fanart%3Dhttps%3A%2F%2Fi.imgur.com%2Fwulr4GL.jpg%26meta%3Dlabel%253D%25255BCOLORgold%25255DLive%252BFooty%25252FSoccer%25255B%25252FCOLOR%25255D%26_options_sf&quot;,return)</favourite>
	<favourite name="Live Events (Cloud9)" thumb="DefaultFolder.png">ActivateWindow(10025,&quot;plugin://plugin.video.Cloud9/?all_w=%7b%7d&amp;data=%20&amp;dates=%20&amp;description=Sports&amp;eng_name=%20&amp;episode=%20&amp;fanart=https%3a%2f%2fi.imgur.com%2fwulr4GL.jpg&amp;fav_status=false&amp;heb_name=%20&amp;iconimage=https%3a%2f%2fi.imgur.com%2fCs0W7a1.png&amp;id=%20&amp;image_master&amp;isr=0&amp;last_id&amp;mode=189&amp;name=%5bCOLORgold%5dLive%20Events%5b%2fCOLOR%5d&amp;original_title=%20&amp;season=%20&amp;show_original_year=%20&amp;tmdbid=%20&amp;url=https%3a%2f%2ffloyd6969.github.io%2fUK.xml&amp;video_data=%7b%22title%22%3a%20%22%5bCOLORgold%5dLive%20Events%5b%2fCOLOR%5d%22%2c%20%22mediatype%22%3a%20%22movie%22%2c%20%22TVshowtitle%22%3a%20%22%22%2c%20%22season%22%3a%200%2c%20%22episode%22%3a%200%2c%20%22OriginalTitle%22%3a%20%22%20%22%2c%20%22rating%22%3a%20%220%22%2c%20%22plot%22%3a%20%22Sports%22%2c%20%22Tag%22%3a%20%22None%22%2c%20%22id%22%3a%20%22%20%22%7d&amp;sf_options=fanart%3Dhttps%3A%2F%2Fi.imgur.com%2Fwulr4GL.jpg%26meta%3Dlabel%253D%25255BCOLORgold%25255DLive%252BEvents%25255B%25252FCOLOR%25255D%26_options_sf&quot;,return)</favourite>
	<favourite name="Live channels" thumb="special://home/addons\plugin.video.PLsportowo\/resources/chan2.png">ActivateWindow(10025,&quot;plugin://plugin.video.PLsportowo/?image=special://home/addons%5cplugin.video.PLsportowo%5c%2fresources%2fchan2.png&amp;mode=liveChannels&amp;title=Live%20channels&amp;url&amp;sf_options=fanart%3Dspecial%3A%2F%2Fhome%2Faddons%5Cplugin.video.PLsportowo%5C%2Fresources%2Ffanart.jpg%26desc%3DLive+channels%26meta%3Dvotes%253D0%2526plot%253DLive%252Bchannels%2526title%253DLive%252Bchannels%2526label%253DLive%252Bchannels%26_options_sf&quot;,return)</favourite>
</favourites>