<favourites>
	<favourite name="[B][COLOR white]ΕΡΤ[/COLOR][/B]" thumb="special://home/addons\plugin.video.ert.gr\resources\media\documentary.png">ActivateWindow(10025,&quot;plugin://plugin.video.ert.gr/?action=episodes&amp;title=%ce%9d%cf%84%ce%bf%ce%ba%ce%b9%ce%bc%ce%b1%ce%bd%cf%84%ce%ad%cf%81&amp;url=https%3a%2f%2fwebtv.ert.gr%2ftag%2fntokimanter%2f&amp;sf_options=fanart%3Dspecial%3A%2F%2Fhome%2Faddons%5Cplugin.video.ert.gr%5Cfanart.jpg%26meta%3Dvotes%253D0%2526label%253D%2525CE%25259D%2525CF%252584%2525CE%2525BF%2525CE%2525BA%2525CE%2525B9%2525CE%2525BC%2525CE%2525B1%2525CE%2525BD%2525CF%252584%2525CE%2525AD%2525CF%252581%2526title%253D%2525CE%25259D%2525CF%252584%2525CE%2525BF%2525CE%2525BA%2525CE%2525B9%2525CE%2525BC%2525CE%2525B1%2525CE%2525BD%2525CF%252584%2525CE%2525AD%2525CF%252581%26_options_sf&quot;,return)</favourite>
	<favourite name="[B][COLOR white]Hermes[/COLOR][/B]" thumb="special://home/addons\plugin.video.live.streamspro\icon.png">ActivateWindow(Videos,&quot;plugin://plugin.program.super.favourites/?label=Hermes+Documentary&amp;mode=400&amp;path=special%3A%2F%2Fhome%2Faddons%2Fplugin.program.super.favourites%2Ffolders%5CSuper+Favourites%5CHermes+Documentary&amp;image=special%3A%2F%2Fhome%2Faddons%5Cicon+TechNEWSology%2Fhermes.png&amp;fanart=special://home/addons%5Cplugin.program.super.favourites%5Cfanart.jpg&amp;content_type=&quot;,return)</favourite>
	<favourite name="[B][COLOR white]AliveGR[/COLOR][/B]" thumb="special://home/addons\resource.images.alivegr.artwork\resources\alivegr\documentaries+alivegr.png">ActivateWindow(10025,&quot;plugin://plugin.video.AliveGR/?action=listing&amp;title=%ce%9d%cf%84%ce%bf%ce%ba%cf%85%ce%bc%ce%b1%ce%bd%cf%84%ce%ad%cf%81&amp;url=http%3a%2f%2fgreek-movies.com%2fmovies.php%3fg%3d6%26y%3d%26l%3d%26p%3d&amp;sf_options=fanart%3Dspecial%3A%2F%2Fhome%2Faddons%5Cplugin.video.AliveGR%5Cfanart.jpg%26meta%3Dvotes%253D0%2526label%253D%2525CE%25259D%2525CF%252584%2525CE%2525BF%2525CE%2525BA%2525CF%252585%2525CE%2525BC%2525CE%2525B1%2525CE%2525BD%2525CF%252584%2525CE%2525AD%2525CF%252581%2526title%253D%2525CE%25259D%2525CF%252584%2525CE%2525BF%2525CE%2525BA%2525CF%252585%2525CE%2525BC%2525CE%2525B1%2525CE%2525BD%2525CF%252584%2525CE%2525AD%2525CF%252581%26_options_sf&quot;,return)</favourite>
	<favourite name="[B][COLOR white]Atlas[/COLOR][/B]" thumb="http://i.imgur.com/jTaJF0B.png">ActivateWindow(10025,&quot;plugin://plugin.video.atlas/?description=%ce%9d%cf%84%ce%bf%ce%ba%ce%b9%ce%bc%ce%bd%cf%84%ce%ad%cf%81%20%ce%bc%ce%b5%cf%84%ce%b1%ce%b3%ce%bb%cf%89%cf%84%ce%b9%cf%83%ce%bc%ce%ad%ce%bd%ce%b1%20%26%20%ce%bc%ce%b5%20%cf%85%cf%80%cf%8c%cf%84%ce%b9%cf%84%ce%bb%ce%bf%cf%85%cf%82.%0aDocumenter%20dubbed%20%26%20subtitled.&amp;iconimage=http%3a%2f%2fi.imgur.com%2fjTaJF0B.png&amp;mode=76&amp;name=%5bB%5d%5bCOLOR%20white%5d%ce%9d%cf%84%ce%bf%ce%ba%ce%b9%ce%bc%ce%b1%ce%bd%cf%84%ce%ad%cf%81%5b%2fCOLOR%5d%5b%2fB%5d&amp;url&amp;sf_options=fanart%3Dspecial%3A%2F%2Fhome%2Faddons%5Cplugin.video.atlas%5Cresources%5Cart%5Carrt.jpg%26meta%3Dplot%253D%2525CE%25259D%2525CF%252584%2525CE%2525BF%2525CE%2525BA%2525CE%2525B9%2525CE%2525BC%2525CE%2525BD%2525CF%252584%2525CE%2525AD%2525CF%252581%252B%2525CE%2525BC%2525CE%2525B5%2525CF%252584%2525CE%2525B1%2525CE%2525B3%2525CE%2525BB%2525CF%252589%2525CF%252584%2525CE%2525B9%2525CF%252583%2525CE%2525BC%2525CE%2525AD%2525CE%2525BD%2525CE%2525B1%252B%252526%252B%2525CE%2525BC%2525CE%2525B5%252B%2525CF%252585%2525CF%252580%2525CF%25258C%2525CF%252584%2525CE%2525B9%2525CF%252584%2525CE%2525BB%2525CE%2525BF%2525CF%252585%2525CF%252582.%25255CnDocumenter%252Bdubbed%252B%252526%252Bsubtitled.%2526votes%253D0%2526label%253D%25255BB%25255D%25255BCOLOR%252Bwhite%25255D%2525CE%25259D%2525CF%252584%2525CE%2525BF%2525CE%2525BA%2525CE%2525B9%2525CE%2525BC%2525CE%2525B1%2525CE%2525BD%2525CF%252584%2525CE%2525AD%2525CF%252581%25255B%25252FCOLOR%25255D%25255B%25252FB%25255D%2526title%253D%25255BB%25255D%25255BCOLOR%252Bwhite%25255D%2525CE%25259D%2525CF%252584%2525CE%2525BF%2525CE%2525BA%2525CE%2525B9%2525CE%2525BC%2525CE%2525B1%2525CE%2525BD%2525CF%252584%2525CE%2525AD%2525CF%252581%25255B%25252FCOLOR%25255D%25255B%25252FB%25255D%26desc%3D%CE%9D%CF%84%CE%BF%CE%BA%CE%B9%CE%BC%CE%BD%CF%84%CE%AD%CF%81+%CE%BC%CE%B5%CF%84%CE%B1%CE%B3%CE%BB%CF%89%CF%84%CE%B9%CF%83%CE%BC%CE%AD%CE%BD%CE%B1+%26_options_sf&quot;,return)</favourite>
</favourites>