<favourites>
	<favourite name="[COLOR orange]Πατήστε πρώτα εδώ ...[/COLOR]" thumb="https://tindrumasiankitchen.com/wp-content/uploads/2017/08/click-here-black.png">RunScript(special://home/addons/plugin.program.super.favourites/folders/PY/NotifyC.py)</favourite>
	<favourite name="[B][COLORwhite]Τηλ.Σειρές Chappaai[/COLOR][/B]" thumb="special://home/addons\plugin.video.chappaai\icon.png">ActivateWindow(10025,&quot;plugin://plugin.video.chappaai/tv/tmdb/most_popular/1/?sf_options=fanart%3Ddefault.png%26meta%3Dlabel%253D%2525CE%252594%2525CE%2525B7%2525CE%2525BC%2525CE%2525BF%2525CF%252586%2525CE%2525B9%2525CE%2525BB%2525CE%2525AE%252B%26_options_sf&quot;,return)</favourite>
	<favourite name="[B][COLOR white]Τηλ.Σειρές Atlas [/COLOR][/B][COLOR orange](Απαραίτητη αλλαγή DNS)[/COLOR]" thumb="http://i.imgur.com/ypLPk5x.png">ActivateWindow(10025,&quot;plugin://plugin.video.atlas/?description=%ce%9e%ce%ad%ce%bd%ce%b5%cf%82%20%cf%83%ce%b5%ce%af%cf%81%ce%b5%cf%82%20%ce%bc%ce%b5%20%cf%85%cf%80%cf%8c%cf%84%ce%b9%cf%84%ce%bb%ce%bf%cf%85%cf%82.%0aSeries%20with%20greek%20subtitles.&amp;iconimage=http%3a%2f%2fi.imgur.com%2fypLPk5x.png&amp;mode=800&amp;name=%5bB%5d%5bCOLOR%20white%5d%ce%9e%ce%ad%ce%bd%ce%b5%cf%82%20%ce%a3%ce%b5%ce%b9%cf%81%ce%ad%cf%82%5b%2fCOLOR%5d%5b%2fB%5d&amp;url=https%3a%2f%2ftainies4konline.xyz%2ftvshows%2f&amp;sf_options=fanart%3Dspecial%3A%2F%2Fhome%2Faddons%5Cplugin.video.atlas%5Cresources%5Cart%5Carrt.jpg%26meta%3Dplot%253D%2525CE%25259E%2525CE%2525AD%2525CE%2525BD%2525CE%2525B5%2525CF%252582%252B%2525CF%252583%2525CE%2525B5%2525CE%2525AF%2525CF%252581%2525CE%2525B5%2525CF%252582%252B%2525CE%2525BC%2525CE%2525B5%252B%2525CF%252585%2525CF%252580%2525CF%25258C%2525CF%252584%2525CE%2525B9%2525CF%252584%2525CE%2525BB%2525CE%2525BF%2525CF%252585%2525CF%252582.%25255CnSeries%252Bwith%252Bgreek%252Bsubtitles.%2526votes%253D0%2526label%253D%25255BB%25255D%25255BCOLOR%252Bwhite%25255D%2525CE%25259E%2525CE%2525AD%2525CE%2525BD%2525CE%2525B5%2525CF%252582%252B%2525CE%2525A3%2525CE%2525B5%2525CE%2525B9%2525CF%252581%2525CE%2525AD%2525CF%252582%25255B%25252FCOLOR%25255D%25255B%25252FB%25255D%2526title%253D%25255BB%25255D%25255BCOLOR%252Bwhite%25255D%2525CE%25259E%2525CE%2525AD%2525CE%2525BD%2525CE%2525B5%2525CF%252582%252B%2525CE%2525A3%2525CE%2525B5%2525CE%2525B9%2525CF%252581%2525CE%2525AD%2525CF%252582%25255B%25252FCOLOR%25255D%25255B%25252FB%25255D%26desc%3D%CE%9E%CE%AD%CE%BD%CE%B5%CF%82+%CF%83%CE%B5%CE%AF%CF%81%CE%B5%CF%82+%CE%BC%CE%B5+%CF%85%CF%80%CF%8C%CF%84%CE%B9%CF%84%CE%BB%CE%BF%CF%85%CF%82.%0ASeries+with+greek+subtitles.%26_options_sf&quot;,return)</favourite>
	<favourite name="[B][COLORwhite]Τηλ.Σειρές Placenta[/COLOR][/B]" thumb="special://home/addons\plugin.video.placenta\icon.png">ActivateWindow(10025,&quot;plugin://plugin.video.placenta/?action=tvshows&amp;url=popular&amp;sf_options=fanart%3Dspecial%3A%2F%2Fhome%2Faddons%5Cscript.placenta.artwork%5Cresources%5Cmedia%5Cdark+elogance%5Cfanart.jpg%26meta%3Dlabel%253D%2525CE%2525A0%2525CE%2525B9%2525CE%2525BF%252B%2525CE%2525B4%2525CE%2525B7%2525CE%2525BC%2525CE%2525BF%2525CF%252586%2525CE%2525B9%2525CE%2525BB%2525CE%2525AE%26_options_sf&quot;,return)</favourite>
	<favourite name="[B][COLORwhite]Τηλ.Σειρές All 1 Click[/COLOR][/B]" thumb="special://home/addons\script.placenta.artwork\resources\media\dark elogance\1click.png">ActivateWindow(10025,&quot;plugin://plugin.program.super.favourites/?label=1ClickSeries&amp;mode=400&amp;path=special%3A%2F%2Fhome%2Faddons%2Fplugin.program.super.favourites%2Ffolders%5CSuper+Favourites%5C1ClickSeries&amp;image=special%3A%2F%2Fhome%2Faddons%5Cscript.placenta.artwork%5Cresources%5Cmedia%5Cdark+elogance%5C1click.png&amp;fanart=special%3A%2F%2Fhome%2Faddons%5Cscript.placenta.artwork%5Cresources%5Cmedia%5Cdark+elogance%5Cfanart.jpg&amp;content_type=&quot;,return)</favourite>
	<favourite name="[B][COLORwhite]Τηλ.Σειρές Destiny[/COLOR][/B]" thumb="special://home/addons\plugin.video.destiny\icon.png">ActivateWindow(10025,&quot;plugin://plugin.video.destiny/?data=%20&amp;dates=%20&amp;description=Tv%20Shows&amp;eng_name=%20&amp;episode=%20&amp;fanart=https%3a%2f%2fi.imgur.com%2fa174Ipu.jpg&amp;fav_status=false&amp;heb_name=%20&amp;iconimage=C%3a%5cUsers%5ci5%5cAppData%5cRoaming%5cKodi%5caddons%5cplugin.video.destiny%5cresources%5clogos%2ftvshow.png&amp;id=%20&amp;isr=0&amp;mode2=14&amp;name=TV%20Shows&amp;original_title=%20&amp;season=%20&amp;show_original_year=%20&amp;tmdbid=%20&amp;url=www&amp;sf_options=fanart%3Dhttps%3A%2F%2Fi.imgur.com%2Fa174Ipu.jpg%26meta%3Dplot%253DTv%252BShows%2526votes%253D0%2526label%253DTV%252BShows%26desc%3DTv+Shows%26_options_sf&quot;,return)</favourite>
	<favourite name="[B][COLORwhite]Πρόσθετα [COLORorange](non-installed)[/COLOR][/B]" thumb="special://home/addons\plugin.video.destiny\resources\logos/jen.png">ActivateWindow(10025,&quot;plugin://plugin.video.destiny/?data=%20&amp;dates=%20&amp;description=%5bB%5d%5bCOLOR%3dorange%5dPlacenta%5b%2fCOLOR%5d%5b%2fB%5d&amp;eng_name=%20&amp;episode=%20&amp;fanart=special%3a%2f%2fhome%2faddons%5cplugin.video.placenta%5cfanart.jpg&amp;fav_status=false&amp;heb_name=%20&amp;iconimage=special%3a%2f%2fhome%2faddons%5cplugin.video.placenta%5cicon.png&amp;id=%20&amp;isr=0&amp;mode2=43&amp;name=%5bB%5d%5bCOLOR%3dorange%5dPlacenta%5b%2fCOLOR%5d%5b%2fB%5d&amp;original_title=%20&amp;season=%20&amp;show_original_year=%20&amp;tmdbid=%20&amp;url=1&amp;sf_options=fanart%3Dspecial%3A%2F%2Fhome%2Faddons%5Cplugin.video.placenta%5Cfanart.jpg%26meta%3Dplot%253D%25255BB%25255D%25255BCOLOR%25253Dorange%25255DPlacenta%25255B%25252FCOLOR%25255D%25255B%25252FB%25255D%2526votes%253D0%2526label%253D%25255BB%25255D%25255BCOLOR%25253Dorange%25255DPlacenta%25255B%25252FCOLOR%25255D%25255B%25252FB%25255D%26desc%3D%5BB%5D%5BCOLOR%26_options_sf&quot;,return)</favourite>
	<favourite name="[B][COLORwhite]Seren[/COLOR][/B]" thumb="https://ps-attachments.s3.amazonaws.com/8eab1379-df35-4517-98ea-3e2f164ae974/gHtm4eHtYxHApC4Z-JRMlA.png">ActivateWindow(10025,&quot;plugin://plugin.video.seren/?action=showsHome&amp;sf_options=meta%3Dlabel%253DDiscover%252BTV%252BShows%26_options_sf&quot;,return)</favourite>
	<favourite name="[B][COLORwhite]Shadow[/COLOR][/B]" thumb="https://image.freepik.com/free-vector/shadow-ninja_9778-190.jpg">ActivateWindow(10025,&quot;plugin://plugin.video.shadow/?sf_options=fanart%3Dspecial%3A%2F%2Fhome%2Faddons%5Cplugin.video.shadow%5Cfanart.jpg%26meta%3Dlabel%253DShadow%26desc%3DAll+the+media+as+fast+as+possiable%26_options_sf&quot;,return)</favourite>
	<favourite name="[B][COLOR white]ClickSville[/COLOR][/B]" thumb="https://i.imgur.com/X8FYkly.png">ActivateWindow(10025,&quot;plugin://plugin.video.destiny/?description=No%20information%20available&amp;fanart=special://home/addons%5cplugin.video.destiny%5cfanart.jpg&amp;iconimage=https%3a%2f%2fi.imgur.com%2fX8FYkly.png&amp;mode=get_list&amp;name=%5bB%5d%5bCOLOR%20white%5dClickSville%5b%2fCOLOR%5d%5b%2fB%5d&amp;url=http%3a%2f%2fpedrokingdom.com%2fmainxml%2fmain.xml&amp;sf_options=fanart%3Dspecial%3A%2F%2Fhome%2Faddons%5Cplugin.video.destiny%5Cfanart.jpg%26meta%3Dplot%253DNo%252Binformation%252Bavailable%2526votes%253D0%2526label%253D%25255BB%25255D%25255BCOLOR%252Bwhite%25255DClickSville%25255B%25252FCOLOR%25255D%25255B%25252FB%25255D%2526title%253D%25255BB%25255D%25255BCOLOR%252Bwhite%25255DClickSville%25255B%25252FCOLOR%25255D%25255B%25252FB%25255D%26desc%3DNo+information+available%26_options_sf&quot;,return)</favourite>
	<favourite name="[B][COLORwhite]PunkFlix [COLORlime](free)[/COLOR][/B]" thumb="http://myatom.one/Ghost-Addon/ghostxmls/xmls1/fanart/punk.jpg">PlayMedia(&quot;plugin://plugin.video.destiny/?mode=get_sources&amp;url=%3Cplugin%3E%0A%3Ctitle%3E%5BCOLORwhite%5DTV+SHOWS%5B%2FCOLOR%5D%3C%2Ftitle%3E%0A%3Clink%3Ehttp%3A%2F%2Fanilist1.ir%2FSeries%2F%3C%2Flink%3E%0A%3Cthumbnail%3Ehttp%3A%2F%2Fmyatom.one%2FGhost-Addon%2Fghostxmls%2Fxmls1%2Ffanart%2Fpunk.jpg%3C%2Fthumbnail%3E%0A%3Cfanart%3Ehttp%3A%2F%2Fmyatom.one%2FGhost-Addon%2Fghostxmls%2Fxmls1%2Ffanart%2Ffanart.jpg%3C%2Ffanart%3E%0A%3C%2Fplugin%3E&amp;name=%5BCOLORwhite%5DTV+SHOWS%5B%2FCOLOR%5D&amp;iconimage=http%3A%2F%2Fmyatom.one%2FGhost-Addon%2Fghostxmls%2Fxmls1%2Ffanart%2Fpunk.jpg&amp;fanart=http%3A%2F%2Fmyatom.one%2FGhost-Addon%2Fghostxmls%2Fxmls1%2Ffanart%2Ffanart.jpg&amp;description=No+information+available&amp;sf_options=fanart%3Dhttp%3A%2F%2Fmyatom.one%2FGhost-Addon%2Fghostxmls%2Fxmls1%2Ffanart%2Ffanart.jpg%26meta%3Dplot%253DNo%252Binformation%252Bavailable%2526votes%253D0%2526label%253D%25255BCOLORwhite%25255DTV%252BSHOWS%25255B%25252FCOLOR%25255D%2526title%253D%25255BCOLORwhite%25255DTV%252BSHOWS%25255B%25252FCOLOR%25255D%26winID%3D10025%26desc%3DNo+information+available%26_options_sf&quot;)</favourite>
	<favourite name="[B][COLORwhite]PunkFlix[/COLOR][/B]" thumb="http://myatom.one/Ghost-Addon/ghostxmls/xmls1/fanart/punk.jpg">ActivateWindow(10025,&quot;plugin://plugin.video.destiny/?description=No%20information%20available&amp;fanart=special://home/addons%5cplugin.video.destiny%5cfanart.jpg&amp;iconimage=http%3a%2f%2fmyatom.one%2fGhost-Addon%2fghostxmls%2fxmls1%2ffanart%2fpunk.jpg&amp;mode=get_list&amp;name=%5bCOLORwhite%5dPunkFlix%5b%2fCOLOR%5d&amp;url=http%3a%2f%2fmyatom.one%2fGhost-Addon%2fghostxmls%2fxmls1%2fpunkflix.xml&amp;sf_options=fanart%3Dspecial%3A%2F%2Fhome%2Faddons%5Cplugin.video.destiny%5Cfanart.jpg%26meta%3Dplot%253DNo%252Binformation%252Bavailable%2526votes%253D0%2526label%253D%25255BCOLORwhite%25255DPunkFlix%25255B%25252FCOLOR%25255D%2526title%253D%25255BCOLORwhite%25255DPunkFlix%25255B%25252FCOLOR%25255D%26desc%3DNo+information+available%26_options_sf&quot;,return)</favourite>
	<favourite name="[B][COLORwhite]Twisted[/COLOR][/B]" thumb="http://twistedbuilds.xyz/XML/Icons/Main/TVshows.png">ActivateWindow(10025,&quot;plugin://plugin.video.destiny/?description=No%20information%20available&amp;fanart=http%3a%2f%2ftwistedbuilds.xyz%2fXML%2fIcons%2ffanart.jpg&amp;iconimage=http%3a%2f%2ftwistedbuilds.xyz%2fXML%2fIcons%2fMain%2fTVshows.png&amp;mode=get_list&amp;name=TV%20Shows&amp;url=http%3a%2f%2ftwistedbuilds.xyz%2fXML%2fTV%20Shows%2fTVshows.xml&amp;sf_options=fanart%3Dhttp%3A%2F%2Ftwistedbuilds.xyz%2FXML%2FIcons%2Ffanart.jpg%26meta%3Dplot%253DNo%252Binformation%252Bavailable%2526votes%253D0%2526label%253DTV%252BShows%2526title%253DTV%252BShows%26desc%3DNo+information+available%26_options_sf&quot;,return)</favourite>
	<favourite name="[B][COLORwhite]Wraith[/COLOR][/B]" thumb="special://home/addons\script.extendedinfo\icon.png">ActivateWindow(10025,&quot;plugin://script.extendedinfo/?info=alltvshows&amp;sf_options=fanart%3Dspecial%3A%2F%2Fhome%2Faddons%2Fscript.extendedinfo%2Fresources%2Fskins%2FDefault%2Fmedia%2Ftm-fanart.jpg%26meta%3Dlabel%253DAll%252BTV-Shows%252B%25255BI%25255D%252528TheMovieDB%252529%25255B%25252FI%25255D%26_options_sf&quot;,return)</favourite>
	<favourite name="[B][COLORwhite]Chappaai[/COLOR][/B]" thumb="special://home/addons\plugin.video.chappaai\icon.png">ActivateWindow(10025,&quot;plugin://plugin.video.chappaai/tv?sf_options=fanart%3Dhttp%3A%2F%2Fmrblamo.xyz%2Fchappaai%2Fbackgrounds%2Fdefault.png%26meta%3Dlabel%253D%2525CE%2525A4%2525CE%2525B7%2525CE%2525BB.%252B%2525CE%2525A3%2525CE%2525B5%2525CE%2525B9%2525CF%252581%2525CE%2525AD%2525CF%252582%26_options_sf&quot;,return)</favourite>
	<favourite name="[B][COLORwhite]Placenta[/COLOR][/B]" thumb="special://home/addons\plugin.video.placenta\icon.png">ActivateWindow(10025,&quot;plugin://plugin.video.placenta/?action=tvNavigator&amp;sf_options=fanart%3Dspecial%3A%2F%2Fhome%2Faddons%5Cscript.placenta.artwork%5Cresources%5Cmedia%5Cplacenta%5Cfanart.jpg%26meta%3Dlabel%253D%2525CE%2525A3%2525CE%2525B5%2525CE%2525B9%2525CF%252581%2525CE%2525AD%2525CF%252582%26_options_sf&quot;,return)</favourite>
	<favourite name="[B][COLORwhite]Tempest[/COLOR][/B]" thumb="special://home/addons\plugin.video.tempest\icon.png">ActivateWindow(10025,&quot;plugin://plugin.video.tempest/?action=tvNavigator&amp;sf_options=fanart%3Dspecial%3A%2F%2Fhome%2Faddons%5Cscript.tempest.artwork%5Cresources%5Cmedia%5Ctempest%5Cfanart.jpg%26meta%3Dlabel%253DTV%252BShows%26_options_sf&quot;,return)</favourite>
	<favourite name="[B][COLORwhite]Deathstar[/COLOR][/B]" thumb="http://mercuryme.org/images/eim%20icon.png">ActivateWindow(10025,&quot;plugin://plugin.video.destiny/?data=%20&amp;dates=%20&amp;description=%5bB%5d%5bCOLOR%3dorange%5dDeathstar%5b%2fCOLOR%5d%5b%2fB%5d&amp;eng_name=%20&amp;episode=%20&amp;fanart=http%3a%2f%2fmercuryme.org%2fimages%2ffanart.jpg&amp;fav_status=false&amp;heb_name=%20&amp;iconimage=http%3a%2f%2fmercuryme.org%2fimages%2feim%2520icon.png&amp;id=%20&amp;isr=0&amp;mode2=43&amp;name=%5bB%5d%5bCOLOR%3dorange%5dDeathstar%5b%2fCOLOR%5d%5b%2fB%5d&amp;original_title=%20&amp;season=%20&amp;show_original_year=%20&amp;tmdbid=%20&amp;url=2&amp;sf_options=fanart%3Dhttp%3A%2F%2Fmercuryme.org%2Fimages%2Ffanart.jpg%26meta%3Dplot%253D%25255BB%25255D%25255BCOLOR%25253Dorange%25255DDeathstar%25255B%25252FCOLOR%25255D%25255B%25252FB%25255D%2526votes%253D0%2526label%253D%25255BB%25255D%25255BCOLOR%25253Dorange%25255DDeathstar%25255B%25252FCOLOR%25255D%25255B%25252FB%25255D%26desc%3D%5BB%5D%5BCOLOR%26_options_sf&quot;,return)</favourite>
	<favourite name="[B][COLORwhite]Series List[/COLOR][/B]" thumb="special://home/addons\plugin.image.TechNEWSology/resources/media\HDS.png">ActivateWindow(Videos,&quot;multipath://https%3a%2f%2fvod.fantasticiptv.tk%2fseries%2f/http%3a%2f%2fdl.upload8.net%2fSerial%2f/http%3a%2f%2fdl8.heyserver.in%2fserial%2f/http%3a%2f%2fdl.galaxymovie.biz%2fSerial%2f/http%3a%2f%2fdl2.funsaber.net%2fserial%2f/&quot;,return)</favourite>
	<favourite name="[B][COLOR white]Wolf Pack[/COLOR][/B]" thumb="special://home/addons\plugin.video.wolfpack\icon.png">ActivateWindow(10025,&quot;plugin://plugin.video.wolfpack/?sf_options=fanart%3Dspecial%3A%2F%2Fhome%2Faddons%5Cplugin.video.wolfpack%5Cfanart.jpg%26meta%3Dlabel%253DWolf%252BPack%26desc%3DAll+In+One%26_options_sf&quot;,return)</favourite>
	<favourite name="[B][COLORwhite]Magic Dragon[/COLOR][/B]" thumb="https://iwf1.com/scrapekod/icons/plugin.video.themagicdragon.jpg">ActivateWindow(10025,&quot;plugin://plugin.video.themagicdragon/?fanart=https%3a%2f%2fgithub.com%2ftombebbs1%2fmagicdragon%2fblob%2fmaster%2ffanart.jpg%3fraw%3dtrue&amp;mode=1&amp;name=%5bB%5d%5bI%5d%5bCOLORwhite%5dTV%2fEntertainment%5b%2fB%5d%5b%2fI%5d%5b%2fCOLOR%5d&amp;url=https%3a%2f%2fraw.githubusercontent.com%2ftombebbs1%2fmagicdragon%2fmaster%2ftventertainment.txt&amp;sf_options=fanart%3Dhttps%3A%2F%2Fgithub.com%2Ftombebbs1%2Fmagicdragon%2Fblob%2Fmaster%2Ffanart.jpg%3Fraw%26meta%3Dplot%253DHundreds%252BOf%252BDocumentarys%252BTo%252BChoose%252BFrom%2526votes%253D0%2526label%253D%25255BB%25255D%25255BI%25255D%25255BCOLORwhite%25255DTV%25252FEntertainment%25255B%25252FB%25255D%25255B%25252FI%25255D%25255B%25252FCOLOR%25255D%2526title%253D%25255BB%25255D%25255BI%25255D%25255BCOLORwhite%25255DTV%25252FEntertainment%25255B%25252FB%25255D%25255B%25252FI%25255D%25255B%25252FCOLOR%25255D%26desc%3DHundreds+Of+Documentarys+To+Choose+From%26_options_sf&quot;,return)</favourite>
	<favourite name="[B][COLORwhite]Asgard[/COLOR][/B]" thumb="special://home/addons\plugin.video.destiny\icon.png">ActivateWindow(10025,&quot;plugin://plugin.video.destiny/?description=No%20information%20available&amp;fanart=special://home/addons%5cplugin.video.destiny%5cfanart.jpg&amp;iconimage=special://home/addons%5cplugin.video.destiny%5cicon.png&amp;mode=get_list&amp;name=TV%20Shows&amp;url=https%3a%2f%2fnarcacist.com%2fAddon%2ftext%2ftv.xml&amp;sf_options=fanart%3Dspecial%3A%2F%2Fhome%2Faddons%5Cplugin.video.destiny%5Cfanart.jpg%26meta%3Dplot%253DNo%252Binformation%252Bavailable%2526votes%253D0%2526label%253DTV%252BShows%2526title%253DTV%252BShows%26desc%3DNo+information+available%26_options_sf&quot;,return)</favourite>
	<favourite name="[B][COLORwhite]Neptune Rising[/COLOR][/B]" thumb="https://thewebsitez.com/snuuz/wp-content/uploads/2018/01/neptune.png">ActivateWindow(10025,&quot;plugin://plugin.video.neptune/?action=tvNavigator&amp;sf_options=fanart%3Dspecial%3A%2F%2Fhome%2Faddons%5Cscript.neptune.artwork%5Cresources%5Cmedia%5Cneptune%5Cfanart.jpg%26meta%3Dlabel%253DTV%252BShows%26_options_sf&quot;,return)</favourite>
	<favourite name="[B][COLORwhite]vStream[/COLOR][/B]" thumb="special://home/addons/plugin.video.vstream/resources/art/series.png">ActivateWindow(10025,&quot;plugin://plugin.video.vstream/?function=showSeries&amp;sFav=showSeries&amp;site=cHome&amp;siteUrl=http%3a%2f%2fvenom&amp;title=Tvshow&amp;sf_options=fanart%3Dspecial%3A%2F%2Fhome%2Faddons%2Fplugin.video.vstream%2Ffanart.jpg%26meta%3Dvotes%253D0%2526label%253DTvshow%2526title%253DTvshow%26_options_sf&quot;,return)</favourite>
	<favourite name="[B][COLORwhite]Release BB[/COLOR][/B]" thumb="special://home/addons\plugin.video.releaseBB\icon.png">ActivateWindow(10025,&quot;plugin://plugin.video.releaseBB/?mode=Categories&amp;section=tv-shows&amp;sf_options=fanart%3Dspecial%3A%2F%2Fhome%2Faddons%5Cplugin.video.releaseBB%5Cfanart.jpg%26meta%3Dvotes%253D0%2526label%253D%25255BCOLOR%252Borange%25255D%25255BB%25255DRelease%252BBB%252B%25255BCOLOR%252Bblue%25255DTv%252BShows%252B%25255B%25252FCOLOR%25255D%25255B%25252FB%25255D%2526title%253D%25255BCOLOR%252Borange%25255D%25255BB%25255DRelease%252BBB%252B%25255BCOLOR%252Bblue%25255DTv%252BShows%252B%25255B%25252FCOLOR%25255D%25255B%25252FB%25255D%26_options_sf&quot;,return)</favourite>
	<favourite name="[B][COLORwhite]Gaia[/COLOR][/B]" thumb="https://troypoint.com/wp-content/uploads/2018/04/gaia-kodi.png">ActivateWindow(10025,&quot;plugin://plugin.video.gaia/?action=tvNavigator&amp;kids=0&amp;type=show&amp;sf_options=fanart%3Dspecial%3A%2F%2Fhome%2Faddons%5Cscript.gaia.resources%5Cresources%5Cmedia%5Cskins%5Cgaia1%5Cbackground.jpg%26meta%3Dlabel%253DShows%26_options_sf&quot;,return)</favourite>
	<favourite name="[B][COLOR white]Mercury[/COLOR][/B]" thumb="https://i.imgur.com/ewZqfXr.png">ActivateWindow(10025,&quot;plugin://plugin.video.destiny/?description=No%20information%20available&amp;fanart=special://home/addons%5cplugin.video.destiny%5cfanart.jpg&amp;iconimage=https%3a%2f%2fi.imgur.com%2fewZqfXr.png&amp;mode=get_list&amp;name=%5bB%5d%5bCOLOR%20white%5dMercury%5b%2fCOLOR%5d%5b%2fB%5d&amp;url=https%3a%2f%2fraw.githubusercontent.com%2fFloyd6969%2fDJV%2fmaster%2fMerc.txt&amp;sf_options=fanart%3Dspecial%3A%2F%2Fhome%2Faddons%5Cplugin.video.destiny%5Cfanart.jpg%26meta%3Dplot%253DNo%252Binformation%252Bavailable%2526votes%253D0%2526label%253D%25255BB%25255D%25255BCOLOR%252Bwhite%25255DMercury%25255B%25252FCOLOR%25255D%25255B%25252FB%25255D%2526title%253D%25255BB%25255D%25255BCOLOR%252Bwhite%25255DMercury%25255B%25252FCOLOR%25255D%25255B%25252FB%25255D%26desc%3DNo+information+available%26_options_sf&quot;,return)</favourite>
	<favourite name="[B][COLOR white]Atlas Παλιές Σειρές[/COLOR][/B]" thumb="http://i.imgur.com/Jhjod4P.png">ActivateWindow(10025,&quot;plugin://plugin.video.atlas/?description=%ce%a0%ce%b1%ce%bb%ce%b9%ce%ad%cf%82%20%cf%83%ce%b5%ce%b9%cf%81%ce%ad%cf%82%20%26%20%ce%a0%ce%b1%ce%b9%ce%b4%ce%b9%ce%ba%ce%ac.%0aOld%20series%20%26%20kids.&amp;iconimage=http%3a%2f%2fi.imgur.com%2fJhjod4P.png&amp;mode=72&amp;name=%5bB%5d%5bCOLOR%20white%5d%ce%a0%ce%b1%ce%bb%ce%b9%ce%ad%cf%82%20%ce%a3%ce%b5%ce%b9%cf%81%ce%ad%cf%82%5b%2fCOLOR%5d%5b%2fB%5d%20%5bB%5d%5bCOLOR%20lime%5d(Fix)%5b%2fCOLOR%5d%5b%2fB%5d&amp;url&amp;sf_options=fanart%3Dspecial%3A%2F%2Fhome%2Faddons%5Cplugin.video.atlas%5Cresources%5Cart%5Carrt.jpg%26meta%3Dplot%253D%2525CE%2525A0%2525CE%2525B1%2525CE%2525BB%2525CE%2525B9%2525CE%2525AD%2525CF%252582%252B%2525CF%252583%2525CE%2525B5%2525CE%2525B9%2525CF%252581%2525CE%2525AD%2525CF%252582%252B%252526%252B%2525CE%2525A0%2525CE%2525B1%2525CE%2525B9%2525CE%2525B4%2525CE%2525B9%2525CE%2525BA%2525CE%2525AC.%25255CnOld%252Bseries%252B%252526%252Bkids.%2526votes%253D0%2526label%253D%25255BB%25255D%25255BCOLOR%252Bwhite%25255D%2525CE%2525A0%2525CE%2525B1%2525CE%2525BB%2525CE%2525B9%2525CE%2525AD%2525CF%252582%252B%2525CE%2525A3%2525CE%2525B5%2525CE%2525B9%2525CF%252581%2525CE%2525AD%2525CF%252582%25255B%25252FCOLOR%25255D%25255B%25252FB%25255D%252B%25255BB%25255D%25255BCOLOR%252Blime%25255D%252528Fix%252529%25255B%25252FCOLOR%25255D%25255B%25252FB%25255D%2526title%253D%25255BB%25255D%25255BCOLOR%252Bwhite%25255D%2525CE%2525A0%2525CE%2525B1%2525CE%2525BB%2525CE%2525B9%2525CE%2525AD%2525CF%252582%252B%2525CE%2525A3%2525CE%2525B5%2525CE%2525B9%2525CF%252581%2525CE%2525AD%2525CF%252582%25255B%25252FCOLOR%25255D%25255B%25252FB%25255D%252B%25255BB%25255D%25255BCOLOR%252Blime%25255D%252528Fix%252529%25255B%25252FCOLOR%25255D%25255B%25252FB%25255D%26desc%3D%CE%A0%CE%B1%CE%BB%CE%B9%CE%AD%CF%82+%CF%83%CE%B5%CE%B9%CF%81%CE%AD%CF%82+%26_options_sf&quot;,return)</favourite>
	<favourite name="[B][COLOR white]M.E.T.V[/COLOR][/B]" thumb="http://www.ezzer-mac.com/frank/art/metvicon.png">ActivateWindow(10025,&quot;plugin://plugin.video.placenta/?action=directory&amp;content=addons&amp;url=http%3a%2f%2fwww.ezzer-mac.com%2fAddon%2fmain.xml&amp;sf_options=fanart%3Dspecial%3A%2F%2Fhome%2Faddons%5Cplugin.video.placenta%5Cfanart.jpg%26meta%3Dvotes%253D0%2526label%253D%25255BB%25255D%25255BCOLOR%252Bwhite%25255DM.E.T.V%25255B%25252FCOLOR%25255D%25255B%25252FB%25255D%26_options_sf&quot;,return)</favourite>
	<favourite name="[B][COLOR white]The Mad Titan[/COLOR][/B]" thumb="https://magnetic.website/Mad%20Titan/mad%20titan%20icons/mad%20titan%20icons.png">ActivateWindow(10025,&quot;plugin://plugin.video.placenta/?action=directory&amp;content=addons&amp;url=http%3a%2f%2fmagnetic.website%2fMad%2520Titan%2fmain.xml&amp;sf_options=fanart%3Dspecial%3A%2F%2Fhome%2Faddons%5Cplugin.video.placenta%5Cfanart.jpg%26meta%3Dvotes%253D0%2526label%253D%25255BB%25255D%25255BCOLOR%252Bwhite%25255DThe%252BMad%252BTitan%25255B%25252FCOLOR%25255D%25255B%25252FB%25255D%26_options_sf&quot;,return)</favourite>
	<favourite name="[B][COLOR white]Chains Of Absolution[/COLOR][/B]" thumb="https://i.imgur.com/Sob27dS.png">ActivateWindow(10025,&quot;plugin://plugin.video.placenta/?action=directory&amp;content=addons&amp;url=https%3a%2f%2fpastebin.com%2fraw%2fihD7EuNU&amp;sf_options=fanart%3Dspecial%3A%2F%2Fhome%2Faddons%5Cplugin.video.placenta%5Cfanart.jpg%26meta%3Dvotes%253D0%2526label%253D%25255BB%25255D%25255BCOLOR%252Bwhite%25255DChains%252BOf%252BAbsolution%25255B%25252FCOLOR%25255D%25255B%25252FB%25255D%26_options_sf&quot;,return)</favourite>
	<favourite name="[B][COLOR white]Athena[/COLOR][/B]" thumb="http://www.ezzer-mac.com/Ezzerman/Nel/icons/athena123.png">ActivateWindow(10025,&quot;plugin://plugin.video.placenta/?action=directory&amp;content=addons&amp;url=http%3a%2f%2fwww.ezzer-mac.com%2fEzzerman%2fNel%2fnymeria1%2fmain.xml&amp;sf_options=fanart%3Dspecial%3A%2F%2Fhome%2Faddons%5Cplugin.video.placenta%5Cfanart.jpg%26meta%3Dvotes%253D0%2526label%253D%25255BB%25255D%25255BCOLOR%252Bwhite%25255DAthena%25255B%25252FCOLOR%25255D%25255B%25252FB%25255D%26_options_sf&quot;,return)</favourite>
	<favourite name="[B][COLOR white]Luxray Prime[/COLOR][/B]" thumb="https://i.imgur.com/vn52Jsp.png">ActivateWindow(10025,&quot;plugin://plugin.video.placenta/?action=directory&amp;content=addons&amp;url=https%3a%2f%2fpastebin.com%2fraw%2f9R1iA1nh&amp;sf_options=fanart%3Dspecial%3A%2F%2Fhome%2Faddons%5Cplugin.video.placenta%5Cfanart.jpg%26meta%3Dvotes%253D0%2526label%253D%25255BB%25255D%25255BCOLOR%252Bwhite%25255DLuxray%252BPrime%25255B%25252FCOLOR%25255D%25255B%25252FB%25255D%26_options_sf&quot;,return)</favourite>
	<favourite name="[B][COLORwhite]White Devil[/COLOR][/B]" thumb="http://brettusbuilds.com/.WHITE%20DEVIL/mzl_tdczzcbz.png">ActivateWindow(10025,&quot;http://dl.tehmovies.pro/94/series/?sf_options=fanart%3Dspecial%3A%2F%2Fhome%2Faddons%5Cplugin.video.white.devil%5Cfanart.jpg%26meta%3Dlabel%253D%25255BCOLOR%252Bgold%25255DWDS%252BTV%252BSHOWS%25255B%25252FCOLOR%25255D%26_options_sf&quot;,return)</favourite>
	<favourite name="[B][COLORwhite]Alive[/COLOR][/B]" thumb="special://home/addons\resource.images.alivegr.artwork\resources\alivegr\series+alivegr.png">ActivateWindow(10025,&quot;plugin://plugin.video.AliveGR/?action=series&amp;title=%ce%a3%ce%b5%ce%b9%cf%81%ce%ad%cf%82&amp;sf_options=fanart%3Dspecial%3A%2F%2Fhome%2Faddons%5Cplugin.video.AliveGR%5Cfanart.jpg%26meta%3Dvotes%253D0%2526label%253D%2525CE%2525A3%2525CE%2525B5%2525CE%2525B9%2525CF%252581%2525CE%2525AD%2525CF%252582%2526title%253D%2525CE%2525A3%2525CE%2525B5%2525CE%2525B9%2525CF%252581%2525CE%2525AD%2525CF%252582%26_options_sf&quot;,return)</favourite>
	<favourite name="[B][COLORorange]Tech[/COLOR][/B][B][COLORwhite]NEWS[/COLOR][/B][B][COLORorange]ology[/COLOR][/B] [B][COLORorange]Pairing[/COLOR][/B]" thumb="special://home/addons\script.TechNEWSology.Pair\icon.png">RunScript(&quot;script.TechNEWSology.Pair/?sf_options=meta%3Dlabel%253DTechNEWSology%252BPairing%26desc%3DPairing+for+hosts%26_options_sf&quot;)</favourite>
</favourites>