<favourites>
	<favourite name="[B][COLORwhite]Δράση[/COLOR][/B]" thumb="special://home/addons\plugin.video.chappaai\icon.png">ActivateWindow(10025,&quot;plugin://plugin.video.chappaai/movies/genre/28/1?sf_options=fanart%3Dhttp%3A%2F%2Fmrblamo.xyz%2Fchappaai%2Fbackgrounds%2Fdefault.png%26meta%3Dlabel%253D%2525CE%252594%2525CF%252581%2525CE%2525AC%2525CF%252583%2525CE%2525B7%26_options_sf&quot;,return)</favourite>
	<favourite name="[B][COLORwhite]Περιπέτεια[/COLOR][/B]" thumb="special://home/addons\plugin.video.chappaai\icon.png">ActivateWindow(10025,&quot;plugin://plugin.video.chappaai/movies/genre/12/1?sf_options=fanart%3Dhttp%3A%2F%2Fmrblamo.xyz%2Fchappaai%2Fbackgrounds%2Fdefault.png%26meta%3Dlabel%253D%2525CE%2525A0%2525CE%2525B5%2525CF%252581%2525CE%2525B9%2525CF%252580%2525CE%2525AD%2525CF%252584%2525CE%2525B5%2525CE%2525B9%2525CE%2525B1%26_options_sf&quot;,return)</favourite>
	<favourite name="[B][COLORwhite]Αστυνομική[/COLOR][/B]" thumb="special://home/addons\plugin.video.chappaai\icon.png">ActivateWindow(10025,&quot;plugin://plugin.video.chappaai/movies/genre/80/1?sf_options=fanart%3Dhttp%3A%2F%2Fmrblamo.xyz%2Fchappaai%2Fbackgrounds%2Fdefault.png%26meta%3Dlabel%253D%2525CE%252591%2525CF%252583%2525CF%252584%2525CF%252585%2525CE%2525BD%2525CE%2525BF%2525CE%2525BC%2525CE%2525B9%2525CE%2525BA%2525CE%2525AE%26_options_sf&quot;,return)</favourite>
	<favourite name="[B][COLORwhite]Θρίλερ[/COLOR][/B]" thumb="special://home/addons\plugin.video.chappaai\icon.png">ActivateWindow(10025,&quot;plugin://plugin.video.chappaai/movies/genre/53/1?sf_options=fanart%3Dhttp%3A%2F%2Fmrblamo.xyz%2Fchappaai%2Fbackgrounds%2Fdefault.png%26meta%3Dlabel%253D%2525CE%252598%2525CF%252581%2525CE%2525AF%2525CE%2525BB%2525CE%2525B5%2525CF%252581%26_options_sf&quot;,return)</favourite>
	<favourite name="[B][COLORwhite]Τρόμου[/COLOR][/B]" thumb="special://home/addons\plugin.video.chappaai\icon.png">ActivateWindow(10025,&quot;plugin://plugin.video.chappaai/movies/genre/27/1?sf_options=fanart%3Dhttp%3A%2F%2Fmrblamo.xyz%2Fchappaai%2Fbackgrounds%2Fdefault.png%26meta%3Dlabel%253D%2525CE%2525A4%2525CF%252581%2525CF%25258C%2525CE%2525BC%2525CE%2525BF%2525CF%252585%26_options_sf&quot;,return)</favourite>
	<favourite name="[B][COLORwhite]Πολεμική[/COLOR][/B]" thumb="special://home/addons\plugin.video.chappaai\icon.png">ActivateWindow(10025,&quot;plugin://plugin.video.chappaai/movies/genre/10752/1?sf_options=fanart%3Dhttp%3A%2F%2Fmrblamo.xyz%2Fchappaai%2Fbackgrounds%2Fdefault.png%26meta%3Dlabel%253D%2525CE%2525A0%2525CE%2525BF%2525CE%2525BB%2525CE%2525B5%2525CE%2525BC%2525CE%2525B9%2525CE%2525BA%2525CE%2525AE%26_options_sf&quot;,return)</favourite>
	<favourite name="[B][COLORwhite]Western[/COLOR][/B]" thumb="special://home/addons\plugin.video.chappaai\icon.png">ActivateWindow(10025,&quot;plugin://plugin.video.chappaai/movies/genre/37/1?sf_options=fanart%3Dhttp%3A%2F%2Fmrblamo.xyz%2Fchappaai%2Fbackgrounds%2Fdefault.png%26meta%3Dlabel%253DWestern%26_options_sf&quot;,return)</favourite>
	<favourite name="[B][COLORwhite]Ιστορική[/COLOR][/B]" thumb="special://home/addons\plugin.video.chappaai\icon.png">ActivateWindow(10025,&quot;plugin://plugin.video.chappaai/movies/genre/36/1?sf_options=fanart%3Dhttp%3A%2F%2Fmrblamo.xyz%2Fchappaai%2Fbackgrounds%2Fdefault.png%26meta%3Dlabel%253D%2525CE%252599%2525CF%252583%2525CF%252584%2525CE%2525BF%2525CF%252581%2525CE%2525B9%2525CE%2525BA%2525CE%2525AE%26_options_sf&quot;,return)</favourite>
	<favourite name="[B][COLORwhite]Κωμωδία[/COLOR][/B]" thumb="special://home/addons\plugin.video.chappaai\icon.png">ActivateWindow(10025,&quot;plugin://plugin.video.chappaai/movies/genre/35/1?sf_options=fanart%3Dhttp%3A%2F%2Fmrblamo.xyz%2Fchappaai%2Fbackgrounds%2Fdefault.png%26meta%3Dlabel%253D%2525CE%25259A%2525CF%252589%2525CE%2525BC%2525CF%252589%2525CE%2525B4%2525CE%2525AF%2525CE%2525B1%26_options_sf&quot;,return)</favourite>
	<favourite name="[B][COLORwhite]Δράμα[/COLOR][/B]" thumb="special://home/addons\plugin.video.chappaai\icon.png">ActivateWindow(10025,&quot;plugin://plugin.video.chappaai/movies/genre/18/1?sf_options=fanart%3Dhttp%3A%2F%2Fmrblamo.xyz%2Fchappaai%2Fbackgrounds%2Fdefault.png%26meta%3Dlabel%253D%2525CE%252594%2525CF%252581%2525CE%2525AC%2525CF%252583%2525CE%2525B7%26_options_sf&quot;,return)</favourite>
	<favourite name="[B][COLORwhite]Οικογενειακή[/COLOR][/B]" thumb="special://home/addons\plugin.video.chappaai\icon.png">ActivateWindow(10025,&quot;plugin://plugin.video.chappaai/movies/genre/10751/1?sf_options=fanart%3Dhttp%3A%2F%2Fmrblamo.xyz%2Fchappaai%2Fbackgrounds%2Fdefault.png%26meta%3Dlabel%253D%2525CE%25259F%2525CE%2525B9%2525CE%2525BA%2525CE%2525BF%2525CE%2525B3%2525CE%2525B5%2525CE%2525BD%2525CE%2525B5%2525CE%2525B9%2525CE%2525B1%2525CE%2525BA%2525CE%2525AE%26_options_sf&quot;,return)</favourite>
	<favourite name="[B][COLORwhite]Επ. Φαντασίας[/COLOR][/B]" thumb="special://home/addons\plugin.video.chappaai\icon.png">ActivateWindow(10025,&quot;plugin://plugin.video.chappaai/movies/genre/878/1?sf_options=fanart%3Dhttp%3A%2F%2Fmrblamo.xyz%2Fchappaai%2Fbackgrounds%2Fdefault.png%26meta%3Dlabel%253D%2525CE%252595%2525CF%252580.%252B%2525CE%2525A6%2525CE%2525B1%2525CE%2525BD%2525CF%252584%2525CE%2525B1%2525CF%252583%2525CE%2525AF%2525CE%2525B1%2525CF%252582%26_options_sf&quot;,return)</favourite>
	<favourite name="[B][COLORwhite]Κινούμενα Σχέδια[/COLOR][/B]" thumb="special://home/addons\plugin.video.chappaai\icon.png">ActivateWindow(10025,&quot;plugin://plugin.video.chappaai/movies/genre/16/1?sf_options=fanart%3Dhttp%3A%2F%2Fmrblamo.xyz%2Fchappaai%2Fbackgrounds%2Fdefault.png%26meta%3Dlabel%253D%2525CE%25259A%2525CE%2525B9%2525CE%2525BD%2525CE%2525BF%2525CF%25258D%2525CE%2525BC%2525CE%2525B5%2525CE%2525BD%2525CE%2525B1%252B%2525CE%2525A3%2525CF%252587%2525CE%2525AD%2525CE%2525B4%2525CE%2525B9%2525CE%2525B1%26_options_sf&quot;,return)</favourite>
	<favourite name="[B][COLORwhite]Μυστηρίου[/COLOR][/B]" thumb="special://home/addons\plugin.video.chappaai\icon.png">ActivateWindow(10025,&quot;plugin://plugin.video.chappaai/movies/genre/9648/1?sf_options=fanart%3Dhttp%3A%2F%2Fmrblamo.xyz%2Fchappaai%2Fbackgrounds%2Fdefault.png%26meta%3Dlabel%253D%2525CE%25259C%2525CF%252585%2525CF%252583%2525CF%252584%2525CE%2525B7%2525CF%252581%2525CE%2525AF%2525CE%2525BF%2525CF%252585%26_options_sf&quot;,return)</favourite>
	<favourite name="[B][COLORwhite]Ντοκυμαντέρ[/COLOR][/B]" thumb="special://home/addons\plugin.video.chappaai\icon.png">ActivateWindow(10025,&quot;plugin://plugin.video.chappaai/movies/genre/99/1?sf_options=fanart%3Dhttp%3A%2F%2Fmrblamo.xyz%2Fchappaai%2Fbackgrounds%2Fdefault.png%26meta%3Dlabel%253D%2525CE%25259D%2525CF%252584%2525CE%2525BF%2525CE%2525BA%2525CF%252585%2525CE%2525BC%2525CE%2525B1%2525CE%2525BD%2525CF%252584%2525CE%2525AD%2525CF%252581%26_options_sf&quot;,return)</favourite>
	<favourite name="[B][COLORwhite]Ρομαντική[/COLOR][/B]" thumb="special://home/addons\plugin.video.chappaai\icon.png">ActivateWindow(10025,&quot;plugin://plugin.video.chappaai/movies/genre/10749/1?sf_options=fanart%3Dhttp%3A%2F%2Fmrblamo.xyz%2Fchappaai%2Fbackgrounds%2Fdefault.png%26meta%3Dlabel%253D%2525CE%2525A4%2525CF%252581%2525CF%25258C%2525CE%2525BC%2525CE%2525BF%2525CF%252585%26_options_sf&quot;,return)</favourite>
	<favourite name="[B][COLORwhite]Φαντασίας[/COLOR][/B]" thumb="special://home/addons\plugin.video.chappaai\icon.png">ActivateWindow(10025,&quot;plugin://plugin.video.chappaai/movies/genre/14/1?sf_options=fanart%3Dhttp%3A%2F%2Fmrblamo.xyz%2Fchappaai%2Fbackgrounds%2Fdefault.png%26meta%3Dlabel%253D%2525CE%2525A6%2525CE%2525B1%2525CE%2525BD%2525CF%252584%2525CE%2525B1%2525CF%252583%2525CE%2525AF%2525CE%2525B1%2525CF%252582%26_options_sf&quot;,return)</favourite>
	<favourite name="[B][COLORwhite]Μουσική[/COLOR][/B]" thumb="special://home/addons\plugin.video.chappaai\icon.png">ActivateWindow(10025,&quot;plugin://plugin.video.chappaai/movies/genre/10402/1?sf_options=fanart%3Dhttp%3A%2F%2Fmrblamo.xyz%2Fchappaai%2Fbackgrounds%2Fdefault.png%26meta%3Dlabel%253D%2525CE%25259C%2525CE%2525BF%2525CF%252585%2525CF%252583%2525CE%2525B9%2525CE%2525BA%2525CE%2525AE%26_options_sf&quot;,return)</favourite>
	<favourite name="[B][COLORwhite]Tηλεοπτική ταινία[/COLOR][/B]" thumb="special://home/addons\plugin.video.chappaai\icon.png">ActivateWindow(10025,&quot;plugin://plugin.video.chappaai/movies/genre/10770/1?sf_options=fanart%3Dhttp%3A%2F%2Fmrblamo.xyz%2Fchappaai%2Fbackgrounds%2Fdefault.png%26meta%3Dlabel%253D%2525CF%252584%2525CE%2525B7%2525CE%2525BB%2525CE%2525B5%2525CE%2525BF%2525CF%252580%2525CF%252584%2525CE%2525B9%2525CE%2525BA%2525CE%2525AE%252B%2525CF%252584%2525CE%2525B1%2525CE%2525B9%2525CE%2525BD%2525CE%2525AF%2525CE%2525B1%26_options_sf&quot;,return)</favourite>
	<favourite name="[B][COLORwhite]At The Flix Classic Movies[/COLOR][/B]" thumb="special://home/addons\plugin.video.AtTheFlix\icon.png">ActivateWindow(10025,&quot;plugin://plugin.video.AtTheFlix/?description=No%20information%20available&amp;fanart=https%3a%2f%2fi.imgur.com%2fJTwgLfz.jpg&amp;iconimage=https%3a%2f%2fi.imgur.com%2fgniHdXx.jpg&amp;mode=get_list&amp;name=%5bCOLOR%20red%5d%5bB%5dClassic%20Movies%5b%2fB%5d%5b%2fCOLOR%5d&amp;url=https%3a%2f%2fpastebin.com%2fraw%2fGhfNvdk6&amp;sf_options=fanart%3Dhttps%3A%2F%2Fi.imgur.com%2FJTwgLfz.jpg%26meta%3Dplot%253DNo%252Binformation%252Bavailable%2526votes%253D0%2526label%253D%25255BCOLOR%252Bred%25255D%25255BB%25255DClassic%252BMovies%25255B%25252FB%25255D%25255B%25252FCOLOR%25255D%2526title%253D%25255BCOLOR%252Bred%25255D%25255BB%25255DClassic%252BMovies%25255B%25252FB%25255D%25255B%25252FCOLOR%25255D%26desc%3DNo+information+available%26_options_sf&quot;,return)</favourite>
	<favourite name="[B][COLORwhite]Eyasses Classic War Films[/COLOR][/B]" thumb="special://home/addons\plugin.video.pauls_world\icon.png">ActivateWindow(10025,&quot;plugin://plugin.video.pauls_world/?fanart=http%3a%2f%2fajbuilds.uk%2fart%2feyassesnew.jpg&amp;mode=1&amp;name=%5bCOLOR%20lime%5d%5bB%5dCLASSIC%20WAR%20FILMS%5b%2fB%5d%5b%2fCOLOR%5d&amp;url=http%3a%2f%2fajbuilds.uk%2fpaulsworld%2fwar_100.xml&amp;sf_options=fanart%3Dhttp%3A%2F%2Fajbuilds.uk%2Fart%2Feyassesnew.jpg%26meta%3Dplot%253D%25255Cn%2526votes%253D0%2526label%253D%25255BCOLOR%252Blime%25255D%25255BB%25255DCLASSIC%252BWAR%252BFILMS%25255B%25252FB%25255D%25255B%25252FCOLOR%25255D%2526title%253D%25255BCOLOR%252Blime%25255D%25255BB%25255DCLASSIC%252BWAR%252BFILMS%25255B%25252FB%25255D%25255B%25252FCOLOR%25255D%26desc%3D%0A%26_options_sf&quot;,return)</favourite>
	<favourite name="[B][COLORwhite]Magic Dragon Classic Movies Pre 1970[/COLOR][/B]" thumb="special://home/addons\plugin.image.TechNEWSology/resources/media\magic.jpg">ActivateWindow(10025,&quot;plugin://plugin.video.themagicdragon/?fanart=https%3a%2f%2fimages2.alphacoders.com%2f121%2f121150.jpg&amp;mode=1&amp;name=%5bB%5d%5bCOLORmagenta%5dClassic%20Movies%20Pre%201970%5b%2fCOLOR%5d%5b%2fB%5d&amp;url=http%3a%2f%2fsupremacy.org.uk%2ftombraider%2fdogsbollocks%2fgoldenoldies.txt&amp;sf_options=fanart%3Dhttps%3A%2F%2Fimages2.alphacoders.com%2F121%2F121150.jpg%26meta%3Dvotes%253D0%2526label%253D%25255BB%25255D%25255BCOLORmagenta%25255DClassic%252BMovies%252BPre%252B1970%25255B%25252FCOLOR%25255D%25255B%25252FB%25255D%2526title%253D%25255BB%25255D%25255BCOLORmagenta%25255DClassic%252BMovies%252BPre%252B1970%25255B%25252FCOLOR%25255D%25255B%25252FB%25255D%26_options_sf&quot;,return)</favourite>
	<favourite name="[B][COLORwhite]Magic Dragon Musicals[/COLOR][/B]" thumb="special://home/addons\plugin.image.TechNEWSology/resources/media\magic.jpg">ActivateWindow(10025,&quot;plugin://plugin.video.themagicdragon/?fanart=https%3a%2f%2fimages2.alphacoders.com%2f121%2f121150.jpg&amp;mode=1&amp;name=%5bB%5d%5bCOLORgold%5dMusicals%5b%2fCOLOR%5d%5b%2fB%5d&amp;url=http%3a%2f%2fsupremacy.org.uk%2ftombraider%2fdogsbollocks%2fmusicals.txt&amp;sf_options=fanart%3Dhttps%3A%2F%2Fimages2.alphacoders.com%2F121%2F121150.jpg%26meta%3Dvotes%253D0%2526label%253D%25255BB%25255D%25255BCOLORgold%25255DMusicals%25255B%25252FCOLOR%25255D%25255B%25252FB%25255D%2526title%253D%25255BB%25255D%25255BCOLORgold%25255DMusicals%25255B%25252FCOLOR%25255D%25255B%25252FB%25255D%26_options_sf&quot;,return)</favourite>
	<favourite name="[B][COLORwhite]Magic Dragon Halloween Movies[/COLOR][/B]" thumb="special://home/addons\plugin.image.TechNEWSology/resources/media\magic.jpg">ActivateWindow(10025,&quot;plugin://plugin.video.themagicdragon/?fanart=https%3a%2f%2fimages2.alphacoders.com%2f121%2f121150.jpg&amp;mode=1&amp;name=%5bB%5d%5bCOLORorange%5dHalloween%20Movies%5b%2fCOLOR%5d%5b%2fB%5d&amp;url=http%3a%2f%2fsupremacy.org.uk%2ftombraider%2fdogsbollocks%2fadulthalloween.txt&amp;sf_options=fanart%3Dhttps%3A%2F%2Fimages2.alphacoders.com%2F121%2F121150.jpg%26meta%3Dvotes%253D0%2526label%253D%25255BB%25255D%25255BCOLORorange%25255DHalloween%252BMovies%25255B%25252FCOLOR%25255D%25255B%25252FB%25255D%2526title%253D%25255BB%25255D%25255BCOLORorange%25255DHalloween%252BMovies%25255B%25252FCOLOR%25255D%25255B%25252FB%25255D%26_options_sf&quot;,return)</favourite>
</favourites>