<?xml version="1.0" encoding="UTF-8"?>
<addon id="resource.uisounds.technewsology" version="19.0.1" name="TechNEWSology Sounds" provider-name="MarcosQui">
  <requires>
    <import addon="kodi.resource" version="1.0.0"/>
  </requires>
  <extension point="kodi.resource.uisounds"/>
  <extension point="kodi.addon.metadata">
    <summary lang="en">TechNEWSology Sounds</summary>
    <summary lang="pt_br">TechNEWSology Sounds</summary>
    <description lang="en">TechNEWSology Sounds</description>
    <description lang="pt_br">Interface de son da skin TechNEWSology</description>
    <platform>all</platform>
  </extension>
</addon>
