<favourites>
	<favourite name="Olympic Channel (SD)" thumb="https://upload.wikimedia.org/wikipedia/commons/a/a4/Olympic_Channel_logo.png">PlayMedia(&quot;plugin://plugin.video.live.streamspro/?url=http%3A%2F%2Fott-live.olympicchannel.com%2Fout%2Fu%2FOC1_3.m3u8%3Ffluxustv.m3u8&amp;mode=12&amp;iconimage=https%3A%2F%2Fupload.wikimedia.org%2Fwikipedia%2Fcommons%2Fa%2Fa4%2FOlympic_Channel_logo.png&amp;sf_options=meta%3Dvotes%253D0%2526label%253DOlympic%252BChannel%252B%252528SD%252529%2526title%253DOlympic%252BChannel%252B%252528SD%252529%26winID%3D10025%26_options_sf&quot;)</favourite>
	<favourite name="Red Bull TV (Opt-2)" thumb="https://logos-download.com/wp-content/uploads/2016/09/Red_Bull_TV_logo.png">PlayMedia(&quot;plugin://plugin.video.live.streamspro/?url=http%3A%2F%2Frbmn-live.akamaized.net%2Fhls%2Flive%2F590964%2FBoRB-AT%2Fmaster_1660.m3u8&amp;mode=12&amp;iconimage=https%3A%2F%2Flogos-download.com%2Fwp-content%2Fuploads%2F2016%2F09%2FRed_Bull_TV_logo.png&amp;sf_options=meta%3Dvotes%253D0%2526label%253DRed%252BBull%252BTV%252B%252528Opt-2%252529%2526title%253DRed%252BBull%252BTV%252B%252528Opt-2%252529%26winID%3D10025%26_options_sf&quot;)</favourite>
	<favourite name="US - NBA TV" thumb="http://taptube.net/tvtap1/images/channel_imgs/200116020842nba.png|User-Agent=Dalvik%2F2.1.0%20%28Linux%3B%20U%3B%20Android%205.1.1%3B%20AFTS%20Build%2FLVY48F%29">PlayMedia(&quot;plugin://plugin.video.tvone/play/159/play.pvr?sf_options=meta%3Dvotes%253D0%2526label%253DUS%252B-%252BNBA%252BTV%2526title%253DUS%252B-%252BNBA%252BTV%26winID%3D10025%26_options_sf&quot;)</favourite>
	<favourite name="BOX NATION" thumb="https://images-eu.ssl-images-amazon.com/images/I/51xUI0%2B-ClL.png">PlayMedia(&quot;plugin://plugin.video.tvone11/play/8/711/play.pvr?sf_options=meta%3Dvotes%253D0%2526label%253DBOX%252BNATION%2526title%253DBOX%252BNATION%26winID%3D10025%26_options_sf&quot;)</favourite>
	<favourite name="Adventure Sports Network" thumb="https://i.imgur.com/d2o69uW.png">PlayMedia(&quot;plugin://plugin.video.live.streamspro/?url=https%3A%2F%2Fdai2.xumo.com%2Famagi_hls_data_xumo1212A-adventuresportsnetwork%2FCDN%2F768x432_1200000%2Findex.m3u8&amp;mode=12&amp;iconimage=https%3A%2F%2Fi.imgur.com%2Fd2o69uW.png&amp;sf_options=meta%3Dvotes%253D0%2526label%253DAdventure%252BSports%252BNetwork%2526title%253DAdventure%252BSports%252BNetwork%26winID%3D10025%26_options_sf&quot;)</favourite>
	<favourite name="Gone Fishing" thumb="https://i.imgur.com/xLC8ulA.png">PlayMedia(&quot;plugin://plugin.video.live.streamspro/?url=https%3A%2F%2Fedge1.dashmedia.tv%2Fonestudio%2Fgonefishing%2Fplaylist.m3u8%3Ffluxustv.m3u8&amp;mode=12&amp;iconimage=https%3A%2F%2Fi.imgur.com%2FxLC8ulA.png&amp;sf_options=meta%3Dvotes%253D0%2526label%253DGone%252BFishing%2526title%253DGone%252BFishing%26winID%3D10025%26_options_sf&quot;)</favourite>
	<favourite name="Gone Hunting" thumb="https://i.imgur.com/IDgT6aq.png">PlayMedia(&quot;plugin://plugin.video.live.streamspro/?url=https%3A%2F%2Fedge1.dashmedia.tv%2Fonestudio%2Fhunting%2Fplaylist.m3u8%3Ffluxustv.m3u8&amp;mode=12&amp;iconimage=https%3A%2F%2Fi.imgur.com%2FIDgT6aq.png&amp;sf_options=meta%3Dvotes%253D0%2526label%253DGone%252BHunting%2526title%253DGone%252BHunting%26winID%3D10025%26_options_sf&quot;)</favourite>
	<favourite name="ES - Movistar F1" thumb="http://taptube.net/tvtap1/images/channel_imgs/231216031553movie.png|User-Agent=Dalvik%2F2.1.0%20%28Linux%3B%20U%3B%20Android%205.1.1%3B%20AFTS%20Build%2FLVY48F%29">PlayMedia(&quot;plugin://plugin.video.tvone/play/346/play.pvr?sf_options=meta%3Dvotes%253D0%2526label%253DES%252B-%252BMovistar%252BF1%2526title%253DES%252B-%252BMovistar%252BF1%26winID%3D10025%26_options_sf&quot;)</favourite>
	<favourite name="ES - Movistar Motogp" thumb="http://taptube.net/tvtap1/images/channel_imgs/231216040406starm.jpeg|User-Agent=Dalvik%2F2.1.0%20%28Linux%3B%20U%3B%20Android%205.1.1%3B%20AFTS%20Build%2FLVY48F%29">PlayMedia(&quot;plugin://plugin.video.tvone/play/359/play.pvr?sf_options=meta%3Dvotes%253D0%2526label%253DES%252B-%252BMovistar%252BMotogp%2526title%253DES%252B-%252BMovistar%252BMotogp%26winID%3D10025%26_options_sf&quot;)</favourite>
	<favourite name="EPT SPORTS (2)" thumb="https://4.bp.blogspot.com/-h8e6i8wKfkM/XF5tyr36ITI/AAAAAAACXH0/L_qYM3EQ1F0hBckgQQDNQ-XzPc09S139wCLcBGAs/s256/ert-sports.jpg">PlayMedia(&quot;plugin://plugin.video.AliveGR/?action=play&amp;url=https%3A%2F%2Fert-live.siliconweb.com%2Fmedia%2Fert_sports%2Fert_sports.m3u8&amp;title=EPT+SPORTS+%282%29&amp;image=https%3A%2F%2F4.bp.blogspot.com%2F-h8e6i8wKfkM%2FXF5tyr36ITI%2FAAAAAAACXH0%2FL_qYM3EQ1F0hBckgQQDNQ-XzPc09S139wCLcBGAs%2Fs256%2Fert-sports.jpg&amp;plot=%CE%A7%CF%89%CF%81%CE%AF%CF%82+%CF%80%CE%BB%CE%B7%CF%81%CE%BF%CF%86%CE%BF%CF%81%CE%AF%CE%B5%CF%82&amp;genre=%CE%91%CE%B8%CE%BB%CE%B7%CF%84%CE%B9%CE%BA%CE%AC&amp;sf_options=fanart%3Dspecial%3A%2F%2Fhome%2Faddons%5Cplugin.video.AliveGR%5Cresources%5Cmedia%5Cfanart.jpg%26meta%3Dplot%253D%2525CE%2525A7%2525CF%252589%2525CF%252581%2525CE%2525AF%2525CF%252582%252B%2525CF%252580%2525CE%2525BB%2525CE%2525B7%2525CF%252581%2525CE%2525BF%2525CF%252586%2525CE%2525BF%2525CF%252581%2525CE%2525AF%2525CE%2525B5%2525CF%252582%2526votes%253D0%2526title%253DEPT%252BSPORTS%252B%2525282%252529%2526label%253DEPT%252BSPORTS%252B%2525282%252529%2526year%253D2020%2526genre%253D%2525CE%252591%2525CE%2525B8%2525CE%2525BB%2525CE%2525B7%2525CF%252584%2525CE%2525B9%2525CE%2525BA%2525CE%2525AC%26winID%3D10025%26desc%3D%CE%A7%CF%89%CF%81%CE%AF%CF%82+%CF%80%CE%BB%CE%B7%CF%81%CE%BF%CF%86%CE%BF%CF%81%CE%AF%CE%B5%CF%82%26_options_sf&quot;)</favourite>
	<favourite name="OTE SPORTS 1" thumb="http://swiftstreamz.com/SwiftPanel/images/65359_otesp1.jpg|User-Agent=okhttp%2F3.10.0">PlayMedia(&quot;plugin://plugin.video.tvone11/play/8/812/play.pvr?sf_options=meta%3Dvotes%253D0%2526label%253DOTE%252BSPORTS%252B1%2526title%253DOTE%252BSPORTS%252B1%26winID%3D10025%26_options_sf&quot;)</favourite>
	<favourite name="OTE SPORTS 2" thumb="http://swiftstreamz.com/SwiftPanel/images/79898_otesp2.jpg|User-Agent=okhttp%2F3.10.0">PlayMedia(&quot;plugin://plugin.video.tvone11/play/8/813/play.pvr?sf_options=meta%3Dvotes%253D0%2526label%253DOTE%252BSPORTS%252B2%2526title%253DOTE%252BSPORTS%252B2%26winID%3D10025%26_options_sf&quot;)</favourite>
	<favourite name="OTE SPORTS 3" thumb="http://swiftstreamz.com/SwiftPanel/images/57643_otesp3.jpg|User-Agent=okhttp%2F3.10.0">PlayMedia(&quot;plugin://plugin.video.tvone11/play/8/814/play.pvr?sf_options=meta%3Dvotes%253D0%2526label%253DOTE%252BSPORTS%252B3%2526title%253DOTE%252BSPORTS%252B3%26winID%3D10025%26_options_sf&quot;)</favourite>
	<favourite name="OTE SPORTS 4" thumb="http://swiftstreamz.com/SwiftPanel/images/75351_otesp4.jpg|User-Agent=okhttp%2F3.10.0">PlayMedia(&quot;plugin://plugin.video.tvone11/play/8/815/play.pvr?sf_options=meta%3Dvotes%253D0%2526label%253DOTE%252BSPORTS%252B4%2526title%253DOTE%252BSPORTS%252B4%26winID%3D10025%26_options_sf&quot;)</favourite>
	<favourite name="OTE SPORTS 5" thumb="http://swiftstreamz.com/SwiftPanel/images/43635_otesp5.jpg|User-Agent=okhttp%2F3.10.0">PlayMedia(&quot;plugin://plugin.video.tvone11/play/8/816/play.pvr?sf_options=meta%3Dvotes%253D0%2526label%253DOTE%252BSPORTS%252B5%2526title%253DOTE%252BSPORTS%252B5%26winID%3D10025%26_options_sf&quot;)</favourite>
	<favourite name="OTE SPORTS 6" thumb="http://swiftstreamz.com/SwiftPanel/images/24711_otesp6.jpg|User-Agent=okhttp%2F3.10.0">PlayMedia(&quot;plugin://plugin.video.tvone11/play/8/817/play.pvr?sf_options=meta%3Dvotes%253D0%2526label%253DOTE%252BSPORTS%252B6%2526title%253DOTE%252BSPORTS%252B6%26winID%3D10025%26_options_sf&quot;)</favourite>
	<favourite name="OTE SPORTS 7" thumb="http://swiftstreamz.com/SwiftPanel/images/60322_otesp7.jpg|User-Agent=okhttp%2F3.10.0">PlayMedia(&quot;plugin://plugin.video.tvone11/play/8/818/play.pvr?sf_options=meta%3Dvotes%253D0%2526label%253DOTE%252BSPORTS%252B7%2526title%253DOTE%252BSPORTS%252B7%26winID%3D10025%26_options_sf&quot;)</favourite>
	<favourite name="OTE SPORTS 8" thumb="http://swiftstreamz.com/SwiftPanel/images/53713_otesp8.jpg|User-Agent=okhttp%2F3.10.0">PlayMedia(&quot;plugin://plugin.video.tvone11/play/8/819/play.pvr?sf_options=meta%3Dvotes%253D0%2526label%253DOTE%252BSPORTS%252B8%2526title%253DOTE%252BSPORTS%252B8%26winID%3D10025%26_options_sf&quot;)</favourite>
	<favourite name="SKY SPORTS F1" thumb="http://swiftstreamz.com/SwiftPanel/images/51391_13208_skyf1new.jpg|User-Agent=okhttp%2F3.10.0">PlayMedia(&quot;plugin://plugin.video.tvone11/play/8/621/play.pvr?sf_options=meta%3Dvotes%253D0%2526label%253DSKY%252BSPORTS%252BF1%2526title%253DSKY%252BSPORTS%252BF1%26winID%3D10025%26_options_sf&quot;)</favourite>
	<favourite name="PLUTO TV Wrestling (TNA &amp; IMPACT) (USA)" thumb="https://tr.rbxcdn.com/505f37d90582ac493951196f5242222e/420/420/Decal/Png">PlayMedia(&quot;plugin://plugin.video.placenta/?action=lists_play&amp;url=http%3A%2F%2Fstitcher.pluto.tv%2Fstitch%2Fhls%2Fchannel%2F59b722526996084038c01e1b%2Fmaster.m3u8%3FdeviceType%3D%26deviceMake%3D%26deviceModel%3D%26sid%3D7%26deviceId%3D-%26deviceVersion%3D%26appVersion%3D%26deviceDNT%3D%26userId%3D%26advertisingId%3D%26deviceLat%3D%26deviceLon%3D-%26app_name%3D%26appName%3D%26appStoreUrl%3D%26profileLimit%3Dhigh&amp;content=0&amp;sf_options=fanart%3Dspecial%3A%2F%2Fhome%2Faddons%5Cplugin.video.placenta%5Cfanart.jpg%26meta%3Dvotes%253D0%2526label%253DPLUTO%252BTV%252BWrestling%252B%252528TNA%252B%252526%252BIMPACT%252529%252B%252528USA%252529%26winID%3D10025%26_options_sf&quot;)</favourite>
	<favourite name="Viasat Sport" thumb="http://files.tagnet.ru/icons/sport.viasat.se.png">PlayMedia(&quot;plugin://plugin.video.placenta/?action=lists_play&amp;url=http%3A%2F%2F109.248.236.41%3A4433%2Fudp%2F238.1.1.50%3A1234&amp;content=0&amp;sf_options=fanart%3Dspecial%3A%2F%2Fhome%2Faddons%5Cplugin.video.placenta%5Cfanart.jpg%26meta%3Dvotes%253D0%2526label%253DViasat%252BSport%26winID%3D10025%26_options_sf&quot;)</favourite>
	<favourite name="YABAN HD (TR)" thumb="https://upload.wikimedia.org/wikipedia/tr/3/38/Yabantv_logo.png">PlayMedia(&quot;plugin://plugin.video.placenta/?action=lists_play&amp;url=https%3A%2F%2F59cba4d34b678.streamlock.net%2Flive1%2Fyabantv%2Fplsylist.m3u8&amp;content=0&amp;sf_options=fanart%3Dspecial%3A%2F%2Fhome%2Faddons%5Cplugin.video.placenta%5Cfanart.jpg%26meta%3Dvotes%253D0%2526label%253DYABAN%252BHD%252B%252528TR%252529%26winID%3D10025%26_options_sf&quot;)</favourite>
	<favourite name="DUBAI RACING 1 HD (ARABIC &amp; EN)" thumb="https://encrypted-tbn0.gstatic.com/images?q=tbn%3AANd9GcQnKI8PCQiKZyEGL1OBvBnssaPqh2fnYXa2vShByo50a1F1RXdR">PlayMedia(&quot;plugin://plugin.video.placenta/?action=lists_play&amp;url=http%3A%2F%2Fdmisvthvll.cdn.mangomolo.com%2Fevents%2Fsmil%3Aevents.smil%2Fchunklist_b1600000.m3u8&amp;content=0&amp;sf_options=fanart%3Dspecial%3A%2F%2Fhome%2Faddons%5Cplugin.video.placenta%5Cfanart.jpg%26meta%3Dvotes%253D0%2526label%253DDUBAI%252BRACING%252B1%252BHD%252B%252528ARABIC%252B%252526%252BEN%252529%26winID%3D10025%26_options_sf&quot;)</favourite>
	<favourite name="Revn TV (Cars) (USA)" thumb="http://38iztv.com/wp-content/uploads/2017/08/revn1_ptnars.png">PlayMedia(&quot;plugin://plugin.video.placenta/?action=lists_play&amp;url=http%3A%2F%2Fdcunilive28-lh.akamaihd.net%2Fi%2Fdclive_1%40624563%2Fmaster.m3u8&amp;content=0&amp;sf_options=fanart%3Dspecial%3A%2F%2Fhome%2Faddons%5Cplugin.video.placenta%5Cfanart.jpg%26meta%3Dvotes%253D0%2526label%253DRevn%252BTV%252B%252528Cars%252529%252B%252528USA%252529%26winID%3D10025%26_options_sf&quot;)</favourite>
	<favourite name="ALL SPORTS (BRAZIL)" thumb="https://www.houseart.gr/img.php?bgr=FFFFFF&amp;f1=./uploads/images/autokollita-toichou/poleis---taksidia/07_008.png&amp;c1=000000&amp;flip=none&amp;sum=1">PlayMedia(&quot;plugin://plugin.video.placenta/?action=lists_play&amp;url=https%3A%2F%2F59f1cbe63db89.streamlock.net%3A1443%2Fdgrau%2F_definst_%2Fdgrau%2Fplaylist.m3u8&amp;content=0&amp;sf_options=fanart%3Dspecial%3A%2F%2Fhome%2Faddons%5Cplugin.video.placenta%5Cfanart.jpg%26meta%3Dvotes%253D0%2526label%253DALL%252BSPORTS%252B%252528BRAZIL%252529%26winID%3D10025%26_options_sf&quot;)</favourite>
	<favourite name="Arena Sports 1 Tvone11" thumb="http://swiftstreamz.com/SwiftPanel/images/91933_arena1.jpg|User-Agent=okhttp%2F3.10.0">PlayMedia(&quot;plugin://plugin.video.tvone11/play/8/736/play.pvr?sf_options=meta%3Dvotes%253D0%2526label%253DArena%252BSports%252B1%2526title%253DArena%252BSports%252B1%26winID%3D10025%26_options_sf&quot;)</favourite>
	<favourite name="Arena Sports 2 Tvone11" thumb="http://swiftstreamz.com/SwiftPanel/images/6600_arena2.jpg|User-Agent=okhttp%2F3.10.0">PlayMedia(&quot;plugin://plugin.video.tvone11/play/8/737/play.pvr?sf_options=meta%3Dvotes%253D0%2526label%253DArena%252BSports%252B2%2526title%253DArena%252BSports%252B2%26winID%3D10025%26_options_sf&quot;)</favourite>
	<favourite name="Arena Sports 3 Tvone11" thumb="http://swiftstreamz.com/SwiftPanel/images/93208_arena3.jpg|User-Agent=okhttp%2F3.10.0">PlayMedia(&quot;plugin://plugin.video.tvone11/play/8/738/play.pvr?sf_options=meta%3Dvotes%253D0%2526label%253DArena%252BSports%252B3%2526title%253DArena%252BSports%252B3%26winID%3D10025%26_options_sf&quot;)</favourite>
	<favourite name="Arena Sports 4 Tvone11" thumb="http://swiftstreamz.com/SwiftPanel/images/47552_arena4.jpg|User-Agent=okhttp%2F3.10.0">PlayMedia(&quot;plugin://plugin.video.tvone11/play/8/739/play.pvr?sf_options=meta%3Dvotes%253D0%2526label%253DArena%252BSports%252B4%2526title%253DArena%252BSports%252B4%26winID%3D10025%26_options_sf&quot;)</favourite>
	<favourite name="Arena Sports 5 Tvone11" thumb="http://swiftstreamz.com/SwiftPanel/images/82177_arena5.jpg|User-Agent=okhttp%2F3.10.0">PlayMedia(&quot;plugin://plugin.video.tvone11/play/8/740/play.pvr?sf_options=meta%3Dvotes%253D0%2526label%253DArena%252BSports%252B5%2526title%253DArena%252BSports%252B5%26winID%3D10025%26_options_sf&quot;)</favourite>
	<favourite name="BT SPORTS 1" thumb="http://swiftstreamz.com/SwiftPanel/images/252_49801_bt1.jpg|User-Agent=okhttp%2F3.10.0">PlayMedia(&quot;plugin://plugin.video.tvone11/play/8/630/play.pvr?sf_options=meta%3Dvotes%253D0%2526label%253DBT%252BSPORTS%252B1%2526title%253DBT%252BSPORTS%252B1%26winID%3D10025%26_options_sf&quot;)</favourite>
	<favourite name="BT SPORTS 2" thumb="http://swiftstreamz.com/SwiftPanel/images/64880_76380_bt2.jpg|User-Agent=okhttp%2F3.10.0">PlayMedia(&quot;plugin://plugin.video.tvone11/play/8/634/play.pvr?sf_options=meta%3Dvotes%253D0%2526label%253DBT%252BSPORTS%252B2%2526title%253DBT%252BSPORTS%252B2%26winID%3D10025%26_options_sf&quot;)</favourite>
	<favourite name="BT SPORTS 3" thumb="http://swiftstreamz.com/SwiftPanel/images/59356_71456_bt3.jpg|User-Agent=okhttp%2F3.10.0">PlayMedia(&quot;plugin://plugin.video.tvone11/play/8/637/play.pvr?sf_options=meta%3Dvotes%253D0%2526label%253DBT%252BSPORTS%252B3%2526title%253DBT%252BSPORTS%252B3%26winID%3D10025%26_options_sf&quot;)</favourite>
	<favourite name="OTH - Sport Klub 1" thumb="http://taptube.net/tvtap1/images/channel_imgs/260218123828sk1.png|User-Agent=Dalvik%2F2.1.0%20%28Linux%3B%20U%3B%20Android%205.1.1%3B%20AFTS%20Build%2FLVY48F%29">PlayMedia(&quot;plugin://plugin.video.tvone/play/680/play.pvr?sf_options=meta%3Dvotes%253D0%2526label%253DOTH%252B-%252BSport%252BKlub%252B1%2526title%253DOTH%252B-%252BSport%252BKlub%252B1%26winID%3D10025%26_options_sf&quot;)</favourite>
	<favourite name="OTH - Sport Klub 2" thumb="http://taptube.net/tvtap1/images/channel_imgs/260218124024sk2.png|User-Agent=Dalvik%2F2.1.0%20%28Linux%3B%20U%3B%20Android%205.1.1%3B%20AFTS%20Build%2FLVY48F%29">PlayMedia(&quot;plugin://plugin.video.tvone/play/681/play.pvr?sf_options=meta%3Dvotes%253D0%2526label%253DOTH%252B-%252BSport%252BKlub%252B2%2526title%253DOTH%252B-%252BSport%252BKlub%252B2%26winID%3D10025%26_options_sf&quot;)</favourite>
	<favourite name="OTH - Sport Klub 3" thumb="http://taptube.net/tvtap1/images/channel_imgs/260218124041sk3.png|User-Agent=Dalvik%2F2.1.0%20%28Linux%3B%20U%3B%20Android%205.1.1%3B%20AFTS%20Build%2FLVY48F%29">PlayMedia(&quot;plugin://plugin.video.tvone/play/682/play.pvr?sf_options=meta%3Dvotes%253D0%2526label%253DOTH%252B-%252BSport%252BKlub%252B3%2526title%253DOTH%252B-%252BSport%252BKlub%252B3%26winID%3D10025%26_options_sf&quot;)</favourite>
	<favourite name="OTH - Sport Klub 4" thumb="http://taptube.net/tvtap1/images/channel_imgs/260218124057sk4.png|User-Agent=Dalvik%2F2.1.0%20%28Linux%3B%20U%3B%20Android%205.1.1%3B%20AFTS%20Build%2FLVY48F%29">PlayMedia(&quot;plugin://plugin.video.tvone/play/683/play.pvr?sf_options=meta%3Dvotes%253D0%2526label%253DOTH%252B-%252BSport%252BKlub%252B4%2526title%253DOTH%252B-%252BSport%252BKlub%252B4%26winID%3D10025%26_options_sf&quot;)</favourite>
	<favourite name="OTH - Sport Klub 5" thumb="http://taptube.net/tvtap1/images/channel_imgs/260218124129sk5.png|User-Agent=Dalvik%2F2.1.0%20%28Linux%3B%20U%3B%20Android%205.1.1%3B%20AFTS%20Build%2FLVY48F%29">PlayMedia(&quot;plugin://plugin.video.tvone/play/684/play.pvr?sf_options=meta%3Dvotes%253D0%2526label%253DOTH%252B-%252BSport%252BKlub%252B5%2526title%253DOTH%252B-%252BSport%252BKlub%252B5%26winID%3D10025%26_options_sf&quot;)</favourite>
	<favourite name="OTH - Sport Klub 6" thumb="http://taptube.net/tvtap1/images/channel_imgs/260218124142sk6.png|User-Agent=Dalvik%2F2.1.0%20%28Linux%3B%20U%3B%20Android%205.1.1%3B%20AFTS%20Build%2FLVY48F%29">PlayMedia(&quot;plugin://plugin.video.tvone/play/685/play.pvr?sf_options=meta%3Dvotes%253D0%2526label%253DOTH%252B-%252BSport%252BKlub%252B6%2526title%253DOTH%252B-%252BSport%252BKlub%252B6%26winID%3D10025%26_options_sf&quot;)</favourite>
	<favourite name="OTH - Arena Sport 1" thumb="http://taptube.net/tvtap1/images/channel_imgs/170218032043ar1.jpg|User-Agent=Dalvik%2F2.1.0%20%28Linux%3B%20U%3B%20Android%205.1.1%3B%20AFTS%20Build%2FLVY48F%29">PlayMedia(&quot;plugin://plugin.video.tvone/play/33/play.pvr?sf_options=meta%3Dvotes%253D0%2526label%253DOTH%252B-%252BArena%252BSport%252B1%2526title%253DOTH%252B-%252BArena%252BSport%252B1%26winID%3D10025%26_options_sf&quot;)</favourite>
	<favourite name="OTH - Arena Sport 2" thumb="http://taptube.net/tvtap1/images/channel_imgs/170218032213ar2.jpg|User-Agent=Dalvik%2F2.1.0%20%28Linux%3B%20U%3B%20Android%205.1.1%3B%20AFTS%20Build%2FLVY48F%29">PlayMedia(&quot;plugin://plugin.video.tvone/play/34/play.pvr?sf_options=meta%3Dvotes%253D0%2526label%253DOTH%252B-%252BArena%252BSport%252B2%2526title%253DOTH%252B-%252BArena%252BSport%252B2%26winID%3D10025%26_options_sf&quot;)</favourite>
	<favourite name="OTH - Arena Sport 3" thumb="http://taptube.net/tvtap1/images/channel_imgs/170218032051ar3.jpg|User-Agent=Dalvik%2F2.1.0%20%28Linux%3B%20U%3B%20Android%205.1.1%3B%20AFTS%20Build%2FLVY48F%29">PlayMedia(&quot;plugin://plugin.video.tvone/play/35/play.pvr?sf_options=meta%3Dvotes%253D0%2526label%253DOTH%252B-%252BArena%252BSport%252B3%2526title%253DOTH%252B-%252BArena%252BSport%252B3%26winID%3D10025%26_options_sf&quot;)</favourite>
	<favourite name="OTH - Arena Sport 4" thumb="http://taptube.net/tvtap1/images/channel_imgs/170218032300ar4.jpg|User-Agent=Dalvik%2F2.1.0%20%28Linux%3B%20U%3B%20Android%205.1.1%3B%20AFTS%20Build%2FLVY48F%29">PlayMedia(&quot;plugin://plugin.video.tvone/play/36/play.pvr?sf_options=meta%3Dvotes%253D0%2526label%253DOTH%252B-%252BArena%252BSport%252B4%2526title%253DOTH%252B-%252BArena%252BSport%252B4%26winID%3D10025%26_options_sf&quot;)</favourite>
	<favourite name="OTH - Arena Sport 5" thumb="http://taptube.net/tvtap1/images/channel_imgs/170218031651ar5.jpg|User-Agent=Dalvik%2F2.1.0%20%28Linux%3B%20U%3B%20Android%205.1.1%3B%20AFTS%20Build%2FLVY48F%29">PlayMedia(&quot;plugin://plugin.video.tvone/play/667/play.pvr?sf_options=meta%3Dvotes%253D0%2526label%253DOTH%252B-%252BArena%252BSport%252B5%2526title%253DOTH%252B-%252BArena%252BSport%252B5%26winID%3D10025%26_options_sf&quot;)</favourite>
	<favourite name="OTH - Bein sport 1" thumb="http://taptube.net/tvtap1/images/channel_imgs/250118034414beinsp1.png|User-Agent=Dalvik%2F2.1.0%20%28Linux%3B%20U%3B%20Android%205.1.1%3B%20AFTS%20Build%2FLVY48F%29">PlayMedia(&quot;plugin://plugin.video.tvone/play/631/play.pvr?sf_options=meta%3Dvotes%253D0%2526label%253DOTH%252B-%252BBein%252Bsport%252B1%2526title%253DOTH%252B-%252BBein%252Bsport%252B1%26winID%3D10025%26_options_sf&quot;)</favourite>
	<favourite name="OTH - Bein sport 2" thumb="http://taptube.net/tvtap1/images/channel_imgs/250118034444bein2.jpg|User-Agent=Dalvik%2F2.1.0%20%28Linux%3B%20U%3B%20Android%205.1.1%3B%20AFTS%20Build%2FLVY48F%29">PlayMedia(&quot;plugin://plugin.video.tvone/play/632/play.pvr?sf_options=meta%3Dvotes%253D0%2526label%253DOTH%252B-%252BBein%252Bsport%252B2%2526title%253DOTH%252B-%252BBein%252Bsport%252B2%26winID%3D10025%26_options_sf&quot;)</favourite>
	<favourite name="OTH - Bein sport 3" thumb="http://taptube.net/tvtap1/images/channel_imgs/250118034734bein3.jpeg|User-Agent=Dalvik%2F2.1.0%20%28Linux%3B%20U%3B%20Android%205.1.1%3B%20AFTS%20Build%2FLVY48F%29">PlayMedia(&quot;plugin://plugin.video.tvone/play/633/play.pvr?sf_options=meta%3Dvotes%253D0%2526label%253DOTH%252B-%252BBein%252Bsport%252B3%2526title%253DOTH%252B-%252BBein%252Bsport%252B3%26winID%3D10025%26_options_sf&quot;)</favourite>
	<favourite name="OTH - PTV Sports" thumb="http://taptube.net/tvtap1/images/channel_imgs/200116034954ptvs.PNG|User-Agent=Dalvik%2F2.1.0%20%28Linux%3B%20U%3B%20Android%205.1.1%3B%20AFTS%20Build%2FLVY48F%29">PlayMedia(&quot;plugin://plugin.video.tvone/play/174/play.pvr?sf_options=meta%3Dvotes%253D0%2526label%253DOTH%252B-%252BPTV%252BSports%2526title%253DOTH%252B-%252BPTV%252BSports%26winID%3D10025%26_options_sf&quot;)</favourite>
	<favourite name="AR - Bein Sports 1" thumb="http://taptube.net/tvtap1/images/channel_imgs/250118041629beinsp1.png|User-Agent=Dalvik%2F2.1.0%20%28Linux%3B%20U%3B%20Android%205.1.1%3B%20AFTS%20Build%2FLVY48F%29">PlayMedia(&quot;plugin://plugin.video.tvone/play/48/play.pvr?sf_options=meta%3Dvotes%253D0%2526label%253DAR%252B-%252BBein%252BSports%252B1%2526title%253DAR%252B-%252BBein%252BSports%252B1%26winID%3D10025%26_options_sf&quot;)</favourite>
	<favourite name="AR - Bein Sports 2" thumb="http://taptube.net/tvtap1/images/channel_imgs/250118041650bein2.jpg|User-Agent=Dalvik%2F2.1.0%20%28Linux%3B%20U%3B%20Android%205.1.1%3B%20AFTS%20Build%2FLVY48F%29">PlayMedia(&quot;plugin://plugin.video.tvone/play/270/play.pvr?sf_options=meta%3Dvotes%253D0%2526label%253DAR%252B-%252BBein%252BSports%252B2%2526title%253DAR%252B-%252BBein%252BSports%252B2%26winID%3D10025%26_options_sf&quot;)</favourite>
	<favourite name="AR - Bein Sports 3" thumb="http://taptube.net/tvtap1/images/channel_imgs/130216035348bein3.jpg|User-Agent=Dalvik%2F2.1.0%20%28Linux%3B%20U%3B%20Android%205.1.1%3B%20AFTS%20Build%2FLVY48F%29">PlayMedia(&quot;plugin://plugin.video.tvone/play/271/play.pvr?sf_options=meta%3Dvotes%253D0%2526label%253DAR%252B-%252BBein%252BSports%252B3%2526title%253DAR%252B-%252BBein%252BSports%252B3%26winID%3D10025%26_options_sf&quot;)</favourite>
	<favourite name="AR - Bein Sports 4" thumb="http://taptube.net/tvtap1/images/channel_imgs/130216035427bein4.jpg|User-Agent=Dalvik%2F2.1.0%20%28Linux%3B%20U%3B%20Android%205.1.1%3B%20AFTS%20Build%2FLVY48F%29">PlayMedia(&quot;plugin://plugin.video.tvone/play/272/play.pvr?sf_options=meta%3Dvotes%253D0%2526label%253DAR%252B-%252BBein%252BSports%252B4%2526title%253DAR%252B-%252BBein%252BSports%252B4%26winID%3D10025%26_options_sf&quot;)</favourite>
	<favourite name="AR - Bein Sports 5" thumb="http://taptube.net/tvtap1/images/channel_imgs/130216035528bein5.jpg|User-Agent=Dalvik%2F2.1.0%20%28Linux%3B%20U%3B%20Android%205.1.1%3B%20AFTS%20Build%2FLVY48F%29">PlayMedia(&quot;plugin://plugin.video.tvone/play/273/play.pvr?sf_options=meta%3Dvotes%253D0%2526label%253DAR%252B-%252BBein%252BSports%252B5%2526title%253DAR%252B-%252BBein%252BSports%252B5%26winID%3D10025%26_options_sf&quot;)</favourite>
	<favourite name="AR - Bein Sports 6" thumb="http://taptube.net/tvtap1/images/channel_imgs/130216035739bein6.jpg|User-Agent=Dalvik%2F2.1.0%20%28Linux%3B%20U%3B%20Android%205.1.1%3B%20AFTS%20Build%2FLVY48F%29">PlayMedia(&quot;plugin://plugin.video.tvone/play/274/play.pvr?sf_options=meta%3Dvotes%253D0%2526label%253DAR%252B-%252BBein%252BSports%252B6%2526title%253DAR%252B-%252BBein%252BSports%252B6%26winID%3D10025%26_options_sf&quot;)</favourite>
	<favourite name="AR - Bein Sports 7" thumb="http://taptube.net/tvtap1/images/channel_imgs/130216035811bein7.jpg|User-Agent=Dalvik%2F2.1.0%20%28Linux%3B%20U%3B%20Android%205.1.1%3B%20AFTS%20Build%2FLVY48F%29">PlayMedia(&quot;plugin://plugin.video.tvone/play/275/play.pvr?sf_options=meta%3Dvotes%253D0%2526label%253DAR%252B-%252BBein%252BSports%252B7%2526title%253DAR%252B-%252BBein%252BSports%252B7%26winID%3D10025%26_options_sf&quot;)</favourite>
	<favourite name="AR - Bein Sports 8" thumb="http://taptube.net/tvtap1/images/channel_imgs/130216035917bein8.jpg|User-Agent=Dalvik%2F2.1.0%20%28Linux%3B%20U%3B%20Android%205.1.1%3B%20AFTS%20Build%2FLVY48F%29">PlayMedia(&quot;plugin://plugin.video.tvone/play/276/play.pvr?sf_options=meta%3Dvotes%253D0%2526label%253DAR%252B-%252BBein%252BSports%252B8%2526title%253DAR%252B-%252BBein%252BSports%252B8%26winID%3D10025%26_options_sf&quot;)</favourite>
	<favourite name="AR - Bein Sports 9" thumb="http://taptube.net/tvtap1/images/channel_imgs/130216035950bein9.jpg|User-Agent=Dalvik%2F2.1.0%20%28Linux%3B%20U%3B%20Android%205.1.1%3B%20AFTS%20Build%2FLVY48F%29">PlayMedia(&quot;plugin://plugin.video.tvone/play/277/play.pvr?sf_options=meta%3Dvotes%253D0%2526label%253DAR%252B-%252BBein%252BSports%252B9%2526title%253DAR%252B-%252BBein%252BSports%252B9%26winID%3D10025%26_options_sf&quot;)</favourite>
	<favourite name="AR - Bein Sports 10" thumb="http://taptube.net/tvtap1/images/channel_imgs/030516124810bein10.jpg|User-Agent=Dalvik%2F2.1.0%20%28Linux%3B%20U%3B%20Android%205.1.1%3B%20AFTS%20Build%2FLVY48F%29">PlayMedia(&quot;plugin://plugin.video.tvone/play/278/play.pvr?sf_options=meta%3Dvotes%253D0%2526label%253DAR%252B-%252BBein%252BSports%252B10%2526title%253DAR%252B-%252BBein%252BSports%252B10%26winID%3D10025%26_options_sf&quot;)</favourite>
	<favourite name="AR - Bein Sports 11" thumb="http://taptube.net/tvtap1/images/channel_imgs/160116114955bein11.jpg|User-Agent=Dalvik%2F2.1.0%20%28Linux%3B%20U%3B%20Android%205.1.1%3B%20AFTS%20Build%2FLVY48F%29">PlayMedia(&quot;plugin://plugin.video.tvone/play/50/play.pvr?sf_options=meta%3Dvotes%253D0%2526label%253DAR%252B-%252BBein%252BSports%252B11%2526title%253DAR%252B-%252BBein%252BSports%252B11%26winID%3D10025%26_options_sf&quot;)</favourite>
	<favourite name="AR - Bein Sports 12" thumb="http://taptube.net/tvtap1/images/channel_imgs/150516024032bein12.png|User-Agent=Dalvik%2F2.1.0%20%28Linux%3B%20U%3B%20Android%205.1.1%3B%20AFTS%20Build%2FLVY48F%29">PlayMedia(&quot;plugin://plugin.video.tvone/play/287/play.pvr?sf_options=meta%3Dvotes%253D0%2526label%253DAR%252B-%252BBein%252BSports%252B12%2526title%253DAR%252B-%252BBein%252BSports%252B12%26winID%3D10025%26_options_sf&quot;)</favourite>
	<favourite name="AR - Bein sports news" thumb="http://taptube.net/tvtap1/images/channel_imgs/250518014141bein.png|User-Agent=Dalvik%2F2.1.0%20%28Linux%3B%20U%3B%20Android%205.1.1%3B%20AFTS%20Build%2FLVY48F%29">PlayMedia(&quot;plugin://plugin.video.tvone/play/740/play.pvr?sf_options=meta%3Dvotes%253D0%2526label%253DAR%252B-%252BBein%252Bsports%252Bnews%2526title%253DAR%252B-%252BBein%252Bsports%252Bnews%26winID%3D10025%26_options_sf&quot;)</favourite>
	<favourite name="SPORT KLUB 1 Tvone11" thumb="http://swiftstreamz.com/SwiftPanel/images/18709_sportklub1.jpg|User-Agent=okhttp%2F3.10.0">PlayMedia(&quot;plugin://plugin.video.tvone11/play/8/786/play.pvr?sf_options=meta%3Dvotes%253D0%2526label%253DSPORT%252BKLUB%252B1%2526title%253DSPORT%252BKLUB%252B1%26winID%3D10025%26_options_sf&quot;)</favourite>
	<favourite name="SPORT KLUB 2 Tvone11" thumb="http://swiftstreamz.com/SwiftPanel/images/90759_sportklub2.jpg|User-Agent=okhttp%2F3.10.0">PlayMedia(&quot;plugin://plugin.video.tvone11/play/8/787/play.pvr?sf_options=meta%3Dvotes%253D0%2526label%253DSPORT%252BKLUB%252B2%2526title%253DSPORT%252BKLUB%252B2%26winID%3D10025%26_options_sf&quot;)</favourite>
	<favourite name="SPORT KLUB 3 Tvone11" thumb="http://swiftstreamz.com/SwiftPanel/images/52231_sportklub3.jpg|User-Agent=okhttp%2F3.10.0">PlayMedia(&quot;plugin://plugin.video.tvone11/play/8/788/play.pvr?sf_options=meta%3Dvotes%253D0%2526label%253DSPORT%252BKLUB%252B3%2526title%253DSPORT%252BKLUB%252B3%26winID%3D10025%26_options_sf&quot;)</favourite>
	<favourite name="FR - Bein Sports 1 FR" thumb="http://taptube.net/tvtap1/images/channel_imgs/160116114930bein1f.png|User-Agent=Dalvik%2F2.1.0%20%28Linux%3B%20U%3B%20Android%205.1.1%3B%20AFTS%20Build%2FLVY48F%29">PlayMedia(&quot;plugin://plugin.video.tvone/play/49/play.pvr?sf_options=meta%3Dvotes%253D0%2526label%253DFR%252B-%252BBein%252BSports%252B1%252BFR%2526title%253DFR%252B-%252BBein%252BSports%252B1%252BFR%26winID%3D10025%26_options_sf&quot;)</favourite>
	<favourite name="FR - BeIN Sports 2 FR" thumb="http://taptube.net/tvtap1/images/channel_imgs/160116115022bein2fr.png|User-Agent=Dalvik%2F2.1.0%20%28Linux%3B%20U%3B%20Android%205.1.1%3B%20AFTS%20Build%2FLVY48F%29">PlayMedia(&quot;plugin://plugin.video.tvone/play/51/play.pvr?sf_options=meta%3Dvotes%253D0%2526label%253DFR%252B-%252BBeIN%252BSports%252B2%252BFR%2526title%253DFR%252B-%252BBeIN%252BSports%252B2%252BFR%26winID%3D10025%26_options_sf&quot;)</favourite>
	<favourite name="FR - BeIN Sports 3 FR" thumb="http://taptube.net/tvtap1/images/channel_imgs/160116115109bein3fr.png|User-Agent=Dalvik%2F2.1.0%20%28Linux%3B%20U%3B%20Android%205.1.1%3B%20AFTS%20Build%2FLVY48F%29">PlayMedia(&quot;plugin://plugin.video.tvone/play/52/play.pvr?sf_options=meta%3Dvotes%253D0%2526label%253DFR%252B-%252BBeIN%252BSports%252B3%252BFR%2526title%253DFR%252B-%252BBeIN%252BSports%252B3%252BFR%26winID%3D10025%26_options_sf&quot;)</favourite>
	<favourite name="FR - Bein sports max 4" thumb="http://taptube.net/tvtap1/images/channel_imgs/201217090105bein4.png|User-Agent=Dalvik%2F2.1.0%20%28Linux%3B%20U%3B%20Android%205.1.1%3B%20AFTS%20Build%2FLVY48F%29">PlayMedia(&quot;plugin://plugin.video.tvone/play/451/play.pvr?sf_options=meta%3Dvotes%253D0%2526label%253DFR%252B-%252BBein%252Bsports%252Bmax%252B4%2526title%253DFR%252B-%252BBein%252Bsports%252Bmax%252B4%26winID%3D10025%26_options_sf&quot;)</favourite>
	<favourite name="FR - Bein sports max 5" thumb="http://taptube.net/tvtap1/images/channel_imgs/201217090208bein5.png|User-Agent=Dalvik%2F2.1.0%20%28Linux%3B%20U%3B%20Android%205.1.1%3B%20AFTS%20Build%2FLVY48F%29">PlayMedia(&quot;plugin://plugin.video.tvone/play/452/play.pvr?sf_options=meta%3Dvotes%253D0%2526label%253DFR%252B-%252BBein%252Bsports%252Bmax%252B5%2526title%253DFR%252B-%252BBein%252Bsports%252Bmax%252B5%26winID%3D10025%26_options_sf&quot;)</favourite>
	<favourite name="FR - Bein sports max 6" thumb="http://taptube.net/tvtap1/images/channel_imgs/201217090246bein6.png|User-Agent=Dalvik%2F2.1.0%20%28Linux%3B%20U%3B%20Android%205.1.1%3B%20AFTS%20Build%2FLVY48F%29">PlayMedia(&quot;plugin://plugin.video.tvone/play/453/play.pvr?sf_options=meta%3Dvotes%253D0%2526label%253DFR%252B-%252BBein%252Bsports%252Bmax%252B6%2526title%253DFR%252B-%252BBein%252Bsports%252Bmax%252B6%26winID%3D10025%26_options_sf&quot;)</favourite>
	<favourite name="FR - Bein sports max 7" thumb="http://taptube.net/tvtap1/images/channel_imgs/201217090332bein7.png|User-Agent=Dalvik%2F2.1.0%20%28Linux%3B%20U%3B%20Android%205.1.1%3B%20AFTS%20Build%2FLVY48F%29">PlayMedia(&quot;plugin://plugin.video.tvone/play/454/play.pvr?sf_options=meta%3Dvotes%253D0%2526label%253DFR%252B-%252BCanal%25252B%252BSport%2526title%253DFR%252B-%252BCanal%25252B%252BSport%26winID%3D10025%26_options_sf&quot;)</favourite>
	<favourite name="FR - Infosport+" thumb="http://taptube.net/tvtap1/images/channel_imgs/140518055357info.jpeg|User-Agent=Dalvik%2F2.1.0%20%28Linux%3B%20U%3B%20Android%205.1.1%3B%20AFTS%20Build%2FLVY48F%29">PlayMedia(&quot;plugin://plugin.video.tvone/play/721/play.pvr?sf_options=meta%3Dvotes%253D0%2526label%253DFR%252B-%252BInfosport%25252B%2526title%253DFR%252B-%252BInfosport%25252B%26winID%3D10025%26_options_sf&quot;)</favourite>
	<favourite name="FR - RMC Sport 1" thumb="http://taptube.net/tvtap1/images/channel_imgs/170818091540RMCSPORT1.png|User-Agent=Dalvik%2F2.1.0%20%28Linux%3B%20U%3B%20Android%205.1.1%3B%20AFTS%20Build%2FLVY48F%29">PlayMedia(&quot;plugin://plugin.video.tvone/play/598/play.pvr?sf_options=meta%3Dvotes%253D0%2526label%253DFR%252B-%252BRMC%252BSport%252B1%2526title%253DFR%252B-%252BRMC%252BSport%252B1%26winID%3D10025%26_options_sf&quot;)</favourite>
	<favourite name="FR - RMC Sport 2" thumb="http://taptube.net/tvtap1/images/channel_imgs/170818091605rmc2.png|User-Agent=Dalvik%2F2.1.0%20%28Linux%3B%20U%3B%20Android%205.1.1%3B%20AFTS%20Build%2FLVY48F%29">PlayMedia(&quot;plugin://plugin.video.tvone/play/599/play.pvr?sf_options=meta%3Dvotes%253D0%2526label%253DFR%252B-%252BRMC%252BSport%252B2%2526title%253DFR%252B-%252BRMC%252BSport%252B2%26winID%3D10025%26_options_sf&quot;)</favourite>
	<favourite name="FR - RMC Sport 3" thumb="http://taptube.net/tvtap1/images/channel_imgs/170818091632RMCSPORT3.png|User-Agent=Dalvik%2F2.1.0%20%28Linux%3B%20U%3B%20Android%205.1.1%3B%20AFTS%20Build%2FLVY48F%29">PlayMedia(&quot;plugin://plugin.video.tvone/play/600/play.pvr?sf_options=meta%3Dvotes%253D0%2526label%253DFR%252B-%252BRMC%252BSport%252B3%2526title%253DFR%252B-%252BRMC%252BSport%252B3%26winID%3D10025%26_options_sf&quot;)</favourite>
	<favourite name="FR - RMC Sport 4" thumb="http://taptube.net/tvtap1/images/channel_imgs/170818091730RMCSPORT4.png|User-Agent=Dalvik%2F2.1.0%20%28Linux%3B%20U%3B%20Android%205.1.1%3B%20AFTS%20Build%2FLVY48F%29">PlayMedia(&quot;plugin://plugin.video.tvone/play/601/play.pvr?sf_options=meta%3Dvotes%253D0%2526label%253DFR%252B-%252BRMC%252BSport%252B4%2526title%253DFR%252B-%252BRMC%252BSport%252B4%26winID%3D10025%26_options_sf&quot;)</favourite>
	<favourite name="CA - Sportsnet One" thumb="http://taptube.net/tvtap1/images/channel_imgs/041017012929sn1.jpg|User-Agent=Dalvik%2F2.1.0%20%28Linux%3B%20U%3B%20Android%205.1.1%3B%20AFTS%20Build%2FLVY48F%29">PlayMedia(&quot;plugin://plugin.video.tvone/play/417/play.pvr?sf_options=meta%3Dvotes%253D0%2526label%253DCA%252B-%252BSportsnet%252BOne%2526title%253DCA%252B-%252BSportsnet%252BOne%26winID%3D10025%26_options_sf&quot;)</favourite>
	<favourite name="CA - Sportsnet Ontario" thumb="http://taptube.net/tvtap1/images/channel_imgs/200116042105ont.png|User-Agent=Dalvik%2F2.1.0%20%28Linux%3B%20U%3B%20Android%205.1.1%3B%20AFTS%20Build%2FLVY48F%29">PlayMedia(&quot;plugin://plugin.video.tvone/play/214/play.pvr?sf_options=meta%3Dvotes%253D0%2526label%253DCA%252B-%252BSportsnet%252BOntario%2526title%253DCA%252B-%252BSportsnet%252BOntario%26winID%3D10025%26_options_sf&quot;)</favourite>
	<favourite name="CA - Sportsnet World" thumb="http://taptube.net/tvtap1/images/channel_imgs/200116042130worl.jpg|User-Agent=Dalvik%2F2.1.0%20%28Linux%3B%20U%3B%20Android%205.1.1%3B%20AFTS%20Build%2FLVY48F%29">PlayMedia(&quot;plugin://plugin.video.tvone/play/215/play.pvr?sf_options=meta%3Dvotes%253D0%2526label%253DCA%252B-%252BSportsnet%252BWorld%2526title%253DCA%252B-%252BSportsnet%252BWorld%26winID%3D10025%26_options_sf&quot;)</favourite>
	<favourite name="CA - TSN 1" thumb="http://taptube.net/tvtap1/images/channel_imgs/200116043251tsn1.jpg|User-Agent=Dalvik%2F2.1.0%20%28Linux%3B%20U%3B%20Android%205.1.1%3B%20AFTS%20Build%2FLVY48F%29">PlayMedia(&quot;plugin://plugin.video.tvone/play/233/play.pvr?sf_options=meta%3Dvotes%253D0%2526label%253DCA%252B-%252BTSN%252B1%2526title%253DCA%252B-%252BTSN%252B1%26winID%3D10025%26_options_sf&quot;)</favourite>
	<favourite name="CA - TSN 2" thumb="http://taptube.net/tvtap1/images/channel_imgs/200116043314ts2.png|User-Agent=Dalvik%2F2.1.0%20%28Linux%3B%20U%3B%20Android%205.1.1%3B%20AFTS%20Build%2FLVY48F%29">PlayMedia(&quot;plugin://plugin.video.tvone/play/234/play.pvr?sf_options=meta%3Dvotes%253D0%2526label%253DCA%252B-%252BTSN%252B2%2526title%253DCA%252B-%252BTSN%252B2%26winID%3D10025%26_options_sf&quot;)</favourite>
	<favourite name="CA - TSN 3" thumb="http://taptube.net/tvtap1/images/channel_imgs/200116043351ts3.png|User-Agent=Dalvik%2F2.1.0%20%28Linux%3B%20U%3B%20Android%205.1.1%3B%20AFTS%20Build%2FLVY48F%29">PlayMedia(&quot;plugin://plugin.video.tvone/play/235/play.pvr?sf_options=meta%3Dvotes%253D0%2526label%253DCA%252B-%252BTSN%252B3%2526title%253DCA%252B-%252BTSN%252B3%26winID%3D10025%26_options_sf&quot;)</favourite>
	<favourite name="CA - TSN 4" thumb="http://taptube.net/tvtap1/images/channel_imgs/090917013550tsn4.png|User-Agent=Dalvik%2F2.1.0%20%28Linux%3B%20U%3B%20Android%205.1.1%3B%20AFTS%20Build%2FLVY48F%29">PlayMedia(&quot;plugin://plugin.video.tvone/play/412/play.pvr?sf_options=meta%3Dvotes%253D0%2526label%253DCA%252B-%252BTSN%252B4%2526title%253DCA%252B-%252BTSN%252B4%26winID%3D10025%26_options_sf&quot;)</favourite>
	<favourite name="CA - TSN 5" thumb="http://taptube.net/tvtap1/images/channel_imgs/090917013648tsn5.png|User-Agent=Dalvik%2F2.1.0%20%28Linux%3B%20U%3B%20Android%205.1.1%3B%20AFTS%20Build%2FLVY48F%29">PlayMedia(&quot;plugin://plugin.video.tvone/play/413/play.pvr?sf_options=meta%3Dvotes%253D0%2526label%253DCA%252B-%252BTSN%252B5%2526title%253DCA%252B-%252BTSN%252B5%26winID%3D10025%26_options_sf&quot;)</favourite>
	<favourite name="DE - Dazn1" thumb="http://taptube.net/tvtap1/images/channel_imgs/210818121951dazn.png|User-Agent=Dalvik%2F2.1.0%20%28Linux%3B%20U%3B%20Android%205.1.1%3B%20AFTS%20Build%2FLVY48F%29">PlayMedia(&quot;plugin://plugin.video.tvone/play/777/play.pvr?sf_options=meta%3Dvotes%253D0%2526label%253DDE%252B-%252BDazn1%2526title%253DDE%252B-%252BDazn1%26winID%3D10025%26_options_sf&quot;)</favourite>
	<favourite name="DE - Dazn2" thumb="http://taptube.net/tvtap1/images/channel_imgs/210818122006dazn.png|User-Agent=Dalvik%2F2.1.0%20%28Linux%3B%20U%3B%20Android%205.1.1%3B%20AFTS%20Build%2FLVY48F%29">PlayMedia(&quot;plugin://plugin.video.tvone/play/778/play.pvr?sf_options=meta%3Dvotes%253D0%2526label%253DDE%252B-%252BDazn2%2526title%253DDE%252B-%252BDazn2%26winID%3D10025%26_options_sf&quot;)</favourite>
	<favourite name="DE - Euro Sport" thumb="http://taptube.net/tvtap1/images/channel_imgs/150617081436eurosport.png|User-Agent=Dalvik%2F2.1.0%20%28Linux%3B%20U%3B%20Android%205.1.1%3B%20AFTS%20Build%2FLVY48F%29">PlayMedia(&quot;plugin://plugin.video.tvone/play/385/play.pvr?sf_options=meta%3Dvotes%253D0%2526label%253DDE%252B-%252BEuro%252BSport%2526title%253DDE%252B-%252BEuro%252BSport%26winID%3D10025%26_options_sf&quot;)</favourite>
	<favourite name="DE - Sky Bundesliga 1" thumb="http://taptube.net/tvtap1/images/channel_imgs/12121701510510.png|User-Agent=Dalvik%2F2.1.0%20%28Linux%3B%20U%3B%20Android%205.1.1%3B%20AFTS%20Build%2FLVY48F%29">PlayMedia(&quot;plugin://plugin.video.tvone/play/401/play.pvr?sf_options=meta%3Dvotes%253D0%2526label%253DDE%252B-%252BSky%252BBundesliga%252B1%2526title%253DDE%252B-%252BSky%252BBundesliga%252B1%26winID%3D10025%26_options_sf&quot;)</favourite>
	<favourite name="DE - Sky Bundesliga 2" thumb="http://taptube.net/tvtap1/images/channel_imgs/12121701532322.png|User-Agent=Dalvik%2F2.1.0%20%28Linux%3B%20U%3B%20Android%205.1.1%3B%20AFTS%20Build%2FLVY48F%29">PlayMedia(&quot;plugin://plugin.video.tvone/play/431/play.pvr?sf_options=meta%3Dvotes%253D0%2526label%253DDE%252B-%252BSky%252BBundesliga%252B2%2526title%253DDE%252B-%252BSky%252BBundesliga%252B2%26winID%3D10025%26_options_sf&quot;)</favourite>
	<favourite name="DE - Sky Bundesliga 3" thumb="http://taptube.net/tvtap1/images/channel_imgs/12121701522033.png|User-Agent=Dalvik%2F2.1.0%20%28Linux%3B%20U%3B%20Android%205.1.1%3B%20AFTS%20Build%2FLVY48F%29">PlayMedia(&quot;plugin://plugin.video.tvone/play/432/play.pvr?sf_options=meta%3Dvotes%253D0%2526label%253DDE%252B-%252BSky%252BBundesliga%252B3%2526title%253DDE%252B-%252BSky%252BBundesliga%252B3%26winID%3D10025%26_options_sf&quot;)</favourite>
	<favourite name="DE - Sky Bundesliga 4" thumb="http://taptube.net/tvtap1/images/channel_imgs/12121701545144.png|User-Agent=Dalvik%2F2.1.0%20%28Linux%3B%20U%3B%20Android%205.1.1%3B%20AFTS%20Build%2FLVY48F%29">PlayMedia(&quot;plugin://plugin.video.tvone/play/433/play.pvr?sf_options=meta%3Dvotes%253D0%2526label%253DDE%252B-%252BSky%252BBundesliga%252B4%2526title%253DDE%252B-%252BSky%252BBundesliga%252B4%26winID%3D10025%26_options_sf&quot;)</favourite>
	<favourite name="DE - Sky Bundesliga 5" thumb="http://taptube.net/tvtap1/images/channel_imgs/12121701564455.png|User-Agent=Dalvik%2F2.1.0%20%28Linux%3B%20U%3B%20Android%205.1.1%3B%20AFTS%20Build%2FLVY48F%29">PlayMedia(&quot;plugin://plugin.video.tvone/play/434/play.pvr?sf_options=meta%3Dvotes%253D0%2526label%253DDE%252B-%252BSky%252BBundesliga%252B4%2526title%253DDE%252B-%252BSky%252BBundesliga%252B4%26winID%3D10025%26_options_sf&quot;)</favourite>
	<favourite name="DE - Sky Bundesliga 6" thumb="http://taptube.net/tvtap1/images/channel_imgs/12121701573666.png|User-Agent=Dalvik%2F2.1.0%20%28Linux%3B%20U%3B%20Android%205.1.1%3B%20AFTS%20Build%2FLVY48F%29">PlayMedia(&quot;plugin://plugin.video.tvone/play/435/play.pvr?sf_options=meta%3Dvotes%253D0%2526label%253DDE%252B-%252BSky%252BBundesliga%252B6%2526title%253DDE%252B-%252BSky%252BBundesliga%252B6%26winID%3D10025%26_options_sf&quot;)</favourite>
	<favourite name="DE - Sky Bundesliga 7" thumb="http://taptube.net/tvtap1/images/channel_imgs/12121701583177.png|User-Agent=Dalvik%2F2.1.0%20%28Linux%3B%20U%3B%20Android%205.1.1%3B%20AFTS%20Build%2FLVY48F%29">PlayMedia(&quot;plugin://plugin.video.tvone/play/436/play.pvr?sf_options=meta%3Dvotes%253D0%2526label%253DDE%252B-%252BSky%252BBundesliga%252B7%2526title%253DDE%252B-%252BSky%252BBundesliga%252B7%26winID%3D10025%26_options_sf&quot;)</favourite>
	<favourite name="DE - Sky Bundesliga 8" thumb="http://taptube.net/tvtap1/images/channel_imgs/12121701592288.png|User-Agent=Dalvik%2F2.1.0%20%28Linux%3B%20U%3B%20Android%205.1.1%3B%20AFTS%20Build%2FLVY48F%29">PlayMedia(&quot;plugin://plugin.video.tvone/play/437/play.pvr?sf_options=meta%3Dvotes%253D0%2526label%253DDE%252B-%252BSky%252BBundesliga%252B8%2526title%253DDE%252B-%252BSky%252BBundesliga%252B8%26winID%3D10025%26_options_sf&quot;)</favourite>
	<favourite name="DE - Sky sport 1 DE" thumb="http://taptube.net/tvtap1/images/channel_imgs/150617075308skysporrrr.png|User-Agent=Dalvik%2F2.1.0%20%28Linux%3B%20U%3B%20Android%205.1.1%3B%20AFTS%20Build%2FLVY48F%29">PlayMedia(&quot;plugin://plugin.video.tvone/play/403/play.pvr?sf_options=meta%3Dvotes%253D0%2526label%253DDE%252B-%252BSky%252Bsport%252B1%252BDE%2526title%253DDE%252B-%252BSky%252Bsport%252B1%252BDE%26winID%3D10025%26_options_sf&quot;)</favourite>
	<favourite name="DE - Sky sport 2 DE" thumb="http://taptube.net/tvtap1/images/channel_imgs/150617075204skysport22.jpeg|User-Agent=Dalvik%2F2.1.0%20%28Linux%3B%20U%3B%20Android%205.1.1%3B%20AFTS%20Build%2FLVY48F%29">PlayMedia(&quot;plugin://plugin.video.tvone/play/404/play.pvr?sf_options=meta%3Dvotes%253D0%2526label%253DDE%252B-%252BSky%252Bsport%252B2%252BDE%2526title%253DDE%252B-%252BSky%252Bsport%252B2%252BDE%26winID%3D10025%26_options_sf&quot;)</favourite>
	<favourite name="DE - Sport 1" thumb="http://taptube.net/tvtap1/images/channel_imgs/150617075053sport1.png|User-Agent=Dalvik%2F2.1.0%20%28Linux%3B%20U%3B%20Android%205.1.1%3B%20AFTS%20Build%2FLVY48F%29">PlayMedia(&quot;plugin://plugin.video.tvone/play/405/play.pvr?sf_options=meta%3Dvotes%253D0%2526label%253DDE%252B-%252BSport%252B1%2526title%253DDE%252B-%252BSport%252B1%26winID%3D10025%26_options_sf&quot;)</favourite>
	<favourite name="ES - Bein Sports" thumb="http://taptube.net/tvtap1/images/channel_imgs/231216034647beinsp.jpeg|User-Agent=Dalvik%2F2.1.0%20%28Linux%3B%20U%3B%20Android%205.1.1%3B%20AFTS%20Build%2FLVY48F%29">PlayMedia(&quot;plugin://plugin.video.tvone/play/354/play.pvr?sf_options=meta%3Dvotes%253D0%2526label%253DES%252B-%252BBein%252BSports%2526title%253DES%252B-%252BBein%252BSports%26winID%3D10025%26_options_sf&quot;)</favourite>
	<favourite name="ES - beIN Sports Laliga" thumb="http://taptube.net/tvtap1/images/channel_imgs/240218025009lala.jpg|User-Agent=Dalvik%2F2.1.0%20%28Linux%3B%20U%3B%20Android%205.1.1%3B%20AFTS%20Build%2FLVY48F%29">PlayMedia(&quot;plugin://plugin.video.tvone/play/669/play.pvr?sf_options=meta%3Dvotes%253D0%2526label%253DES%252B-%252BbeIN%252BSports%252BLaliga%2526title%253DES%252B-%252BbeIN%252BSports%252BLaliga%26winID%3D10025%26_options_sf&quot;)</favourite>
	<favourite name="ES - Euro sport" thumb="http://taptube.net/tvtap1/images/channel_imgs/250518014244eurrrr.png|User-Agent=Dalvik%2F2.1.0%20%28Linux%3B%20U%3B%20Android%205.1.1%3B%20AFTS%20Build%2FLVY48F%29">PlayMedia(&quot;plugin://plugin.video.tvone/play/741/play.pvr?sf_options=meta%3Dvotes%253D0%2526label%253DES%252B-%252BEuro%252Bsport%2526title%253DES%252B-%252BEuro%252Bsport%26winID%3D10025%26_options_sf&quot;)</favourite>
	<favourite name="ES - Euro sport 2" thumb="http://taptube.net/tvtap1/images/channel_imgs/250518014339euro2.gif|User-Agent=Dalvik%2F2.1.0%20%28Linux%3B%20U%3B%20Android%205.1.1%3B%20AFTS%20Build%2FLVY48F%29">PlayMedia(&quot;plugin://plugin.video.tvone/play/742/play.pvr?sf_options=meta%3Dvotes%253D0%2526label%253DES%252B-%252BEuro%252Bsport%252B2%2526title%253DES%252B-%252BEuro%252Bsport%252B2%26winID%3D10025%26_options_sf&quot;)</favourite>
	<favourite name="ES - La Liga" thumb="http://taptube.net/tvtap1/images/channel_imgs/250518014428lalig.jpg|User-Agent=Dalvik%2F2.1.0%20%28Linux%3B%20U%3B%20Android%205.1.1%3B%20AFTS%20Build%2FLVY48F%29">PlayMedia(&quot;plugin://plugin.video.tvone/play/743/play.pvr?sf_options=meta%3Dvotes%253D0%2526label%253DES%252B-%252BLa%252BLiga%2526title%253DES%252B-%252BLa%252BLiga%26winID%3D10025%26_options_sf&quot;)</favourite>
	<favourite name="ES - LaLiga 123" thumb="http://taptube.net/tvtap1/images/channel_imgs/250918042247laliga12.jpg|User-Agent=Dalvik%2F2.1.0%20%28Linux%3B%20U%3B%20Android%205.1.1%3B%20AFTS%20Build%2FLVY48F%29">PlayMedia(&quot;plugin://plugin.video.tvone/play/802/play.pvr?sf_options=meta%3Dvotes%253D0%2526label%253DES%252B-%252BLaLiga%252B123%2526title%253DES%252B-%252BLaLiga%252B123%26winID%3D10025%26_options_sf&quot;)</favourite>
	<favourite name="ES - Movistar deportes" thumb="http://taptube.net/tvtap1/images/channel_imgs/201217090912depp.png|User-Agent=Dalvik%2F2.1.0%20%28Linux%3B%20U%3B%20Android%205.1.1%3B%20AFTS%20Build%2FLVY48F%29">PlayMedia(&quot;plugin://plugin.video.tvone/play/457/play.pvr?sf_options=meta%3Dvotes%253D0%2526label%253DES%252B-%252BMovistar%252Bdeportes%2526title%253DES%252B-%252BMovistar%252Bdeportes%26winID%3D10025%26_options_sf&quot;)</favourite>
	<favourite name="ES - Movistar deportes 2" thumb="http://taptube.net/tvtap1/images/channel_imgs/201217091045dep2.jpg|User-Agent=Dalvik%2F2.1.0%20%28Linux%3B%20U%3B%20Android%205.1.1%3B%20AFTS%20Build%2FLVY48F%29">PlayMedia(&quot;plugin://plugin.video.tvone/play/458/play.pvr?sf_options=meta%3Dvotes%253D0%2526label%253DES%252B-%252BMovistar%252Bdeportes%252B2%2526title%253DES%252B-%252BMovistar%252Bdeportes%252B2%26winID%3D10025%26_options_sf&quot;)</favourite>
	<favourite name="ES - Movistar futbol" thumb="http://taptube.net/tvtap1/images/channel_imgs/201217090647futt.png|User-Agent=Dalvik%2F2.1.0%20%28Linux%3B%20U%3B%20Android%205.1.1%3B%20AFTS%20Build%2FLVY48F%29">PlayMedia(&quot;plugin://plugin.video.tvone/play/456/play.pvr?sf_options=meta%3Dvotes%253D0%2526label%253DES%252B-%252BMovistar%252Bfutbol%2526title%253DES%252B-%252BMovistar%252Bfutbol%26winID%3D10025%26_options_sf&quot;)</favourite>
	<favourite name="ES - Real Madrid" thumb="http://taptube.net/tvtap1/images/channel_imgs/260218112537rea.png|User-Agent=Dalvik%2F2.1.0%20%28Linux%3B%20U%3B%20Android%205.1.1%3B%20AFTS%20Build%2FLVY48F%29">PlayMedia(&quot;plugin://plugin.video.tvone/play/672/play.pvr?sf_options=meta%3Dvotes%253D0%2526label%253DES%252B-%252BReal%252BMadrid%2526title%253DES%252B-%252BReal%252BMadrid%26winID%3D10025%26_options_sf&quot;)</favourite>
	<favourite name="IT - Automoto" thumb="http://taptube.net/tvtap1/images/channel_imgs/220518013815autoo.jpeg|User-Agent=Dalvik%2F2.1.0%20%28Linux%3B%20U%3B%20Android%205.1.1%3B%20AFTS%20Build%2FLVY48F%29">PlayMedia(&quot;plugin://plugin.video.tvone/play/733/play.pvr?sf_options=meta%3Dvotes%253D0%2526label%253DIT%252B-%252BAutomoto%2526title%253DIT%252B-%252BAutomoto%26winID%3D10025%26_options_sf&quot;)</favourite>
	<favourite name="IT - Bike" thumb="http://taptube.net/tvtap1/images/channel_imgs/220518013952bike.png|User-Agent=Dalvik%2F2.1.0%20%28Linux%3B%20U%3B%20Android%205.1.1%3B%20AFTS%20Build%2FLVY48F%29">PlayMedia(&quot;plugin://plugin.video.tvone/play/734/play.pvr?sf_options=meta%3Dvotes%253D0%2526label%253DIT%252B-%252BBike%2526title%253DIT%252B-%252BBike%26winID%3D10025%26_options_sf&quot;)</favourite>
	<favourite name="IT - Dazn 1" thumb="http://taptube.net/tvtap1/images/channel_imgs/100818031810dazn.png|User-Agent=Dalvik%2F2.1.0%20%28Linux%3B%20U%3B%20Android%205.1.1%3B%20AFTS%20Build%2FLVY48F%29">PlayMedia(&quot;plugin://plugin.video.tvone/play/767/play.pvr?sf_options=meta%3Dvotes%253D0%2526label%253DIT%252B-%252BDazn%252B1%2526title%253DIT%252B-%252BDazn%252B1%26winID%3D10025%26_options_sf&quot;)</favourite>
	<favourite name="IT - Dazn 2" thumb="http://taptube.net/tvtap1/images/channel_imgs/100818031954dazn.png|User-Agent=Dalvik%2F2.1.0%20%28Linux%3B%20U%3B%20Android%205.1.1%3B%20AFTS%20Build%2FLVY48F%29">PlayMedia(&quot;plugin://plugin.video.tvone/play/768/play.pvr?sf_options=meta%3Dvotes%253D0%2526label%253DIT%252B-%252BDazn%252B2%2526title%253DIT%252B-%252BDazn%252B2%26winID%3D10025%26_options_sf&quot;)</favourite>
	<favourite name="IT - Dazn 3" thumb="http://taptube.net/tvtap1/images/channel_imgs/100818032007dazn.png|User-Agent=Dalvik%2F2.1.0%20%28Linux%3B%20U%3B%20Android%205.1.1%3B%20AFTS%20Build%2FLVY48F%29">PlayMedia(&quot;plugin://plugin.video.tvone/play/769/play.pvr?sf_options=meta%3Dvotes%253D0%2526label%253DIT%252B-%252BDazn%252B3%2526title%253DIT%252B-%252BDazn%252B3%26winID%3D10025%26_options_sf&quot;)</favourite>
	<favourite name="IT - Dazn 4" thumb="http://taptube.net/tvtap1/images/channel_imgs/100818032020dazn.png|User-Agent=Dalvik%2F2.1.0%20%28Linux%3B%20U%3B%20Android%205.1.1%3B%20AFTS%20Build%2FLVY48F%29">PlayMedia(&quot;plugin://plugin.video.tvone/play/770/play.pvr?sf_options=meta%3Dvotes%253D0%2526label%253DIT%252B-%252BDazn%252B4%2526title%253DIT%252B-%252BDazn%252B4%26winID%3D10025%26_options_sf&quot;)</favourite>
	<favourite name="IT - Dazn 5" thumb="http://taptube.net/tvtap1/images/channel_imgs/100818032033dazn.png|User-Agent=Dalvik%2F2.1.0%20%28Linux%3B%20U%3B%20Android%205.1.1%3B%20AFTS%20Build%2FLVY48F%29">PlayMedia(&quot;plugin://plugin.video.tvone/play/771/play.pvr?sf_options=meta%3Dvotes%253D0%2526label%253DIT%252B-%252BDazn%252B5%2526title%253DIT%252B-%252BDazn%252B5%26winID%3D10025%26_options_sf&quot;)</favourite>
	<favourite name="IT - Dazn 6" thumb="http://taptube.net/tvtap1/images/channel_imgs/031118035634dazn.png|User-Agent=Dalvik%2F2.1.0%20%28Linux%3B%20U%3B%20Android%205.1.1%3B%20AFTS%20Build%2FLVY48F%29">PlayMedia(&quot;plugin://plugin.video.tvone/play/815/play.pvr?sf_options=meta%3Dvotes%253D0%2526label%253DIT%252B-%252BDazn%252B6%2526title%253DIT%252B-%252BDazn%252B6%26winID%3D10025%26_options_sf&quot;)</favourite>
	<favourite name="IT - Dazn 7" thumb="http://taptube.net/tvtap1/images/channel_imgs/031118035755dazn.png|User-Agent=Dalvik%2F2.1.0%20%28Linux%3B%20U%3B%20Android%205.1.1%3B%20AFTS%20Build%2FLVY48F%29">PlayMedia(&quot;plugin://plugin.video.tvone/play/816/play.pvr?sf_options=meta%3Dvotes%253D0%2526label%253DIT%252B-%252BDazn%252B7%2526title%253DIT%252B-%252BDazn%252B7%26winID%3D10025%26_options_sf&quot;)</favourite>
	<favourite name="IT - Dazn 8" thumb="http://taptube.net/tvtap1/images/channel_imgs/031118035807dazn.png|User-Agent=Dalvik%2F2.1.0%20%28Linux%3B%20U%3B%20Android%205.1.1%3B%20AFTS%20Build%2FLVY48F%29">PlayMedia(&quot;plugin://plugin.video.tvone/play/817/play.pvr?sf_options=meta%3Dvotes%253D0%2526label%253DIT%252B-%252BDazn%252B8%2526title%253DIT%252B-%252BDazn%252B8%26winID%3D10025%26_options_sf&quot;)</favourite>
	<favourite name="IT - Dazn 9" thumb="http://taptube.net/tvtap1/images/channel_imgs/031118035815dazn.png|User-Agent=Dalvik%2F2.1.0%20%28Linux%3B%20U%3B%20Android%205.1.1%3B%20AFTS%20Build%2FLVY48F%29">PlayMedia(&quot;plugin://plugin.video.tvone/play/818/play.pvr?sf_options=meta%3Dvotes%253D0%2526label%253DIT%252B-%252BDazn%252B9%2526title%253DIT%252B-%252BDazn%252B9%26winID%3D10025%26_options_sf&quot;)</favourite>
	<favourite name="IT - Dazn 10" thumb="http://taptube.net/tvtap1/images/channel_imgs/031118035735dazn.png|User-Agent=Dalvik%2F2.1.0%20%28Linux%3B%20U%3B%20Android%205.1.1%3B%20AFTS%20Build%2FLVY48F%29">PlayMedia(&quot;plugin://plugin.video.tvone/play/819/play.pvr?sf_options=meta%3Dvotes%253D0%2526label%253DIT%252B-%252BDazn%252B10%2526title%253DIT%252B-%252BDazn%252B10%26winID%3D10025%26_options_sf&quot;)</favourite>
	<favourite name="IT - Dazn 11" thumb="http://taptube.net/tvtap1/images/channel_imgs/031118035743dazn.png|User-Agent=Dalvik%2F2.1.0%20%28Linux%3B%20U%3B%20Android%205.1.1%3B%20AFTS%20Build%2FLVY48F%29">PlayMedia(&quot;plugin://plugin.video.tvone/play/820/play.pvr?sf_options=meta%3Dvotes%253D0%2526label%253DIT%252B-%252BDazn%252B11%2526title%253DIT%252B-%252BDazn%252B11%26winID%3D10025%26_options_sf&quot;)</favourite>
	<favourite name="IT - Dazn Vetrina" thumb="http://taptube.net/tvtap1/images/channel_imgs/100818032129dazn.png|User-Agent=Dalvik%2F2.1.0%20%28Linux%3B%20U%3B%20Android%205.1.1%3B%20AFTS%20Build%2FLVY48F%29">PlayMedia(&quot;plugin://plugin.video.tvone/play/772/play.pvr?sf_options=meta%3Dvotes%253D0%2526label%253DIT%252B-%252BDazn%252BVetrina%2526title%253DIT%252B-%252BDazn%252BVetrina%26winID%3D10025%26_options_sf&quot;)</favourite>
	<favourite name="IT - Euro sport" thumb="http://taptube.net/tvtap1/images/channel_imgs/140518053159eur.png|User-Agent=Dalvik%2F2.1.0%20%28Linux%3B%20U%3B%20Android%205.1.1%3B%20AFTS%20Build%2FLVY48F%29">PlayMedia(&quot;plugin://plugin.video.tvone/play/711/play.pvr?sf_options=meta%3Dvotes%253D0%2526label%253DIT%252B-%252BEuro%252Bsport%2526title%253DIT%252B-%252BEuro%252Bsport%26winID%3D10025%26_options_sf&quot;)</favourite>
	<favourite name="IT - Euro sport 2" thumb="http://taptube.net/tvtap1/images/channel_imgs/140518053309euro2.png|User-Agent=Dalvik%2F2.1.0%20%28Linux%3B%20U%3B%20Android%205.1.1%3B%20AFTS%20Build%2FLVY48F%29">PlayMedia(&quot;plugin://plugin.video.tvone/play/712/play.pvr?sf_options=meta%3Dvotes%253D0%2526label%253DIT%252B-%252BEuro%252Bsport%252B2%2526title%253DIT%252B-%252BEuro%252Bsport%252B2%26winID%3D10025%26_options_sf&quot;)</favourite>
	<favourite name="IT - Inter Tv" thumb="http://taptube.net/tvtap1/images/channel_imgs/250518014057inter.jpg|User-Agent=Dalvik%2F2.1.0%20%28Linux%3B%20U%3B%20Android%205.1.1%3B%20AFTS%20Build%2FLVY48F%29">PlayMedia(&quot;plugin://plugin.video.tvone/play/739/play.pvr?sf_options=meta%3Dvotes%253D0%2526label%253DIT%252B-%252BInter%252BTv%2526title%253DIT%252B-%252BInter%252BTv%26winID%3D10025%26_options_sf&quot;)</favourite>
	<favourite name="IT - Lazio Style" thumb="http://taptube.net/tvtap1/images/channel_imgs/150918123638lazo.png|User-Agent=Dalvik%2F2.1.0%20%28Linux%3B%20U%3B%20Android%205.1.1%3B%20AFTS%20Build%2FLVY48F%29">PlayMedia(&quot;plugin://plugin.video.tvone/play/794/play.pvr?sf_options=meta%3Dvotes%253D0%2526label%253DIT%252B-%252BLazio%252BStyle%2526title%253DIT%252B-%252BLazio%252BStyle%26winID%3D10025%26_options_sf&quot;)</favourite>
	<favourite name="IT - Mediaset Extra" thumb="http://taptube.net/tvtap1/images/channel_imgs/140618010621extr.jpeg|User-Agent=Dalvik%2F2.1.0%20%28Linux%3B%20U%3B%20Android%205.1.1%3B%20AFTS%20Build%2FLVY48F%29">PlayMedia(&quot;plugin://plugin.video.tvone/play/749/play.pvr?sf_options=meta%3Dvotes%253D0%2526label%253DIT%252B-%252BMediaset%252BExtra%2526title%253DIT%252B-%252BMediaset%252BExtra%26winID%3D10025%26_options_sf&quot;)</favourite>
	<favourite name="IT - Milan tv" thumb="http://taptube.net/tvtap1/images/channel_imgs/220518013021milan.png|User-Agent=Dalvik%2F2.1.0%20%28Linux%3B%20U%3B%20Android%205.1.1%3B%20AFTS%20Build%2FLVY48F%29">PlayMedia(&quot;plugin://plugin.video.tvone/play/729/play.pvr?sf_options=meta%3Dvotes%253D0%2526label%253DIT%252B-%252BMilan%252Btv%2526title%253DIT%252B-%252BMilan%252Btv%26winID%3D10025%26_options_sf&quot;)</favourite>
	<favourite name="IT - Motor Trend" thumb="http://taptube.net/tvtap1/images/channel_imgs/111018013349motor.jpg|User-Agent=Dalvik%2F2.1.0%20%28Linux%3B%20U%3B%20Android%205.1.1%3B%20AFTS%20Build%2FLVY48F%29">PlayMedia(&quot;plugin://plugin.video.tvone/play/814/play.pvr?sf_options=meta%3Dvotes%253D0%2526label%253DIT%252B-%252BMotor%252BTrend%2526title%253DIT%252B-%252BMotor%252BTrend%26winID%3D10025%26_options_sf&quot;)</favourite>
	<favourite name="IT - Rai sport+" thumb="http://taptube.net/tvtap1/images/channel_imgs/150918124031rai.png|User-Agent=Dalvik%2F2.1.0%20%28Linux%3B%20U%3B%20Android%205.1.1%3B%20AFTS%20Build%2FLVY48F%29">PlayMedia(&quot;plugin://plugin.video.tvone/play/796/play.pvr?sf_options=meta%3Dvotes%253D0%2526label%253DIT%252B-%252BRai%252Bsport%25252B%2526title%253DIT%252B-%252BRai%252Bsport%25252B%26winID%3D10025%26_options_sf&quot;)</favourite>
	<favourite name="IT - Roma tv" thumb="http://taptube.net/tvtap1/images/channel_imgs/220518013157romaa.png|User-Agent=Dalvik%2F2.1.0%20%28Linux%3B%20U%3B%20Android%205.1.1%3B%20AFTS%20Build%2FLVY48F%29">PlayMedia(&quot;plugin://plugin.video.tvone/play/730/play.pvr?sf_options=meta%3Dvotes%253D0%2526label%253DIT%252B-%252BRoma%252Btv%2526title%253DIT%252B-%252BRoma%252Btv%26winID%3D10025%26_options_sf&quot;)</favourite>
	<favourite name="IT - Sky calcio 1" thumb="http://taptube.net/tvtap1/images/channel_imgs/080118033154skycal.png|User-Agent=Dalvik%2F2.1.0%20%28Linux%3B%20U%3B%20Android%205.1.1%3B%20AFTS%20Build%2FLVY48F%29">PlayMedia(&quot;plugin://plugin.video.tvone/play/582/play.pvr?sf_options=meta%3Dvotes%253D0%2526label%253DIT%252B-%252BSky%252Bcalcio%252B1%2526title%253DIT%252B-%252BSky%252Bcalcio%252B1%26winID%3D10025%26_options_sf&quot;)</favourite>
	<favourite name="IT - Sky calcio 2" thumb="http://taptube.net/tvtap1/images/channel_imgs/080118033226skycal2.png|User-Agent=Dalvik%2F2.1.0%20%28Linux%3B%20U%3B%20Android%205.1.1%3B%20AFTS%20Build%2FLVY48F%29">PlayMedia(&quot;plugin://plugin.video.tvone/play/583/play.pvr?sf_options=meta%3Dvotes%253D0%2526label%253DIT%252B-%252BSky%252Bcalcio%252B2%2526title%253DIT%252B-%252BSky%252Bcalcio%252B2%26winID%3D10025%26_options_sf&quot;)</favourite>
	<favourite name="IT - Sky calcio 3" thumb="http://taptube.net/tvtap1/images/channel_imgs/140518042927skycalcio3.png|User-Agent=Dalvik%2F2.1.0%20%28Linux%3B%20U%3B%20Android%205.1.1%3B%20AFTS%20Build%2FLVY48F%29">PlayMedia(&quot;plugin://plugin.video.tvone/play/706/play.pvr?sf_options=meta%3Dvotes%253D0%2526label%253DIT%252B-%252BSky%252Bcalcio%252B3%2526title%253DIT%252B-%252BSky%252Bcalcio%252B3%26winID%3D10025%26_options_sf&quot;)</favourite>
	<favourite name="IT - Sky calcio 4" thumb="http://taptube.net/tvtap1/images/channel_imgs/140518043403calcio4.png|User-Agent=Dalvik%2F2.1.0%20%28Linux%3B%20U%3B%20Android%205.1.1%3B%20AFTS%20Build%2FLVY48F%29">PlayMedia(&quot;plugin://plugin.video.tvone/play/707/play.pvr?sf_options=meta%3Dvotes%253D0%2526label%253DIT%252B-%252BSky%252Bcalcio%252B4%2526title%253DIT%252B-%252BSky%252Bcalcio%252B4%26winID%3D10025%26_options_sf&quot;)</favourite>
	<favourite name="IT - Sky calcio 5" thumb="http://taptube.net/tvtap1/images/channel_imgs/140518043929calcio5.png|User-Agent=Dalvik%2F2.1.0%20%28Linux%3B%20U%3B%20Android%205.1.1%3B%20AFTS%20Build%2FLVY48F%29">PlayMedia(&quot;plugin://plugin.video.tvone/play/708/play.pvr?sf_options=meta%3Dvotes%253D0%2526label%253DIT%252B-%252BSky%252Bcalcio%252B5%2526title%253DIT%252B-%252BSky%252Bcalcio%252B5%26winID%3D10025%26_options_sf&quot;)</favourite>
	<favourite name="IT - Sky calcio 6" thumb="http://taptube.net/tvtap1/images/channel_imgs/140518044019calcio6.png|User-Agent=Dalvik%2F2.1.0%20%28Linux%3B%20U%3B%20Android%205.1.1%3B%20AFTS%20Build%2FLVY48F%29">PlayMedia(&quot;plugin://plugin.video.tvone/play/709/play.pvr?sf_options=meta%3Dvotes%253D0%2526label%253DIT%252B-%252BSky%252Bcalcio%252B6%2526title%253DIT%252B-%252BSky%252Bcalcio%252B6%26winID%3D10025%26_options_sf&quot;)</favourite>
	<favourite name="IT - Sky sport Arena" thumb="http://taptube.net/tvtap1/images/channel_imgs/190718073708arenaa.jpeg|User-Agent=Dalvik%2F2.1.0%20%28Linux%3B%20U%3B%20Android%205.1.1%3B%20AFTS%20Build%2FLVY48F%29">PlayMedia(&quot;plugin://plugin.video.tvone/play/579/play.pvr?sf_options=meta%3Dvotes%253D0%2526label%253DIT%252B-%252BSky%252Bsport%252BArena%2526title%253DIT%252B-%252BSky%252Bsport%252BArena%26winID%3D10025%26_options_sf&quot;)</favourite>
	<favourite name="IT - Sky sport F1 IT" thumb="http://taptube.net/tvtap1/images/channel_imgs/080118032714sf1.jpeg|User-Agent=Dalvik%2F2.1.0%20%28Linux%3B%20U%3B%20Android%205.1.1%3B%20AFTS%20Build%2FLVY48F%29">PlayMedia(&quot;plugin://plugin.video.tvone/play/581/play.pvr?sf_options=meta%3Dvotes%253D0%2526label%253DIT%252B-%252BSky%252Bsport%252BF1%252BIT%2526title%253DIT%252B-%252BSky%252Bsport%252BF1%252BIT%26winID%3D10025%26_options_sf&quot;)</favourite>
	<favourite name="IT - Sky Sport Football" thumb="http://taptube.net/tvtap1/images/channel_imgs/190718075156foot.jpeg|User-Agent=Dalvik%2F2.1.0%20%28Linux%3B%20U%3B%20Android%205.1.1%3B%20AFTS%20Build%2FLVY48F%29">PlayMedia(&quot;plugin://plugin.video.tvone/play/580/play.pvr?sf_options=meta%3Dvotes%253D0%2526label%253DIT%252B-%252BSky%252BSport%252BFootball%2526title%253DIT%252B-%252BSky%252BSport%252BFootball%26winID%3D10025%26_options_sf&quot;)</favourite>
	<favourite name="IT - Sky Sport Motogp" thumb="http://taptube.net/tvtap1/images/channel_imgs/240218012258mtt.jpeg|User-Agent=Dalvik%2F2.1.0%20%28Linux%3B%20U%3B%20Android%205.1.1%3B%20AFTS%20Build%2FLVY48F%29">PlayMedia(&quot;plugin://plugin.video.tvone/play/668/play.pvr?sf_options=meta%3Dvotes%253D0%2526label%253DIT%252B-%252BSky%252BSport%252BMotogp%2526title%253DIT%252B-%252BSky%252BSport%252BMotogp%26winID%3D10025%26_options_sf&quot;)</favourite>
	<favourite name="IT - Sky Sport NBA" thumb="http://taptube.net/tvtap1/images/channel_imgs/130818011304nba.png|User-Agent=Dalvik%2F2.1.0%20%28Linux%3B%20U%3B%20Android%205.1.1%3B%20AFTS%20Build%2FLVY48F%29">PlayMedia(&quot;plugin://plugin.video.tvone/play/704/play.pvr?sf_options=meta%3Dvotes%253D0%2526label%253DIT%252B-%252BSky%252BSport%252BNBA%2526title%253DIT%252B-%252BSky%252BSport%252BNBA%26winID%3D10025%26_options_sf&quot;)</favourite>
	<favourite name="IT - Sky Sport Serie A" thumb="http://taptube.net/tvtap1/images/channel_imgs/190718075031serie.png|User-Agent=Dalvik%2F2.1.0%20%28Linux%3B%20U%3B%20Android%205.1.1%3B%20AFTS%20Build%2FLVY48F%29">PlayMedia(&quot;plugin://plugin.video.tvone/play/705/play.pvr?sf_options=meta%3Dvotes%253D0%2526label%253DIT%252B-%252BSky%252BSport%252BSerie%252BA%2526title%253DIT%252B-%252BSky%252BSport%252BSerie%252BA%26winID%3D10025%26_options_sf&quot;)</favourite>
	<favourite name="IT - Sky sport Uno" thumb="http://taptube.net/tvtap1/images/channel_imgs/190718073552uno.png|User-Agent=Dalvik%2F2.1.0%20%28Linux%3B%20U%3B%20Android%205.1.1%3B%20AFTS%20Build%2FLVY48F%29">PlayMedia(&quot;plugin://plugin.video.tvone/play/578/play.pvr?sf_options=meta%3Dvotes%253D0%2526label%253DIT%252B-%252BSky%252Bsport%252BUno%2526title%253DIT%252B-%252BSky%252Bsport%252BUno%26winID%3D10025%26_options_sf&quot;)</favourite>
	<favourite name="IT - Sky sport24" thumb="http://taptube.net/tvtap1/images/channel_imgs/250118033928sky24.png|User-Agent=Dalvik%2F2.1.0%20%28Linux%3B%20U%3B%20Android%205.1.1%3B%20AFTS%20Build%2FLVY48F%29">PlayMedia(&quot;plugin://plugin.video.tvone/play/629/play.pvr?sf_options=meta%3Dvotes%253D0%2526label%253DIT%252B-%252BSky%252Bsport24%2526title%253DIT%252B-%252BSky%252Bsport24%26winID%3D10025%26_options_sf&quot;)</favourite>
	<favourite name="IT - Sport italia" thumb="http://taptube.net/tvtap1/images/channel_imgs/131217014025sportit.jpg|User-Agent=Dalvik%2F2.1.0%20%28Linux%3B%20U%3B%20Android%205.1.1%3B%20AFTS%20Build%2FLVY48F%29">PlayMedia(&quot;plugin://plugin.video.tvone/play/450/play.pvr?sf_options=meta%3Dvotes%253D0%2526label%253DIT%252B-%252BSport%252Bitalia%2526title%253DIT%252B-%252BSport%252Bitalia%26winID%3D10025%26_options_sf&quot;)</favourite>
	<favourite name="IT - Super tennis" thumb="http://taptube.net/tvtap1/images/channel_imgs/250918041732tenn.png|User-Agent=Dalvik%2F2.1.0%20%28Linux%3B%20U%3B%20Android%205.1.1%3B%20AFTS%20Build%2FLVY48F%29">PlayMedia(&quot;plugin://plugin.video.tvone/play/799/play.pvr?sf_options=meta%3Dvotes%253D0%2526label%253DIT%252B-%252BSuper%252Btennis%2526title%253DIT%252B-%252BSuper%252Btennis%26winID%3D10025%26_options_sf&quot;)</favourite>
	<favourite name="IT - Torino Channel" thumb="http://taptube.net/tvtap1/images/channel_imgs/190718090249tor.jpeg|User-Agent=Dalvik%2F2.1.0%20%28Linux%3B%20U%3B%20Android%205.1.1%3B%20AFTS%20Build%2FLVY48F%29">PlayMedia(&quot;plugin://plugin.video.tvone/play/756/play.pvr?sf_options=meta%3Dvotes%253D0%2526label%253DIT%252B-%252BTorino%252BChannel%2526title%253DIT%252B-%252BTorino%252BChannel%26winID%3D10025%26_options_sf&quot;)</favourite>
	<favourite name="NL - Fox sports1" thumb="http://taptube.net/tvtap1/images/channel_imgs/020818015218fox.png|User-Agent=Dalvik%2F2.1.0%20%28Linux%3B%20U%3B%20Android%205.1.1%3B%20AFTS%20Build%2FLVY48F%29">PlayMedia(&quot;plugin://plugin.video.tvone/play/510/play.pvr?sf_options=meta%3Dvotes%253D0%2526label%253DNL%252B-%252BFox%252Bsports1%2526title%253DNL%252B-%252BFox%252Bsports1%26winID%3D10025%26_options_sf&quot;)</favourite>
	<favourite name="NL - Fox sports2" thumb="http://taptube.net/tvtap1/images/channel_imgs/020818015250fox2.png|User-Agent=Dalvik%2F2.1.0%20%28Linux%3B%20U%3B%20Android%205.1.1%3B%20AFTS%20Build%2FLVY48F%29">PlayMedia(&quot;plugin://plugin.video.tvone/play/511/play.pvr?sf_options=meta%3Dvotes%253D0%2526label%253DNL%252B-%252BFox%252Bsports2%2526title%253DNL%252B-%252BFox%252Bsports2%26winID%3D10025%26_options_sf&quot;)</favourite>
	<favourite name="NL - Fox sports3" thumb="http://taptube.net/tvtap1/images/channel_imgs/020818015309fox3.png|User-Agent=Dalvik%2F2.1.0%20%28Linux%3B%20U%3B%20Android%205.1.1%3B%20AFTS%20Build%2FLVY48F%29">PlayMedia(&quot;plugin://plugin.video.tvone/play/512/play.pvr?sf_options=meta%3Dvotes%253D0%2526label%253DNL%252B-%252BFox%252Bsports3%2526title%253DNL%252B-%252BFox%252Bsports3%26winID%3D10025%26_options_sf&quot;)</favourite>
	<favourite name="NL - Fox sports4" thumb="http://taptube.net/tvtap1/images/channel_imgs/020818015328fox4.png|User-Agent=Dalvik%2F2.1.0%20%28Linux%3B%20U%3B%20Android%205.1.1%3B%20AFTS%20Build%2FLVY48F%29">PlayMedia(&quot;plugin://plugin.video.tvone/play/513/play.pvr?sf_options=meta%3Dvotes%253D0%2526label%253DNL%252B-%252BFox%252Bsports4%2526title%253DNL%252B-%252BFox%252Bsports4%26winID%3D10025%26_options_sf&quot;)</favourite>
	<favourite name="NL - Fox sports5" thumb="http://taptube.net/tvtap1/images/channel_imgs/201217103853fxi5.png|User-Agent=Dalvik%2F2.1.0%20%28Linux%3B%20U%3B%20Android%205.1.1%3B%20AFTS%20Build%2FLVY48F%29">PlayMedia(&quot;plugin://plugin.video.tvone/play/514/play.pvr?sf_options=meta%3Dvotes%253D0%2526label%253DNL%252B-%252BFox%252Bsports5%2526title%253DNL%252B-%252BFox%252Bsports5%26winID%3D10025%26_options_sf&quot;)</favourite>
	<favourite name="NL - Ziggo Racing" thumb="http://taptube.net/tvtap1/images/channel_imgs/080818014750racing.png|User-Agent=Dalvik%2F2.1.0%20%28Linux%3B%20U%3B%20Android%205.1.1%3B%20AFTS%20Build%2FLVY48F%29">PlayMedia(&quot;plugin://plugin.video.tvone/play/761/play.pvr?sf_options=meta%3Dvotes%253D0%2526label%253DNL%252B-%252BZiggo%252BRacing%2526title%253DNL%252B-%252BZiggo%252BRacing%26winID%3D10025%26_options_sf&quot;)</favourite>
	<favourite name="NL - Ziggo Select" thumb="http://taptube.net/tvtap1/images/channel_imgs/080818014623select.png|User-Agent=Dalvik%2F2.1.0%20%28Linux%3B%20U%3B%20Android%205.1.1%3B%20AFTS%20Build%2FLVY48F%29">PlayMedia(&quot;plugin://plugin.video.tvone/play/760/play.pvr?sf_options=meta%3Dvotes%253D0%2526label%253DNL%252B-%252BZiggo%252BSelect%2526title%253DNL%252B-%252BZiggo%252BSelect%26winID%3D10025%26_options_sf&quot;)</favourite>
	<favourite name="NL - Ziggo Voetbal" thumb="http://taptube.net/tvtap1/images/channel_imgs/080818014826voet.png|User-Agent=Dalvik%2F2.1.0%20%28Linux%3B%20U%3B%20Android%205.1.1%3B%20AFTS%20Build%2FLVY48F%29">PlayMedia(&quot;plugin://plugin.video.tvone/play/762/play.pvr?sf_options=meta%3Dvotes%253D0%2526label%253DNL%252B-%252BZiggo%252BVoetbal%2526title%253DNL%252B-%252BZiggo%252BVoetbal%26winID%3D10025%26_options_sf&quot;)</favourite>
	<favourite name="PT - Benfica Tv 1" thumb="http://taptube.net/tvtap1/images/channel_imgs/080118035335bbt.png|User-Agent=Dalvik%2F2.1.0%20%28Linux%3B%20U%3B%20Android%205.1.1%3B%20AFTS%20Build%2FLVY48F%29">PlayMedia(&quot;plugin://plugin.video.tvone/play/594/play.pvr?sf_options=meta%3Dvotes%253D0%2526label%253DPT%252B-%252BBenfica%252BTv%252B1%2526title%253DPT%252B-%252BBenfica%252BTv%252B1%26winID%3D10025%26_options_sf&quot;)</favourite>
	<favourite name="PT - Sport tv 1" thumb="http://taptube.net/tvtap1/images/channel_imgs/201217102635sp111.png|User-Agent=Dalvik%2F2.1.0%20%28Linux%3B%20U%3B%20Android%205.1.1%3B%20AFTS%20Build%2FLVY48F%29">PlayMedia(&quot;plugin://plugin.video.tvone/play/505/play.pvr?sf_options=meta%3Dvotes%253D0%2526label%253DPT%252B-%252BSport%252Btv%252B1%2526title%253DPT%252B-%252BSport%252Btv%252B1%26winID%3D10025%26_options_sf&quot;)</favourite>
	<favourite name="PT - Sport tv 2" thumb="http://taptube.net/tvtap1/images/channel_imgs/201217102542sp2.png|User-Agent=Dalvik%2F2.1.0%20%28Linux%3B%20U%3B%20Android%205.1.1%3B%20AFTS%20Build%2FLVY48F%29">PlayMedia(&quot;plugin://plugin.video.tvone/play/506/play.pvr?sf_options=meta%3Dvotes%253D0%2526label%253DPT%252B-%252BSport%252Btv%252B2%2526title%253DPT%252B-%252BSport%252Btv%252B2%26winID%3D10025%26_options_sf&quot;)</favourite>
	<favourite name="PT - Sport tv 3" thumb="http://taptube.net/tvtap1/images/channel_imgs/201217102612sp3.png|User-Agent=Dalvik%2F2.1.0%20%28Linux%3B%20U%3B%20Android%205.1.1%3B%20AFTS%20Build%2FLVY48F%29">PlayMedia(&quot;plugin://plugin.video.tvone/play/507/play.pvr?sf_options=meta%3Dvotes%253D0%2526label%253DPT%252B-%252BSport%252Btv%252B3%2526title%253DPT%252B-%252BSport%252Btv%252B3%26winID%3D10025%26_options_sf&quot;)</favourite>
	<favourite name="PT - Sport tv 4" thumb="http://taptube.net/tvtap1/images/channel_imgs/201217102708sp4.png|User-Agent=Dalvik%2F2.1.0%20%28Linux%3B%20U%3B%20Android%205.1.1%3B%20AFTS%20Build%2FLVY48F%29">PlayMedia(&quot;plugin://plugin.video.tvone/play/508/play.pvr?sf_options=meta%3Dvotes%253D0%2526label%253DPT%252B-%252BSport%252Btv%252B4%2526title%253DPT%252B-%252BSport%252Btv%252B4%26winID%3D10025%26_options_sf&quot;)</favourite>
	<favourite name="PT - Sport tv 5" thumb="http://taptube.net/tvtap1/images/channel_imgs/080118035520spopp.png|User-Agent=Dalvik%2F2.1.0%20%28Linux%3B%20U%3B%20Android%205.1.1%3B%20AFTS%20Build%2FLVY48F%29">PlayMedia(&quot;plugin://plugin.video.tvone/play/509/play.pvr?sf_options=meta%3Dvotes%253D0%2526label%253DPT%252B-%252BSport%252Btv%252B5%2526title%253DPT%252B-%252BSport%252Btv%252B5%26winID%3D10025%26_options_sf&quot;)</favourite>
	<favourite name="UK - At the races" thumb="http://taptube.net/tvtap1/images/channel_imgs/160116114320at.jpg|User-Agent=Dalvik%2F2.1.0%20%28Linux%3B%20U%3B%20Android%205.1.1%3B%20AFTS%20Build%2FLVY48F%29">PlayMedia(&quot;plugin://plugin.video.tvone/play/41/play.pvr?sf_options=meta%3Dvotes%253D0%2526label%253DUK%252B-%252BAt%252Bthe%252Braces%2526title%253DUK%252B-%252BAt%252Bthe%252Braces%26winID%3D10025%26_options_sf&quot;)</favourite>
	<favourite name="UK - Box Nation" thumb="http://taptube.net/tvtap1/images/channel_imgs/160116115340box.jpg|User-Agent=Dalvik%2F2.1.0%20%28Linux%3B%20U%3B%20Android%205.1.1%3B%20AFTS%20Build%2FLVY48F%29">PlayMedia(&quot;plugin://plugin.video.tvone/play/55/play.pvr?sf_options=meta%3Dvotes%253D0%2526label%253DUK%252B-%252BBox%252BNation%2526title%253DUK%252B-%252BBox%252BNation%26winID%3D10025%26_options_sf&quot;)</favourite>
	<favourite name="UK - Bt sport 1" thumb="http://taptube.net/tvtap1/images/channel_imgs/160116115523bt1.jpg|User-Agent=Dalvik%2F2.1.0%20%28Linux%3B%20U%3B%20Android%205.1.1%3B%20AFTS%20Build%2FLVY48F%29">PlayMedia(&quot;plugin://plugin.video.tvone/play/59/play.pvr?sf_options=meta%3Dvotes%253D0%2526label%253DUK%252B-%252BBt%252Bsport%252B1%2526title%253DUK%252B-%252BBt%252Bsport%252B1%26winID%3D10025%26_options_sf&quot;)</favourite>
	<favourite name="UK - Bt sport 2" thumb="http://taptube.net/tvtap1/images/channel_imgs/160116115549bt2.jpg|User-Agent=Dalvik%2F2.1.0%20%28Linux%3B%20U%3B%20Android%205.1.1%3B%20AFTS%20Build%2FLVY48F%29">PlayMedia(&quot;plugin://plugin.video.tvone/play/60/play.pvr?sf_options=meta%3Dvotes%253D0%2526label%253DUK%252B-%252BBt%252Bsport%252B2%2526title%253DUK%252B-%252BBt%252Bsport%252B2%26winID%3D10025%26_options_sf&quot;)</favourite>
	<favourite name="UK - BT sport 3" thumb="http://taptube.net/tvtap1/images/channel_imgs/270916013607bt3.png|User-Agent=Dalvik%2F2.1.0%20%28Linux%3B%20U%3B%20Android%205.1.1%3B%20AFTS%20Build%2FLVY48F%29">PlayMedia(&quot;plugin://plugin.video.tvone/play/298/play.pvr?sf_options=meta%3Dvotes%253D0%2526label%253DUK%252B-%252BBT%252Bsport%252B3%2526title%253DUK%252B-%252BBT%252Bsport%252B3%26winID%3D10025%26_options_sf&quot;)</favourite>
	<favourite name="UK - BT Sport box office" thumb="http://taptube.net/tvtap1/images/channel_imgs/011218025902btbox.png|User-Agent=Dalvik%2F2.1.0%20%28Linux%3B%20U%3B%20Android%205.1.1%3B%20AFTS%20Build%2FLVY48F%29">PlayMedia(&quot;plugin://plugin.video.tvone/play/821/play.pvr?sf_options=meta%3Dvotes%253D0%2526label%253DUK%252B-%252BBT%252BSport%252Bbox%252Boffice%2526title%253DUK%252B-%252BBT%252BSport%252Bbox%252Boffice%26winID%3D10025%26_options_sf&quot;)</favourite>
	<favourite name="UK - BT Sport ESPN" thumb="http://taptube.net/tvtap1/images/channel_imgs/130216115545BT-Sport-ESPN.png|User-Agent=Dalvik%2F2.1.0%20%28Linux%3B%20U%3B%20Android%205.1.1%3B%20AFTS%20Build%2FLVY48F%29">PlayMedia(&quot;plugin://plugin.video.tvone/play/107/play.pvr?sf_options=meta%3Dvotes%253D0%2526label%253DUK%252B-%252BBT%252BSport%252BESPN%2526title%253DUK%252B-%252BBT%252BSport%252BESPN%26winID%3D10025%26_options_sf&quot;)</favourite>
	<favourite name="UK - Celtic tv" thumb="http://taptube.net/tvtap1/images/channel_imgs/250118032637cel.png|User-Agent=Dalvik%2F2.1.0%20%28Linux%3B%20U%3B%20Android%205.1.1%3B%20AFTS%20Build%2FLVY48F%29">PlayMedia(&quot;plugin://plugin.video.tvone/play/619/play.pvr?sf_options=meta%3Dvotes%253D0%2526label%253DUK%252B-%252BCeltic%252Btv%2526title%253DUK%252B-%252BCeltic%252Btv%26winID%3D10025%26_options_sf&quot;)</favourite>
	<favourite name="UK - Chelsea TV" thumb="http://taptube.net/tvtap1/images/channel_imgs/160116010005chelsea.png|User-Agent=Dalvik%2F2.1.0%20%28Linux%3B%20U%3B%20Android%205.1.1%3B%20AFTS%20Build%2FLVY48F%29">PlayMedia(&quot;plugin://plugin.video.tvone/play/78/play.pvr?sf_options=meta%3Dvotes%253D0%2526label%253DUK%252B-%252BChelsea%252BTV%2526title%253DUK%252B-%252BChelsea%252BTV%26winID%3D10025%26_options_sf&quot;)</favourite>
	<favourite name="UK - Eir Sport 1" thumb="http://taptube.net/tvtap1/images/channel_imgs/08021812035411.png|User-Agent=Dalvik%2F2.1.0%20%28Linux%3B%20U%3B%20Android%205.1.1%3B%20AFTS%20Build%2FLVY48F%29">PlayMedia(&quot;plugin://plugin.video.tvone/play/660/play.pvr?sf_options=meta%3Dvotes%253D0%2526label%253DUK%252B-%252BEir%252BSport%252B1%2526title%253DUK%252B-%252BEir%252BSport%252B1%26winID%3D10025%26_options_sf&quot;)</favourite>
	<favourite name="UK - Eir Sport 2" thumb="http://taptube.net/tvtap1/images/channel_imgs/080218120530Eir_Sport_2.png|User-Agent=Dalvik%2F2.1.0%20%28Linux%3B%20U%3B%20Android%205.1.1%3B%20AFTS%20Build%2FLVY48F%29">PlayMedia(&quot;plugin://plugin.video.tvone/play/661/play.pvr?sf_options=meta%3Dvotes%253D0%2526label%253DUK%252B-%252BEir%252BSport%252B2%2526title%253DUK%252B-%252BEir%252BSport%252B2%26winID%3D10025%26_options_sf&quot;)</favourite>
	<favourite name="UK - Eleven Sports" thumb="http://taptube.net/tvtap1/images/channel_imgs/210818122223eleven.png|User-Agent=Dalvik%2F2.1.0%20%28Linux%3B%20U%3B%20Android%205.1.1%3B%20AFTS%20Build%2FLVY48F%29">PlayMedia(&quot;plugin://plugin.video.tvone/play/779/play.pvr?sf_options=meta%3Dvotes%253D0%2526label%253DUK%252B-%252BEleven%252BSports%2526title%253DUK%252B-%252BEleven%252BSports%26winID%3D10025%26_options_sf&quot;)</favourite>
	<favourite name="UK - Eleven Sports 2" thumb="http://taptube.net/tvtap1/images/channel_imgs/310818012513ele.png|User-Agent=Dalvik%2F2.1.0%20%28Linux%3B%20U%3B%20Android%205.1.1%3B%20AFTS%20Build%2FLVY48F%29">PlayMedia(&quot;plugin://plugin.video.tvone/play/793/play.pvr?sf_options=meta%3Dvotes%253D0%2526label%253DUK%252B-%252BEleven%252BSports%252B2%2526title%253DUK%252B-%252BEleven%252BSports%252B2%26winID%3D10025%26_options_sf&quot;)</favourite>
	<favourite name="UK - Euro Sport" thumb="http://taptube.net/tvtap1/images/channel_imgs/190116044352euro.png|User-Agent=Dalvik%2F2.1.0%20%28Linux%3B%20U%3B%20Android%205.1.1%3B%20AFTS%20Build%2FLVY48F%29">PlayMedia(&quot;plugin://plugin.video.tvone/play/108/play.pvr?sf_options=meta%3Dvotes%253D0%2526label%253DUK%252B-%252BEuro%252BSport%2526title%253DUK%252B-%252BEuro%252BSport%26winID%3D10025%26_options_sf&quot;)</favourite>
	<favourite name="UK - Euro Sport 2" thumb="http://taptube.net/tvtap1/images/channel_imgs/190116044416euro2.jpg|User-Agent=Dalvik%2F2.1.0%20%28Linux%3B%20U%3B%20Android%205.1.1%3B%20AFTS%20Build%2FLVY48F%29">PlayMedia(&quot;plugin://plugin.video.tvone/play/109/play.pvr?sf_options=meta%3Dvotes%253D0%2526label%253DUK%252B-%252BEuro%252BSport%252B2%2526title%253DUK%252B-%252BEuro%252BSport%252B2%26winID%3D10025%26_options_sf&quot;)</favourite>
	<favourite name="UK - ITV Box Office" thumb="http://taptube.net/tvtap1/images/channel_imgs/040217073438itvbox.jpeg|User-Agent=Dalvik%2F2.1.0%20%28Linux%3B%20U%3B%20Android%205.1.1%3B%20AFTS%20Build%2FLVY48F%29">PlayMedia(&quot;plugin://plugin.video.tvone/play/382/play.pvr?sf_options=meta%3Dvotes%253D0%2526label%253DUK%252B-%252BITV%252BBox%252BOffice%2526title%253DUK%252B-%252BITV%252BBox%252BOffice%26winID%3D10025%26_options_sf&quot;)</favourite>
	<favourite name="UK - LFC TV" thumb="http://taptube.net/tvtap1/images/channel_imgs/200116013110lfc.jpg|User-Agent=Dalvik%2F2.1.0%20%28Linux%3B%20U%3B%20Android%205.1.1%3B%20AFTS%20Build%2FLVY48F%29">PlayMedia(&quot;plugin://plugin.video.tvone/play/145/play.pvr?sf_options=meta%3Dvotes%253D0%2526label%253DUK%252B-%252BLFC%252BTV%2526title%253DUK%252B-%252BLFC%252BTV%26winID%3D10025%26_options_sf&quot;)</favourite>
	<favourite name="UK - Motors Tv" thumb="http://taptube.net/tvtap1/images/channel_imgs/290616023050motor.jpg|User-Agent=Dalvik%2F2.1.0%20%28Linux%3B%20U%3B%20Android%205.1.1%3B%20AFTS%20Build%2FLVY48F%29">PlayMedia(&quot;plugin://plugin.video.tvone/play/294/play.pvr?sf_options=meta%3Dvotes%253D0%2526label%253DUK%252B-%252BMotors%252BTv%2526title%253DUK%252B-%252BMotors%252BTv%26winID%3D10025%26_options_sf&quot;)</favourite>
	<favourite name="UK - MU TV" thumb="http://taptube.net/tvtap1/images/channel_imgs/200116020618mutv.gif|User-Agent=Dalvik%2F2.1.0%20%28Linux%3B%20U%3B%20Android%205.1.1%3B%20AFTS%20Build%2FLVY48F%29">PlayMedia(&quot;plugin://plugin.video.tvone/play/154/play.pvr?sf_options=meta%3Dvotes%253D0%2526label%253DUK%252B-%252BMU%252BTV%2526title%253DUK%252B-%252BMU%252BTV%26winID%3D10025%26_options_sf&quot;)</favourite>
	<favourite name="UK - Premier Sports" thumb="http://taptube.net/tvtap1/images/channel_imgs/210818123014prem1.jpg|User-Agent=Dalvik%2F2.1.0%20%28Linux%3B%20U%3B%20Android%205.1.1%3B%20AFTS%20Build%2FLVY48F%29">PlayMedia(&quot;plugin://plugin.video.tvone/play/170/play.pvr?sf_options=meta%3Dvotes%253D0%2526label%253DUK%252B-%252BPremier%252BSports%2526title%253DUK%252B-%252BPremier%252BSports%26winID%3D10025%26_options_sf&quot;)</favourite>
	<favourite name="UK - Racing UK" thumb="http://taptube.net/tvtap1/images/channel_imgs/200116035209racing.png|User-Agent=Dalvik%2F2.1.0%20%28Linux%3B%20U%3B%20Android%205.1.1%3B%20AFTS%20Build%2FLVY48F%29">PlayMedia(&quot;plugin://plugin.video.tvone/play/178/play.pvr?sf_options=meta%3Dvotes%253D0%2526label%253DUK%252B-%252BRacing%252BUK%2526title%253DUK%252B-%252BRacing%252BUK%26winID%3D10025%26_options_sf&quot;)</favourite>
	<favourite name="UK - Rangers Tv" thumb="http://taptube.net/tvtap1/images/channel_imgs/270118112242rang.png|User-Agent=Dalvik%2F2.1.0%20%28Linux%3B%20U%3B%20Android%205.1.1%3B%20AFTS%20Build%2FLVY48F%29">PlayMedia(&quot;plugin://plugin.video.tvone/play/658/play.pvr?sf_options=meta%3Dvotes%253D0%2526label%253DUK%252B-%252BRangers%252BTv%2526title%253DUK%252B-%252BRangers%252BTv%26winID%3D10025%26_options_sf&quot;)</favourite>
	<favourite name="UK - Sky Box Office" thumb="http://taptube.net/tvtap1/images/channel_imgs/270216070800boxx.png|User-Agent=Dalvik%2F2.1.0%20%28Linux%3B%20U%3B%20Android%205.1.1%3B%20AFTS%20Build%2FLVY48F%29">PlayMedia(&quot;plugin://plugin.video.tvone/play/286/play.pvr?sf_options=meta%3Dvotes%253D0%2526label%253DUK%252B-%252BSky%252BBox%252BOffice%2526title%253DUK%252B-%252BSky%252BBox%252BOffice%26winID%3D10025%26_options_sf&quot;)</favourite>
	<favourite name="UK - Sky Sports Action" thumb="http://taptube.net/tvtap1/images/channel_imgs/200717080926act3.jpeg|User-Agent=Dalvik%2F2.1.0%20%28Linux%3B%20U%3B%20Android%205.1.1%3B%20AFTS%20Build%2FLVY48F%29">PlayMedia(&quot;plugin://plugin.video.tvone/play/206/play.pvr?sf_options=meta%3Dvotes%253D0%2526label%253DUK%252B-%252BSky%252BSports%252BAction%2526title%253DUK%252B-%252BSky%252BSports%252BAction%26winID%3D10025%26_options_sf&quot;)</favourite>
	<favourite name="UK - Sky Sports Arena" thumb="http://taptube.net/tvtap1/images/channel_imgs/270717102912arena1.jpeg|User-Agent=Dalvik%2F2.1.0%20%28Linux%3B%20U%3B%20Android%205.1.1%3B%20AFTS%20Build%2FLVY48F%29">PlayMedia(&quot;plugin://plugin.video.tvone/play/411/play.pvr?sf_options=meta%3Dvotes%253D0%2526label%253DUK%252B-%252BSky%252BSports%252BArena%2526title%253DUK%252B-%252BSky%252BSports%252BArena%26winID%3D10025%26_options_sf&quot;)</favourite>
	<favourite name="UK - Sky Sports Cricket" thumb="http://taptube.net/tvtap1/images/channel_imgs/200717080620skycric.jpeg|User-Agent=Dalvik%2F2.1.0%20%28Linux%3B%20U%3B%20Android%205.1.1%3B%20AFTS%20Build%2FLVY48F%29">PlayMedia(&quot;plugin://plugin.video.tvone/play/205/play.pvr?sf_options=meta%3Dvotes%253D0%2526label%253DUK%252B-%252BSky%252BSports%252BCricket%2526title%253DUK%252B-%252BSky%252BSports%252BCricket%26winID%3D10025%26_options_sf&quot;)</favourite>
	<favourite name="UK - Sky Sports F1" thumb="http://taptube.net/tvtap1/images/channel_imgs/200717081443f12.jpeg|User-Agent=Dalvik%2F2.1.0%20%28Linux%3B%20U%3B%20Android%205.1.1%3B%20AFTS%20Build%2FLVY48F%29">PlayMedia(&quot;plugin://plugin.video.tvone/play/209/play.pvr?sf_options=meta%3Dvotes%253D0%2526label%253DUK%252B-%252BSky%252BSports%252BF1%2526title%253DUK%252B-%252BSky%252BSports%252BF1%26winID%3D10025%26_options_sf&quot;)</favourite>
	<favourite name="UK - Sky Sports Football" thumb="http://taptube.net/tvtap1/images/channel_imgs/270717102848foot1.jpeg|User-Agent=Dalvik%2F2.1.0%20%28Linux%3B%20U%3B%20Android%205.1.1%3B%20AFTS%20Build%2FLVY48F%29">PlayMedia(&quot;plugin://plugin.video.tvone/play/410/play.pvr?sf_options=meta%3Dvotes%253D0%2526label%253DUK%252B-%252BSky%252BSports%252BFootball%2526title%253DUK%252B-%252BSky%252BSports%252BFootball%26winID%3D10025%26_options_sf&quot;)</favourite>
	<favourite name="UK - Sky Sports Main Event" thumb="http://taptube.net/tvtap1/images/channel_imgs/200717080757main1.jpeg|User-Agent=Dalvik%2F2.1.0%20%28Linux%3B%20U%3B%20Android%205.1.1%3B%20AFTS%20Build%2FLVY48F%29">PlayMedia(&quot;plugin://plugin.video.tvone/play/204/play.pvr?sf_options=meta%3Dvotes%253D0%2526label%253DUK%252B-%252BSky%252BSports%252BMain%252BEvent%2526title%253DUK%252B-%252BSky%252BSports%252BMain%252BEvent%26winID%3D10025%26_options_sf&quot;)</favourite>
	<favourite name="UK - Sky Sports Mix" thumb="http://taptube.net/tvtap1/images/channel_imgs/200717081554mix2.jpeg|User-Agent=Dalvik%2F2.1.0%20%28Linux%3B%20U%3B%20Android%205.1.1%3B%20AFTS%20Build%2FLVY48F%29">PlayMedia(&quot;plugin://plugin.video.tvone/play/308/play.pvr?sf_options=meta%3Dvotes%253D0%2526label%253DUK%252B-%252BSky%252BSports%252BMix%2526title%253DUK%252B-%252BSky%252BSports%252BMix%26winID%3D10025%26_options_sf&quot;)</favourite>
	<favourite name="UK - Sky Sports News" thumb="http://taptube.net/tvtap1/images/channel_imgs/200717081653news1.jpeg|User-Agent=Dalvik%2F2.1.0%20%28Linux%3B%20U%3B%20Android%205.1.1%3B%20AFTS%20Build%2FLVY48F%29">PlayMedia(&quot;plugin://plugin.video.tvone/play/210/play.pvr?sf_options=meta%3Dvotes%253D0%2526label%253DUK%252B-%252BSky%252BSports%252BNews%2526title%253DUK%252B-%252BSky%252BSports%252BNews%26winID%3D10025%26_options_sf&quot;)</favourite>
	<favourite name="UK - Sky Sports Premier League" thumb="http://taptube.net/tvtap1/images/channel_imgs/200717081219pl2.jpeg|User-Agent=Dalvik%2F2.1.0%20%28Linux%3B%20U%3B%20Android%205.1.1%3B%20AFTS%20Build%2FLVY48F%29">PlayMedia(&quot;plugin://plugin.video.tvone/play/208/play.pvr?sf_options=meta%3Dvotes%253D0%2526label%253DUK%252B-%252BSky%252BSports%252BPremier%252BLeague%2526title%253DUK%252B-%252BSky%252BSports%252BPremier%252BLeague%26winID%3D10025%26_options_sf&quot;)</favourite>
	<favourite name="UK - Sky Sports The Open" thumb="http://taptube.net/tvtap1/images/channel_imgs/200717081052open2.jpeg|User-Agent=Dalvik%2F2.1.0%20%28Linux%3B%20U%3B%20Android%205.1.1%3B%20AFTS%20Build%2FLVY48F%29">PlayMedia(&quot;plugin://plugin.video.tvone/play/207/play.pvr?sf_options=meta%3Dvotes%253D0%2526label%253DUK%252B-%252BSky%252BSports%252BThe%252BOpen%2526title%253DUK%252B-%252BSky%252BSports%252BThe%252BOpen%26winID%3D10025%26_options_sf&quot;)</favourite>
	<favourite name="UK - UFC Fight Pass" thumb="http://taptube.net/tvtap1/images/channel_imgs/310818013311ufff.jpeg|User-Agent=Dalvik%2F2.1.0%20%28Linux%3B%20U%3B%20Android%205.1.1%3B%20AFTS%20Build%2FLVY48F%29">PlayMedia(&quot;plugin://plugin.video.tvone/play/785/play.pvr?sf_options=meta%3Dvotes%253D0%2526label%253DUK%252B-%252BUFC%252BFight%252BPass%2526title%253DUK%252B-%252BUFC%252BFight%252BPass%26winID%3D10025%26_options_sf&quot;)</favourite>
	<favourite name="US - Bein Sports" thumb="http://taptube.net/tvtap1/images/channel_imgs/041017012448beinus.jpg|User-Agent=Dalvik%2F2.1.0%20%28Linux%3B%20U%3B%20Android%205.1.1%3B%20AFTS%20Build%2FLVY48F%29">PlayMedia(&quot;plugin://plugin.video.tvone/play/415/play.pvr?sf_options=meta%3Dvotes%253D0%2526label%253DUS%252B-%252BBein%252BSports%2526title%253DUS%252B-%252BBein%252BSports%26winID%3D10025%26_options_sf&quot;)</favourite>
	<favourite name="US - CBS Sports Network" thumb="http://taptube.net/tvtap1/images/channel_imgs/041017012728cbss.jpg|User-Agent=Dalvik%2F2.1.0%20%28Linux%3B%20U%3B%20Android%205.1.1%3B%20AFTS%20Build%2FLVY48F%29">PlayMedia(&quot;plugin://plugin.video.tvone/play/416/play.pvr?sf_options=meta%3Dvotes%253D0%2526label%253DUS%252B-%252BCBS%252BSports%252BNetwork%2526title%253DUS%252B-%252BCBS%252BSports%252BNetwork%26winID%3D10025%26_options_sf&quot;)</favourite>
	<favourite name="US - ESPN" thumb="http://taptube.net/tvtap1/images/channel_imgs/160116015231espn.png|User-Agent=Dalvik%2F2.1.0%20%28Linux%3B%20U%3B%20Android%205.1.1%3B%20AFTS%20Build%2FLVY48F%29">PlayMedia(&quot;plugin://plugin.video.tvone/play/101/play.pvr?sf_options=meta%3Dvotes%253D0%2526label%253DUS%252B-%252BESPN%2526title%253DUS%252B-%252BESPN%26winID%3D10025%26_options_sf&quot;)</favourite>
	<favourite name="US - ESPN 2" thumb="http://taptube.net/tvtap1/images/channel_imgs/190116044202espn2.png|User-Agent=Dalvik%2F2.1.0%20%28Linux%3B%20U%3B%20Android%205.1.1%3B%20AFTS%20Build%2FLVY48F%29">PlayMedia(&quot;plugin://plugin.video.tvone/play/104/play.pvr?sf_options=meta%3Dvotes%253D0%2526label%253DUS%252B-%252BESPN%252B2%2526title%253DUS%252B-%252BESPN%252B2%26winID%3D10025%26_options_sf&quot;)</favourite>
	<favourite name="US - ESPN News" thumb="http://taptube.net/tvtap1/images/channel_imgs/190116044259espnnew.gif|User-Agent=Dalvik%2F2.1.0%20%28Linux%3B%20U%3B%20Android%205.1.1%3B%20AFTS%20Build%2FLVY48F%29">PlayMedia(&quot;plugin://plugin.video.tvone/play/106/play.pvr?sf_options=meta%3Dvotes%253D0%2526label%253DUS%252B-%252BESPN%252BNews%2526title%253DUS%252B-%252BESPN%252BNews%26winID%3D10025%26_options_sf&quot;)</favourite>
	<favourite name="US - ESPN U" thumb="http://taptube.net/tvtap1/images/channel_imgs/041017012253espnu.png|User-Agent=Dalvik%2F2.1.0%20%28Linux%3B%20U%3B%20Android%205.1.1%3B%20AFTS%20Build%2FLVY48F%29">PlayMedia(&quot;plugin://plugin.video.tvone/play/414/play.pvr?sf_options=meta%3Dvotes%253D0%2526label%253DUS%252B-%252BESPN%252BU%2526title%253DUS%252B-%252BESPN%252BU%26winID%3D10025%26_options_sf&quot;)</favourite>
	<favourite name="US - Fox Sports 1" thumb="http://taptube.net/tvtap1/images/channel_imgs/190116045235foxsp1.jpg|User-Agent=Dalvik%2F2.1.0%20%28Linux%3B%20U%3B%20Android%205.1.1%3B%20AFTS%20Build%2FLVY48F%29">PlayMedia(&quot;plugin://plugin.video.tvone/play/120/play.pvr?sf_options=meta%3Dvotes%253D0%2526label%253DUS%252B-%252BFox%252BSports%252B1%2526title%253DUS%252B-%252BFox%252BSports%252B1%26winID%3D10025%26_options_sf&quot;)</favourite>
	<favourite name="US - Fox Sports 2" thumb="http://taptube.net/tvtap1/images/channel_imgs/190116045256fox2.jpg|User-Agent=Dalvik%2F2.1.0%20%28Linux%3B%20U%3B%20Android%205.1.1%3B%20AFTS%20Build%2FLVY48F%29">PlayMedia(&quot;plugin://plugin.video.tvone/play/121/play.pvr?sf_options=meta%3Dvotes%253D0%2526label%253DUS%252B-%252BFox%252BSports%252B2%2526title%253DUS%252B-%252BFox%252BSports%252B2%26winID%3D10025%26_options_sf&quot;)</favourite>
	<favourite name="US - Golf Channel" thumb="http://taptube.net/tvtap1/images/channel_imgs/190116045453golf.png|User-Agent=Dalvik%2F2.1.0%20%28Linux%3B%20U%3B%20Android%205.1.1%3B%20AFTS%20Build%2FLVY48F%29">PlayMedia(&quot;plugin://plugin.video.tvone/play/125/play.pvr?sf_options=meta%3Dvotes%253D0%2526label%253DUS%252B-%252BGolf%252BChannel%2526title%253DUS%252B-%252BGolf%252BChannel%26winID%3D10025%26_options_sf&quot;)</favourite>
	<favourite name="US - MLB Network" thumb="http://taptube.net/tvtap1/images/channel_imgs/200116013246mlb.png|User-Agent=Dalvik%2F2.1.0%20%28Linux%3B%20U%3B%20Android%205.1.1%3B%20AFTS%20Build%2FLVY48F%29">PlayMedia(&quot;plugin://plugin.video.tvone/play/148/play.pvr?sf_options=meta%3Dvotes%253D0%2526label%253DUS%252B-%252BMLB%252BNetwork%2526title%253DUS%252B-%252BMLB%252BNetwork%26winID%3D10025%26_options_sf&quot;)</favourite>
	<favourite name="US - NBCSN" thumb="http://taptube.net/tvtap1/images/channel_imgs/200116020945nbcsn.png|User-Agent=Dalvik%2F2.1.0%20%28Linux%3B%20U%3B%20Android%205.1.1%3B%20AFTS%20Build%2FLVY48F%29">PlayMedia(&quot;plugin://plugin.video.tvone/play/162/play.pvr?sf_options=meta%3Dvotes%253D0%2526label%253DUS%252B-%252BNBCSN%2526title%253DUS%252B-%252BNBCSN%26winID%3D10025%26_options_sf&quot;)</favourite>
	<favourite name="US - NFL Network" thumb="http://taptube.net/tvtap1/images/channel_imgs/200116021039nfl.jpg|User-Agent=Dalvik%2F2.1.0%20%28Linux%3B%20U%3B%20Android%205.1.1%3B%20AFTS%20Build%2FLVY48F%29">PlayMedia(&quot;plugin://plugin.video.tvone/play/164/play.pvr?sf_options=meta%3Dvotes%253D0%2526label%253DUS%252B-%252BNFL%252BNetwork%2526title%253DUS%252B-%252BNFL%252BNetwork%26winID%3D10025%26_options_sf&quot;)</favourite>
	<favourite name="US - NHL network" thumb="http://taptube.net/tvtap1/images/channel_imgs/201217100935nhll.png|User-Agent=Dalvik%2F2.1.0%20%28Linux%3B%20U%3B%20Android%205.1.1%3B%20AFTS%20Build%2FLVY48F%29">PlayMedia(&quot;plugin://plugin.video.tvone/play/494/play.pvr?sf_options=meta%3Dvotes%253D0%2526label%253DUS%252B-%252BNHL%252Bnetwork%2526title%253DUS%252B-%252BNHL%252Bnetwork%26winID%3D10025%26_options_sf&quot;)</favourite>
	<favourite name="US - Tennis" thumb="http://taptube.net/tvtap1/images/channel_imgs/211216095835tennis.png|User-Agent=Dalvik%2F2.1.0%20%28Linux%3B%20U%3B%20Android%205.1.1%3B%20AFTS%20Build%2FLVY48F%29">PlayMedia(&quot;plugin://plugin.video.tvone/play/306/play.pvr?sf_options=meta%3Dvotes%253D0%2526label%253DUS%252B-%252BTennis%2526title%253DUS%252B-%252BTennis%26winID%3D10025%26_options_sf&quot;)</favourite>
</favourites>