<favourites>
	<favourite name="[COLOR orange]Πηγαίνουμε στον αρχικό φάκελο Adult XXX[/COLOR]" thumb="special://home/addons\plugin.image.TechNEWSology/resources/media\icon.png">none</favourite>
	<favourite name="[COLOR orange]πατάμε επάνω του δεξί κλικ αν έχουμε[/COLOR]" thumb="none">none</favourite>
	<favourite name="[COLOR orange]Windows ή παρατεταμένα το κεντρικό [/COLOR]" thumb="none">none</favourite>
	<favourite name="[COLOR orange]κουμπί αν έχουμε Android. Επιλέγουμε [/COLOR]" thumb="none">none</favourite>
	<favourite name="[COLOR orange]*Επεξεργασία Super Folder* στο επάνω [/COLOR]" thumb="none">none</favourite>
	<favourite name="[COLOR orange]μέρος και μετά πατάμε *Lock Super Folder*.[/COLOR]" thumb="none">none</favourite>
	<favourite name="[COLOR orange]Βάζουμε κωδικό και μετά πατάμε Τέλος.[/COLOR]" thumb="none">none</favourite>
	<favourite name="[COLOR orange]Με την ίδια διαδικασία αφαιρούμε[/COLOR]" thumb="none">none</favourite>
	<favourite name="[COLOR orange]ή αλλάζουμε κωδικό.[/COLOR]" thumb="none">none</favourite>
	<favourite name="[COLOR orange]Ο κωδικός θα χάνεται και αναγκαστικά[/COLOR]" thumb="none">none</favourite>
	<favourite name="[COLOR orange]η διαδικασία θα επαναλαμβάνεται όταν[/COLOR]" thumb="none">none</favourite>
	<favourite name="[COLOR orange]αναβαθμίζεται το πρόσθετο [/COLOR]" thumb="none">none</favourite>
	<favourite name="[COLOR orange]*Υποκατηγορίες - Συντομεύσεις*.[/COLOR]" thumb="none">none</favourite>
</favourites>