<favourites>
	<favourite name="TechNEWSology All in One" thumb="special://home/addons\skin.TechNEWSology Basic\resources\icon.png">ActivateWindow(10025,&quot;plugin://skin.TechNEWSology Basic?sf_options=fanart%3Dspecial%3A%2F%2Fhome%2Faddons%5Cskin.TechNEWSology+Basic%5Cresources%5Cfanart.jpg%26meta%3Dlabel%253DTechNEWSology%252BAll%252Bin%252BOne%26desc%3D%CE%A0%CE%BB%CE%AE%CF%81%CF%89%CF%82+%CE%B5%CF%80%CE%B1%CE%BD%CE%B1%CF%83%CF%87%CE%B5%CE%B4%CE%B9%CE%B1%CF%83%CE%BC%CE%AD%CE%BD%CE%BF+%CE%B3%CE%B9%CE%B1+%CE%BD%CE%B1+%CF%80%CF%81%CE%BF%CF%83%CF%86%CE%AD%CF%81%CE%B5%CE%B9+%CE%BC%CE%B9%CE%B1+%CE%BC%CE%BF%CE%BD%CF%84%CE%AD%CF%81%CE%BD%CE%B1+%CE%B1%CE%B9%CF%83%CE%B8%CE%B7%CF%84%CE%B9%CE%BA%CE%AE%2C+%CE%B4%CE%B9%CE%B1%CF%84%CE%B7%CF%81%CF%8E%CE%BD%CF%84%CE%B1%CF%82+%CF%84%CE%B1%CF%85%CF%84%CF%8C%CF%87%CF%81%CE%BF%CE%BD%CE%B1+%CF%84%CE%B7%CE%BD+%CE%BA%CE%BB%CE%B1%CF%83%CE%B9%CE%BA%CE%AE+%CE%BF%CE%BC%CE%BF%CF%81%CF%86%CE%B9%CE%AC+%CF%84%CE%BF%CF%85+Aeon.%26_options_sf&quot;,return)</favourite>
	<favourite name="TechNEWSology" thumb="special://home/addons\skin.TechNEWSology\resources\icon.png">ActivateWindow(10025,&quot;plugin://skin.TechNEWSology?sf_options=fanart%3Dspecial%3A%2F%2Fhome%2Faddons%5Cskin.TechNEWSology%5Cresources%5Cfanart.jpg%26meta%3Dlabel%253DTechNEWSology%26desc%3D%CE%A0%CE%BB%CE%AE%CF%81%CF%89%CF%82+%CE%B5%CF%80%CE%B1%CE%BD%CE%B1%CF%83%CF%87%CE%B5%CE%B4%CE%B9%CE%B1%CF%83%CE%BC%CE%AD%CE%BD%CE%BF+%CE%B3%CE%B9%CE%B1+%CE%BD%CE%B1+%CF%80%CF%81%CE%BF%CF%83%CF%86%CE%AD%CF%81%CE%B5%CE%B9+%CE%BC%CE%B9%CE%B1+%CE%BC%CE%BF%CE%BD%CF%84%CE%AD%CF%81%CE%BD%CE%B1+%CE%B1%CE%B9%CF%83%CE%B8%CE%B7%CF%84%CE%B9%CE%BA%CE%AE%2C+%CE%B4%CE%B9%CE%B1%CF%84%CE%B7%CF%81%CF%8E%CE%BD%CF%84%CE%B1%CF%82+%CF%84%CE%B1%CF%85%CF%84%CF%8C%CF%87%CF%81%CE%BF%CE%BD%CE%B1+%CF%84%CE%B7%CE%BD+%CE%BA%CE%BB%CE%B1%CF%83%CE%B9%CE%BA%CE%AE+%CE%BF%CE%BC%CE%BF%CF%81%CF%86%CE%B9%CE%AC+%CF%84%CE%BF%CF%85+Aeon.%26_options_sf&quot;,return)</favourite>
	<favourite name="TechNEWSology All in One" thumb="https://technewsology.000webhostapp.com/_skin/skin.TechNEWSology All in One/resources/icon.png">PlayMedia(&quot;addons://repository.TechNEWSologySkins/skin.TechNEWSology All in One?sf_options=fanart%3Dhttps%3A%2F%2Ftechnewsology.000webhostapp.com%2F_skin%2Fskin.TechNEWSology+All+in+One%2Fresources%2Ffanart.jpg%26meta%3Dlabel%253DTechNEWSology%252BAll%252Bin%252BOne%26winID%3D10040%26desc%3D%5BB%5DBased+on+%5BI%5Dv6.0.1%5B%2FI%5D++of+Aeon+Nox+5%5B%2FB%5D%5BCR%5D%5BI%5DAll+Versions%5B%2FI%5D%5BCR%5D-+Misc+fixes%2C+changes%2C+and%2For+improvements%5BCR%5D%5BI%5Dv6.0.12%5B%2FI%5D%5BCR%5D-+Move+Video+OSD+buttons+above+seekbar%5BCR%5D-+Update+VideoLyrics+mod+%28thanks+manfeed%29%5BCR%5D-+Misc+PVR+fixes+and+adjustments%5BCR%5D-+Resize+FSK+rating+images+to+fit+in+DialogVideoInfo%5BCR%5D-+Fixes+for+Rottentomatoes+and+Metacritic+images+and+INFOlabels%5BCR%5D-+Fullscreen+Info+updates%2C+fixes%2C+and+changes%5BCR%5D-+Use+script.colorbox+for+blur+in+information+dialogs%5BCR%5D-+Rework+DialogMusicInfo%5BCR%5D%5BI%5Dv6.0.11%5B%2FI%5D%5BCR%5D-+Fix+custom+widget%5BCR%5D%5BCR%5DFor+a+full+list+of+changes+visit+https%3A%2F%2Fgithub.com%2Fmikesilvo164%2FAeon-Nox-SiLVO%2Fcommits%2Fmaster%26_options_sf&quot;)</favourite>
	<favourite name="TechNEWSology without 1 Widget" thumb="https://technewsology.000webhostapp.com/_skin/skin.TechNEWSology without 1 Widget/resources/icon.png">PlayMedia(&quot;addons://repository.TechNEWSologySkins/skin.TechNEWSology without 1 Widget?sf_options=fanart%3Dhttps%3A%2F%2Ftechnewsology.000webhostapp.com%2F_skin%2Fskin.TechNEWSology+without+1+Widget%2Fresources%2Ffanart.jpg%26meta%3Dlabel%253DTechNEWSology%252Bwithout%252B1%252BWidget%26winID%3D10040%26desc%3D%5BB%5DBased+on+%5BI%5Dv6.0.1%5B%2FI%5D++of+Aeon+Nox+5%5B%2FB%5D%5BCR%5D%5BI%5DAll+Versions%5B%2FI%5D%5BCR%5D-+Misc+fixes%2C+changes%2C+and%2For+improvements%5BCR%5D%5BI%5Dv6.0.12%5B%2FI%5D%5BCR%5D-+Move+Video+OSD+buttons+above+seekbar%5BCR%5D-+Update+VideoLyrics+mod+%28thanks+manfeed%29%5BCR%5D-+Misc+PVR+fixes+and+adjustments%5BCR%5D-+Resize+FSK+rating+images+to+fit+in+DialogVideoInfo%5BCR%5D-+Fixes+for+Rottentomatoes+and+Metacritic+images+and+INFOlabels%5BCR%5D-+Fullscreen+Info+updates%2C+fixes%2C+and+changes%5BCR%5D-+Use+script.colorbox+for+blur+in+information+dialogs%5BCR%5D-+Rework+DialogMusicInfo%5BCR%5D%5BI%5Dv6.0.11%5B%2FI%5D%5BCR%5D-+Fix+custom+widget%5BCR%5D%5BCR%5DFor+a+full+list+of+changes+visit+https%3A%2F%2Fgithub.com%2Fmikesilvo164%2FAeon-Nox-SiLVO%2Fcommits%2Fmaster%26_options_sf&quot;)</favourite>
</favourites>