<favourites>
	<favourite name="[COLOR lime]Πατήστε πρώτα εδώ ...[/COLOR]" thumb="special://home/addons\plugin.image.TechNEWSology/resources/media\icon.png">RunScript(special://home/addons/plugin.program.super.favourites/folders/PY/Notify.py)</favourite>
	<favourite name="[B][COLOR white]CartoonsGR[/COLOR][/B]" thumb="special://home/addons\plugin.video.cartoonsgr\icon.png">ActivateWindow(videos,&quot;plugin://plugin.video.cartoonsgr&quot;,return)</favourite>
	<favourite name="[B][COLOR white]Atlas[/COLOR][/B]" thumb="special://home/addons\plugin.video.atlas\icon.png">ActivateWindow(videos,&quot;plugin://plugin.video.atlas/?url=&amp;mode=77&amp;name=%5BB%5D%5BCOLOR+white%5D%CE%A0%CE%B1%CE%B9%CE%B4%CE%B9%CE%BA%CE%AE+%CE%A7%CE%B1%CF%81%CE%AC%5B%2FCOLOR%5D%5B%2FB%5D&amp;iconimage=http%3A%2F%2Fi.imgur.com%2FT8NlaOf.png&amp;description=%CE%A0%CE%B1%CE%B9%CE%B4%CE%B9%CE%BA%CE%AD%CF%82+%CF%84%CE%B1%CE%B9%CE%BD%CE%AF%CE%B5%CF%82+%CE%BC%CE%B5%CF%84%CE%B1%CE%B3%CE%BB%CF%89%CF%84%CE%B9%CF%83%CE%BC%CE%BD%CE%AD%CE%BD%CE%B5%CF%82+%26+%CE%BC%CE%B5+%CF%85%CF%80%CF%8C%CF%84%CE%B9%CF%84%CE%BB%CE%BF%CF%85%CF%82+%26+%CE%AC%CE%BB%CE%BB%CE%B1+%CE%B4%CE%B9%CE%AC%CF%86%CE%BF%CF%81%CE%B1.%0AChildren+movies+dubbed+%26+subtitled+%26+more.&quot;,return)</favourite>
	<favourite name="[B][COLOR white]AliveGR[/COLOR][/B]" thumb="special://home/addons\plugin.video.AliveGR\resources\media\icon.png">ActivateWindow(videos,&quot;plugin://plugin.video.AliveGR/?action=kids&amp;title=%CE%93%CE%B9%CE%B1+%CF%84%CE%B1+%CF%80%CE%B1%CE%B9%CE%B4%CE%B9%CE%AC&quot;,return)</favourite>
	<favourite name="[B][COLOR white]ERTflix[/COLOR][/B]" thumb="special://home/addons\plugin.video.ert.gr\resources\media\kids.jpg">ActivateWindow(10025,&quot;plugin://plugin.video.ert.gr/?action=kids&amp;title=%ce%a0%ce%b1%ce%b9%ce%b4%ce%b9%ce%ba%cf%8c%20%cf%80%ce%b5%cf%81%ce%b9%ce%b5%cf%87%cf%8c%ce%bc%ce%b5%ce%bd%ce%bf&amp;sf_options=fanart%3Dspecial%3A%2F%2Fhome%2Faddons%5Cplugin.video.ert.gr%5Cfanart.jpg%26meta%3Dvotes%253D0%2526label%253D%2525CE%2525A0%2525CE%2525B1%2525CE%2525B9%2525CE%2525B4%2525CE%2525B9%2525CE%2525BA%2525CF%25258C%252B%2525CF%252580%2525CE%2525B5%2525CF%252581%2525CE%2525B9%2525CE%2525B5%2525CF%252587%2525CF%25258C%2525CE%2525BC%2525CE%2525B5%2525CE%2525BD%2525CE%2525BF%2526title%253D%2525CE%2525A0%2525CE%2525B1%2525CE%2525B9%2525CE%2525B4%2525CE%2525B9%2525CE%2525BA%2525CF%25258C%252B%2525CF%252580%2525CE%2525B5%2525CF%252581%2525CE%2525B9%2525CE%2525B5%2525CF%252587%2525CF%25258C%2525CE%2525BC%2525CE%2525B5%2525CE%2525BD%2525CE%2525BF%26_options_sf&quot;,return)</favourite>
	<favourite name="[B][COLOR white]Placenta[/COLOR][/B] (Gormiti-Lego-PJMasks-Bob)" thumb="special://home/addons\plugin.video.placenta\icon.png">ActivateWindow(10025,&quot;plugin://plugin.video.placenta/?action=YouKids&amp;sf_options=fanart%3Dspecial%3A%2F%2Fhome%2Faddons%5Cscript.placenta.artwork%5Cresources%5Cmedia%5Cdark+elogance%5Cfanart.jpg%26meta%3Dlabel%253D%2525CE%2525A0%2525CE%2525B1%2525CE%2525B9%2525CE%2525B4%2525CE%2525B9%2525CE%2525BA%2525CE%2525AC%252BYoutube%26_options_sf&quot;,return)</favourite>
	<favourite name="[B][COLOR white]Blaze [COLOR lime]Live EN[/COLOR][/B]" thumb="https://assets.stickpng.com/images/5a5a5e8014d8c4188e0b082d.png">PlayMedia(&quot;plugin://plugin.video.youtube/play/?video_id=Lcfx4rQARlw&amp;sf_options&amp;sf_options=winID%3D10025%26_options_sf&quot;)</favourite>
	<favourite name="[B][COLOR white]PAW Patrol [COLOR lime]Live EN[/COLOR][/B]" thumb="https://www.pngkit.com/png/full/824-8245771_paw-patrol-birthday-party-clipart.png">PlayMedia(&quot;plugin://plugin.video.youtube/play/?video_id=TOko4IBCgbo&amp;sf_options&amp;sf_options=winID%3D10025%26_options_sf&quot;)</favourite>
	<favourite name="[B][COLOR white]Barbie [COLOR lime]Live GR[/COLOR][/B]" thumb="https://i.pinimg.com/originals/0e/12/a6/0e12a63d623ac332255606405789b3eb.png">PlayMedia(&quot;plugin://plugin.video.youtube/play/?video_id=DTeGEffqarY&amp;sf_options&amp;sf_options=winID%3D10025%26_options_sf&quot;)</favourite>
	<favourite name="[B][COLOR white]Peppa Pig [COLOR lime]Live EN[/COLOR][/B]" thumb="https://shop.eibe.co.uk/media/image/e8/f1/57/Peppa-Pig.png">PlayMedia(&quot;plugin://plugin.video.youtube/play/?video_id=jvXesDzDYJA&amp;sf_options&amp;sf_options=winID%3D10025%26_options_sf&quot;)</favourite>
	<favourite name="[B][COLOR white]Masha and the Bear [COLOR lime]Live EN[/COLOR][/B]" thumb="https://images-na.ssl-images-amazon.com/images/I/91t14ObXiAL.png">PlayMedia(&quot;plugin://plugin.video.youtube/play/?video_id=5L-eWLPTVXI&amp;sf_options&amp;sf_options=winID%3D10025%26_options_sf&quot;)</favourite>
	<favourite name="[B][COLOR white]Booba [COLOR lime]Live EN[/COLOR][/B]" thumb="https://i.pinimg.com/originals/02/c4/1b/02c41bba48a37de34145d0d1af34d40d.png">PlayMedia(&quot;plugin://plugin.video.youtube/play/?video_id=XK8METRgK_U&amp;sf_options&amp;sf_options=winID%3D10025%26_options_sf&quot;)</favourite>
	<favourite name="[B][COLOR white]Chicky [COLOR lime]Live EN[/COLOR][/B]" thumb="https://sobigtv.com/assets/images/home/chicky.png">PlayMedia(&quot;plugin://plugin.video.youtube/play/?video_id=feA__uv2Jik&amp;sf_options&amp;sf_options=winID%3D10025%26_options_sf&quot;)</favourite>
	<favourite name="[B][COLOR white]Chappaai[/COLOR][/B] Κινούμενα Σχέδια" thumb="special://home/addons/plugin.video.chappaai/icon.png">ActivateWindow(10025,&quot;plugin://plugin.video.chappaai/movies/genre/16/1/?sf_options=fanart%3Ddefault.png%26meta%3Dlabel%253D%2525CE%25259A%2525CE%2525B9%2525CE%2525BD%2525CE%2525BF%2525CF%25258D%2525CE%2525BC%2525CE%2525B5%2525CE%2525BD%2525CE%2525B1%252B%2525CE%2525A3%2525CF%252587%2525CE%2525AD%2525CE%2525B4%2525CE%2525B9%2525CE%2525B1%26_options_sf&quot;,return)</favourite>
	<favourite name="[B][COLOR white]Παιδικά Youtube[/COLOR][/B]" thumb="https://knowtechie.com/wp-content/uploads/2015/02/YouTube-Kids-App-Icon.png">ActivateWindow(Videos,&quot;plugin://plugin.program.super.favourites/?label=Kids+Youtube&amp;mode=400&amp;path=special%3A%2F%2Fhome%2Faddons%2Fplugin.program.super.favourites%2Ffolders%5CSuper+Favourites%5CKids+Youtube&amp;image=https%3A%2F%2Fyt3.ggpht.com%2Fa%2FAGF-l79SF96s5CCdoeJ5DIfGoWUrpwk1dCrsZJ0CTw%3Ds800-c-k-c0xffffffff-no-rj-mo&amp;fanart=https%3A%2F%2Fyt3.ggpht.com%2FqDgSRjE_UeWPdLF7gs9eHVXwotFF2UzkFoAFEUMziRucFiPLzYqW3E-kIy01ACNpUkza7vyBAw&amp;content_type=&quot;,return)</favourite>
	<favourite name="[B][COLOR white]Magic Dragon[/COLOR][/B]" thumb="https://yt3.ggpht.com/-gB_SFlcGzDc/AAAAAAAAAAI/AAAAAAAAAAA/KwtbUnJTQTQ/s100-c-k-no-mo-rj-c0xffffff/photo.jpg">ActivateWindow(10025,&quot;plugin://plugin.video.themagicdragon/?fanart=https%3a%2f%2fi.imgur.com%2fU5nKN8r.jpg&amp;mode=1&amp;name=%5bB%5d%5bI%5d%5bCOLORmagenta%5dKids%5b%2fB%5d%5b%2fI%5d%5b%2fCOLOR%5d&amp;url=https%3a%2f%2fraw.githubusercontent.com%2ftombebbs1%2fmagicdragon%2fmaster%2fkidszone.txt&amp;sf_options=fanart%3Dhttps%3A%2F%2Fi.imgur.com%2FU5nKN8r.jpg%26meta%3Dvotes%253D0%2526label%253D%25255BB%25255D%25255BI%25255D%25255BCOLORmagenta%25255DKids%25255B%25252FB%25255D%25255B%25252FI%25255D%25255B%25252FCOLOR%25255D%2526title%253D%25255BB%25255D%25255BI%25255D%25255BCOLORmagenta%25255DKids%25255B%25252FB%25255D%25255B%25252FI%25255D%25255B%25252FCOLOR%25255D%26_options_sf&quot;,return)</favourite>
	<favourite name="[B][COLOR white]ClickSville[/COLOR][/B]" thumb="https://i.imgur.com/T08VNIc.png">ActivateWindow(10025,&quot;plugin://plugin.video.destiny/?description=No%20information%20available&amp;fanart=special://home/addons%5cplugin.video.destiny%5cfanart.jpg&amp;iconimage=https%3a%2f%2fi.imgur.com%2fT08VNIc.png&amp;mode=get_list&amp;name=%5bB%5d%5bCOLOR%20ffc51162%5d%e2%80%a2%20%5bCOLORlime%5d%5bB%5dKIDS%20%5b%2fB%5d%5b%2fCOLOR%5d%5bCOLORwhite%5d%5bB%5dSECTION%5b%2fB%5d%5b%2fCOLOR%5d%20%20%20&amp;url=http%3a%2f%2fpedrokingdom.com%2fkids%2fkidssection.xml&amp;sf_options=fanart%3Dspecial%3A%2F%2Fhome%2Faddons%5Cplugin.video.destiny%5Cfanart.jpg%26meta%3Dplot%253DNo%252Binformation%252Bavailable%2526votes%253D0%2526label%253D%25255BB%25255D%25255BCOLOR%252Bffc51162%25255D%2525E2%252580%2525A2%252B%25255BCOLORlime%25255D%25255BB%25255DKIDS%252B%25255B%25252FB%25255D%25255B%25252FCOLOR%25255D%25255BCOLORwhite%25255D%25255BB%25255DSECTION%25255B%25252FB%25255D%25255B%25252FCOLOR%25255D%252B%252B%252B%2526title%253D%25255BB%25255D%25255BCOLOR%252Bffc51162%25255D%2525E2%252580%2525A2%252B%25255BCOLORlime%25255D%25255BB%25255DKIDS%252B%25255B%25252FB%25255D%25255B%25252FCOLOR%25255D%25255BCOLORwhite%25255D%25255BB%25255DSECTION%25255B%25252FB%25255D%25255B%25252FCOLOR%25255D%26desc%3DNo+information+available%26_options_sf&quot;,return)</favourite>
	<favourite name="[B][COLOR white]Maverick[/COLOR][/B]" thumb="https://i.imgur.com/hiUXIhr.jpg">ActivateWindow(10025,&quot;plugin://plugin.video.destiny/?description=No%20information%20available&amp;fanart=https%3a%2f%2fi.imgur.com%2foUDnkLN.jpg&amp;iconimage=https%3a%2f%2fi.imgur.com%2fhiUXIhr.jpg&amp;mode=get_list&amp;name=%5bCOLORlime%5d%5bB%5dKlassic%20Kids%20TV%5b%2fB%5d%5b%2fCOLOR%5d&amp;url=https%3a%2f%2fraw.githubusercontent.com%2fFloyd6969%2fDJV%2fmaster%2fnewmavkidstv.txt&amp;sf_options=fanart%3Dhttps%3A%2F%2Fi.imgur.com%2FoUDnkLN.jpg%26meta%3Dplot%253DNo%252Binformation%252Bavailable%2526votes%253D0%2526label%253D%25255BCOLORlime%25255D%25255BB%25255DKlassic%252BKids%252BTV%25255B%25252FB%25255D%25255B%25252FCOLOR%25255D%2526title%253D%25255BCOLORlime%25255D%25255BB%25255DKlassic%252BKids%252BTV%25255B%25252FB%25255D%25255B%25252FCOLOR%25255D%26desc%3DNo+information+available%26_options_sf&quot;,return)</favourite>
	<favourite name="[B][COLOR white]Navyseal [COLORlime]Free[/COLOR][/B]" thumb="https://i.imgur.com/SL5IfPi.png">ActivateWindow(10025,&quot;plugin://plugin.video.placenta/?action=directory&amp;content=0&amp;url=https%3a%2f%2fsouthpawlefty2468rocky.com%2fsouthpaw%2fnavyseal%2fkids%2fkids%20main.xml&amp;sf_options=fanart%3Dspecial%3A%2F%2Fhome%2Faddons%5Cplugin.video.placenta%5Cfanart.jpg%26meta%3Dvotes%253D0%2526label%253D%25255BCOLOR%252Baqua%25255DKids%25255B%25252FCOLOR%25255D%26_options_sf&quot;,return)</favourite>
</favourites>