<favourites>
	<favourite name="TvOne" thumb="special://home/addons\plugin.image.TechNEWSology/resources/media\TVONE.png">ActivateWindow(videos,&quot;plugin://plugin.video.tvone&quot;,return)</favourite>
	<favourite name="TvOne11" thumb="special://home/addons\plugin.image.TechNEWSology/resources/media\TVONE11.png">ActivateWindow(videos,&quot;plugin://plugin.video.tvone11&quot;,return)</favourite>
	<favourite name="Live channels (Sportowa)" thumb="special://home/addons\plugin.video.PLsportowo\/resources/chan2.png">ActivateWindow(10025,&quot;plugin://plugin.video.PLsportowo/?image=special://home/addons%5cplugin.video.PLsportowo%5c%2fresources%2fchan2.png&amp;mode=liveChannels&amp;title=Live%20channels&amp;url&amp;sf_options=fanart%3Dspecial%3A%2F%2Fhome%2Faddons%5Cplugin.video.PLsportowo%5C%2Fresources%2Ffanart.jpg%26desc%3DLive+channels%26meta%3Dvotes%253D0%2526plot%253DLive%252Bchannels%2526title%253DLive%252Bchannels%2526label%253DLive%252Bchannels%26_options_sf&quot;,return)</favourite>
	<favourite name="Live TV (Apex Sports)" thumb="special://home/addons\plugin.video.apex_sports\resources/media/live_tv.jpg">ActivateWindow(10025,&quot;plugin://plugin.video.apex_sports/?category=live_tv&amp;mode=open_category&amp;sf_options=fanart%3DC%3A%2Ffanart.jpg%26meta%3Dvotes%253D0%2526title%253DLive%252BTV%2526label%253DLive%252BTV%26_options_sf&quot;,return)</favourite>
</favourites>