<favourites>
	<favourite name="Ζωντανή Τηλεόραση" thumb="special://home/addons\resource.images.alivegr.artwork\resources\alivegr\monitor+alivegr.png">ActivateWindow(10025,&quot;plugin://plugin.video.AliveGR/?action=live_tv,return)</favourite>
	<favourite name="IPTV Greek" thumb="special://home/addons\resource.images.alivegr.artwork\resources\alivegr\empty+alivegr.png">ActivateWindow(10025,&quot;plugin://plugin.program.super.favourites/?content_type=video&amp;fanart=special%3a%2f%2fhome%2faddons%5cplugin.video.AliveGR%5cfanart.jpg&amp;image=special%3a%2f%2fhome%2faddons%5cresource.images.alivegr.artwork%5cresources%5calivegr%5cmonitor%2balivegr.png&amp;label=OTE&amp;mode=400&amp;path=special%3a%2f%2fhome%2faddons%2fplugin.program.super.favourites%2ffolders%5cSuper%20Favourites%5cOTE&amp;sf_options=fanart%3Dspecial%3A%2F%2Fhome%2Faddons%5Cplugin.video.AliveGR%5Cfanart.jpg%26meta%3Dlabel%253DOTE%26_options_sf&quot;,return)</favourite>
	<favourite name="Πελάτης IPTV Simple" thumb="special://home/addons\resource.images.alivegr.artwork\resources\alivegr\guide+alivegr.png">PlayMedia(&quot;plugin://plugin.video.AliveGR/?action=pvr_client&amp;title=%CE%A0%CE%B5%CE%BB%CE%AC%CF%84%CE%B7%CF%82+IPTV+Simple&amp;sf_options=fanart%3Dspecial%3A%2F%2Fhome%2Faddons%5Cplugin.video.AliveGR%5Cresources%5Cmedia%5Cfanart.jpg%26meta%3Dvotes%253D0%2526label%253D%2525CE%2525A0%2525CE%2525B5%2525CE%2525BB%2525CE%2525AC%2525CF%252584%2525CE%2525B7%2525CF%252582%252BIPTV%252BSimple%2526title%253D%2525CE%2525A0%2525CE%2525B5%2525CE%2525BB%2525CE%2525AC%2525CF%252584%2525CE%2525B7%2525CF%252582%252BIPTV%252BSimple%26winID%3D10025%26_options_sf&quot;)</favourite>
	<favourite name="Ταινίες" thumb="special://home/addons\\resource.images.alivegr.artwork\resources\alivegr\movies+alivegr.png">ActivateWindow(10025,&quot;plugin://plugin.program.super.favourites/?content_type=video&amp;fanart=special%3a%2f%2fhome%2faddons%5cplugin.video.atlas%5cresources%5cart%5carrt.jpg&amp;image=http%3a%2f%2fwww.freeiconspng.com%2fuploads%2fsearch-icon-png-22.png&amp;label=Greek%20movie&amp;mode=400&amp;path=special%3a%2f%2fhome%2faddons%2fplugin.program.super.favourites%2ffolders%5cSuper%20Favourites%5cGreek%20movie&amp;sf_options=fanart%3Dspecial%3A%2F%2Fhome%2Faddons%5Cplugin.video.atlas%5Cresources%5Cart%5Carrt.jpg%26meta%3Dlabel%253DGreek%252Bmovie%26_options_sf&quot;,return)</favourite>
	<favourite name="Σειρές" thumb="special://home/addons\resource.images.alivegr.artwork\resources\alivegr\series+alivegr.png">ActivateWindow(10025,&quot;plugin://plugin.program.super.favourites/?content_type=video&amp;fanart=special%3a%2f%2fhome%2faddons%5cplugin.video.AliveGR%5cfanart.jpg&amp;image=special%3a%2f%2fhome%2faddons%5cresource.images.alivegr.artwork%5cresources%5calivegr%5cseries%2balivegr.png&amp;label=Greek%20series&amp;mode=400&amp;path=special%3a%2f%2fhome%2faddons%2fplugin.program.super.favourites%2ffolders%5cSuper%20Favourites%5cGreek%20series&amp;sf_options=fanart%3Dspecial%3A%2F%2Fhome%2Faddons%5Cplugin.video.AliveGR%5Cfanart.jpg%26meta%3Dlabel%253DGreek%252Bseries%26_options_sf&quot;,return)</favourite>
	<favourite name="Ειδήσεις" thumb="special://home/addons\resource.images.alivegr.artwork\resources\alivegr\news+alivegr.png">ActivateWindow(10025,&quot;plugin://plugin.video.AliveGR/?action=news&amp;title=%ce%95%ce%b9%ce%b4%ce%ae%cf%83%ce%b5%ce%b9%cf%82&amp;sf_options=fanart%3Dspecial%3A%2F%2Fhome%2Faddons%5Cplugin.video.AliveGR%5Cresources%5Cmedia%5Cfanart.jpg%26meta%3Dvotes%253D0%2526label%253D%2525CE%252595%2525CE%2525B9%2525CE%2525B4%2525CE%2525AE%2525CF%252583%2525CE%2525B5%2525CE%2525B9%2525CF%252582%2526title%253D%2525CE%252595%2525CE%2525B9%2525CE%2525B4%2525CE%2525AE%2525CF%252583%2525CE%2525B5%2525CE%2525B9%2525CF%252582%26_options_sf&quot;,return)</favourite>
	<favourite name="Αθλητικά" thumb="special://home/addons\resource.images.alivegr.artwork\resources\alivegr\sports+alivegr.png">ActivateWindow(10025,&quot;plugin://plugin.program.super.favourites/?content_type=video&amp;fanart=special%3a%2f%2fhome%2faddons%5cplugin.video.novasports.gr%5cfanart.jpg&amp;image=special%3a%2f%2fhome%2faddons%5cplugin.video.novasports.gr%5cicon.png&amp;label=Greek%20Sports&amp;mode=400&amp;path=special%3a%2f%2fhome%2faddons%2fplugin.program.super.favourites%2ffolders%5cSuper%20Favourites%5cGreek%20Sports&amp;sf_options=fanart%3Dspecial%3A%2F%2Fhome%2Faddons%5Cplugin.video.novasports.gr%5Cfanart.jpg%26meta%3Dlabel%253DGreek%252BSports%26_options_sf&quot;,return)</favourite>
	<favourite name="Εκπομπές" thumb="special://home/addons\resource.images.alivegr.artwork\resources\alivegr\shows+alivegr.png">ActivateWindow(10025,&quot;plugin://plugin.video.AliveGR/?action=shows&amp;title=%ce%95%ce%ba%cf%80%ce%bf%ce%bc%cf%80%ce%ad%cf%82&amp;sf_options=fanart%3Dspecial%3A%2F%2Fhome%2Faddons%5Cplugin.video.AliveGR%5Cresources%5Cmedia%5Cfanart.jpg%26meta%3Dvotes%253D0%2526label%253D%2525CE%252595%2525CE%2525BA%2525CF%252580%2525CE%2525BF%2525CE%2525BC%2525CF%252580%2525CE%2525AD%2525CF%252582%2526title%253D%2525CE%252595%2525CE%2525BA%2525CF%252580%2525CE%2525BF%2525CE%2525BC%2525CF%252580%2525CE%2525AD%2525CF%252582%26_options_sf&quot;,return)</favourite>
	<favourite name="Θέατρο" thumb="special://home/addons\resource.images.alivegr.artwork\resources\alivegr\theater+alivegr.png">ActivateWindow(10025,&quot;plugin://plugin.video.AliveGR/?action=theater&amp;title=%ce%98%ce%ad%ce%b1%cf%84%cf%81%ce%bf&amp;sf_options=fanart%3Dspecial%3A%2F%2Fhome%2Faddons%5Cplugin.video.AliveGR%5Cresources%5Cmedia%5Cfanart.jpg%26meta%3Dvotes%253D0%2526label%253D%2525CE%252598%2525CE%2525AD%2525CE%2525B1%2525CF%252584%2525CF%252581%2525CE%2525BF%2526title%253D%2525CE%252598%2525CE%2525AD%2525CE%2525B1%2525CF%252584%2525CF%252581%2525CE%2525BF%26_options_sf&quot;,return)</favourite>
	<favourite name="Ντοκυμαντέρ" thumb="special://home/addons\resource.images.alivegr.artwork\resources\alivegr\documentaries+alivegr.png">ActivateWindow(10025,&quot;plugin://plugin.video.AliveGR/?action=listing&amp;title=%ce%9d%cf%84%ce%bf%ce%ba%cf%85%ce%bc%ce%b1%ce%bd%cf%84%ce%ad%cf%81&amp;url=http%3a%2f%2fgreek-movies.com%2fmovies.php%3fg%3d6%26y%3d%26l%3d%26p%3d&amp;sf_options=fanart%3Dspecial%3A%2F%2Fhome%2Faddons%5Cplugin.video.AliveGR%5Cresources%5Cmedia%5Cfanart.jpg%26meta%3Dvotes%253D0%2526label%253D%2525CE%25259D%2525CF%252584%2525CE%2525BF%2525CE%2525BA%2525CF%252585%2525CE%2525BC%2525CE%2525B1%2525CE%2525BD%2525CF%252584%2525CE%2525AD%2525CF%252581%2526title%253D%2525CE%25259D%2525CF%252584%2525CE%2525BF%2525CE%2525BA%2525CF%252585%2525CE%2525BC%2525CE%2525B1%2525CE%2525BD%2525CF%252584%2525CE%2525AD%2525CF%252581%26_options_sf&quot;,return)</favourite>
	<favourite name="Δίκτυα" thumb="special://home/addons\resource.images.alivegr.artwork\resources\alivegr\networks+alivegr.png">ActivateWindow(10025,&quot;plugin://plugin.video.AliveGR/?action=networks&amp;title=%ce%94%ce%af%ce%ba%cf%84%cf%85%ce%b1&amp;sf_options=fanart%3Dspecial%3A%2F%2Fhome%2Faddons%5Cplugin.video.AliveGR%5Cresources%5Cmedia%5Cfanart.jpg%26meta%3Dvotes%253D0%2526label%253D%2525CE%252594%2525CE%2525AF%2525CE%2525BA%2525CF%252584%2525CF%252585%2525CE%2525B1%2526title%253D%2525CE%252594%2525CE%2525AF%2525CE%2525BA%2525CF%252584%2525CF%252585%2525CE%2525B1%26_options_sf&quot;,return)</favourite>
	<favourite name="Ραδιόφωνο" thumb="special://home/addons\resource.images.alivegr.artwork\resources\alivegr\radios+alivegr.png">ActivateWindow(10025,&quot;plugin://plugin.video.AliveGR/?action=radio&amp;title=%ce%a1%ce%b1%ce%b4%ce%b9%cf%8c%cf%86%cf%89%ce%bd%ce%bf&amp;sf_options=fanart%3Dspecial%3A%2F%2Fhome%2Faddons%5Cplugin.video.AliveGR%5Cresources%5Cmedia%5Cfanart.jpg%26meta%3Dvotes%253D0%2526label%253D%2525CE%2525A1%2525CE%2525B1%2525CE%2525B4%2525CE%2525B9%2525CF%25258C%2525CF%252586%2525CF%252589%2525CE%2525BD%2525CE%2525BF%2526title%253D%2525CE%2525A1%2525CE%2525B1%2525CE%2525B4%2525CE%2525B9%2525CF%25258C%2525CF%252586%2525CF%252589%2525CE%2525BD%2525CE%2525BF%26_options_sf&quot;,return)</favourite>
	<favourite name="Μουσική" thumb="special://home/addons\resource.images.alivegr.artwork\resources\alivegr\music+alivegr.png">ActivateWindow(10025,&quot;plugin://plugin.video.AliveGR/?action=music&amp;title=%ce%9c%ce%bf%cf%85%cf%83%ce%b9%ce%ba%ce%ae&amp;sf_options=fanart%3Dspecial%3A%2F%2Fhome%2Faddons%5Cplugin.video.AliveGR%5Cresources%5Cmedia%5Cfanart.jpg%26meta%3Dvotes%253D0%2526label%253D%2525CE%25259C%2525CE%2525BF%2525CF%252585%2525CF%252583%2525CE%2525B9%2525CE%2525BA%2525CE%2525AE%2526title%253D%2525CE%25259C%2525CE%2525BF%2525CF%252585%2525CF%252583%2525CE%2525B9%2525CE%2525BA%2525CE%2525AE%26_options_sf&quot;,return)</favourite>
	<favourite name="Παιδικά" thumb="special://home/addons\resource.images.alivegr.artwork\resources\alivegr\kids+alivegr.png">ActivateWindow(10025,&quot;plugin://plugin.video.AliveGR/?action=kids&amp;title=%ce%a0%ce%b1%ce%b9%ce%b4%ce%b9%ce%ba%ce%ac&amp;sf_options=fanart%3Dspecial%3A%2F%2Fhome%2Faddons%5Cplugin.video.AliveGR%5Cresources%5Cmedia%5Cfanart.jpg%26meta%3Dvotes%253D0%2526label%253D%2525CE%2525A0%2525CE%2525B1%2525CE%2525B9%2525CE%2525B4%2525CE%2525B9%2525CE%2525BA%2525CE%2525AC%2526title%253D%2525CE%2525A0%2525CE%2525B1%2525CE%2525B9%2525CE%2525B4%2525CE%2525B9%2525CE%2525BA%2525CE%2525AC%26_options_sf&quot;,return)</favourite>
	<favourite name="Διάφορα" thumb="special://home/addons\resource.images.alivegr.artwork\resources\alivegr\miscellany+alivegr.png">ActivateWindow(10025,&quot;plugin://plugin.video.AliveGR/?action=miscellany&amp;title=%ce%94%ce%b9%ce%ac%cf%86%ce%bf%cf%81%ce%b1&amp;sf_options=fanart%3Dspecial%3A%2F%2Fhome%2Faddons%5Cplugin.video.AliveGR%5Cresources%5Cmedia%5Cfanart.jpg%26meta%3Dvotes%253D0%2526label%253D%2525CE%252594%2525CE%2525B9%2525CE%2525AC%2525CF%252586%2525CE%2525BF%2525CF%252581%2525CE%2525B1%2526title%253D%2525CE%252594%2525CE%2525B9%2525CE%2525AC%2525CF%252586%2525CE%2525BF%2525CF%252581%2525CE%2525B1%26_options_sf&quot;,return)</favourite>
	<favourite name="Αναζήτηση" thumb="special://home/addons\resource.images.alivegr.artwork\resources\alivegr\search+alivegr.png">ActivateWindow(10025,&quot;plugin://plugin.video.AliveGR/?action=search&amp;title=%ce%91%ce%bd%ce%b1%ce%b6%ce%ae%cf%84%ce%b7%cf%83%ce%b7&amp;sf_options=fanart%3Dspecial%3A%2F%2Fhome%2Faddons%5Cplugin.video.AliveGR%5Cresources%5Cmedia%5Cfanart.jpg%26meta%3Dvotes%253D0%2526label%253D%2525CE%252591%2525CE%2525BD%2525CE%2525B1%2525CE%2525B6%2525CE%2525AE%2525CF%252584%2525CE%2525B7%2525CF%252583%2525CE%2525B7%2526title%253D%2525CE%252591%2525CE%2525BD%2525CE%2525B1%2525CE%2525B6%2525CE%2525AE%2525CF%252584%2525CE%2525B7%2525CF%252583%2525CE%2525B7%26_options_sf&quot;,return)</favourite>
	<favourite name="Εργαλεία" thumb="special://home/addons\resource.images.alivegr.artwork\resources\alivegr\settings+alivegr.png">ActivateWindow(10025,&quot;plugin://plugin.video.AliveGR/?action=settings&amp;title=%ce%95%cf%81%ce%b3%ce%b1%ce%bb%ce%b5%ce%af%ce%b1&amp;sf_options=fanart%3Dspecial%3A%2F%2Fhome%2Faddons%5Cplugin.video.AliveGR%5Cresources%5Cmedia%5Cfanart.jpg%26meta%3Dvotes%253D0%2526label%253D%2525CE%252595%2525CF%252581%2525CE%2525B3%2525CE%2525B1%2525CE%2525BB%2525CE%2525B5%2525CE%2525AF%2525CE%2525B1%2526title%253D%2525CE%252595%2525CF%252581%2525CE%2525B3%2525CE%2525B1%2525CE%2525BB%2525CE%2525B5%2525CE%2525AF%2525CE%2525B1%26_options_sf&quot;,return)</favourite>
</favourites>