{
    "access_manager": {
        "current_user": 0,
        "developers": {},
        "last_origin": "plugin.video.youtube",
        "users": {
            "0": {
                "access_token": "",
                "id": "6f20d1a53db84c1ca5238c846d904ee1",
                "last_key_hash": "128c481c25350a0a8ddc2b91181ebf23",
                "name": "Default",
                "refresh_token": "",
                "token_expires": -1,
                "watch_history": "HL",
                "watch_later": ""
            }
        }
    }
}