<favourites>
	<favourite name="[B][COLORwhite]Πρόσθετα βίντεο[/COLOR][/B]" thumb="special://home/addons\plugin.image.TechNEWSology/resources/media\video.png">ActivateWindow(10025,&quot;library://video/addons.xml/?sf_options=meta%3Dlabel%253D%2525CE%2525A0%2525CF%252581%2525CF%25258C%2525CF%252583%2525CE%2525B8%2525CE%2525B5%2525CF%252584%2525CE%2525B1%252B%2525CE%2525B2%2525CE%2525AF%2525CE%2525BD%2525CF%252584%2525CE%2525B5%2525CE%2525BF%26_options_sf&quot;,return)</favourite>
	<favourite name="[B][COLORwhite]Πρόσθετες εφαρμογές[/COLOR][/B]" thumb="special://home/addons\plugin.image.TechNEWSology/resources/media\executable.png">ActivateWindow(10001,&quot;addons://sources/executable/?sf_options=meta%3Dlabel%253D%2525CE%2525A0%2525CF%252581%2525CF%25258C%2525CF%252583%2525CE%2525B8%2525CE%2525B5%2525CF%252584%2525CE%2525B5%2525CF%252582%252B%2525CE%2525B5%2525CF%252586%2525CE%2525B1%2525CF%252581%2525CE%2525BC%2525CE%2525BF%2525CE%2525B3%2525CE%2525AD%2525CF%252582%26_options_sf&quot;,return)</favourite>
	<favourite name="[B][COLORwhite]Πρόσθετα μουσικής[/COLOR][/B]" thumb="special://home/addons\plugin.image.TechNEWSology/resources/media\music.png">ActivateWindow(10502,&quot;library://music/addons.xml/?sf_options=meta%3Dlabel%253D%2525CE%2525A0%2525CF%252581%2525CF%25258C%2525CF%252583%2525CE%2525B8%2525CE%2525B5%2525CF%252584%2525CE%2525B1%252B%2525CE%2525BC%2525CE%2525BF%2525CF%252585%2525CF%252583%2525CE%2525B9%2525CE%2525BA%2525CE%2525AE%2525CF%252582%26_options_sf&quot;,return)</favourite>	
	<favourite name="[B][COLORwhite]Νέα Πρόσθετα[/COLOR][/B]" thumb="special://home/addons\plugin.image.TechNEWSology/resources/media\addons2.png">ActivateWindow(10040,&quot;addons://all/xbmc.addon.video?sf_options=meta%3Dlabel%253D%2525CE%2525A0%2525CF%252581%2525CF%25258C%2525CF%252583%2525CE%2525B8%2525CE%2525B5%2525CF%252584%2525CE%2525B1%252B%2525CE%2525B2%2525CE%2525AF%2525CE%2525BD%2525CF%252584%2525CE%2525B5%2525CE%2525BF%26_options_sf&quot;,return)</favourite>
	<favourite name="[B][COLORwhite]Διαχείριση Αρχείων[/COLOR][/B]" thumb="special://home/addons\plugin.image.TechNEWSology/resources/media\source.png">ActivateWindow(FileManager)</favourite>
	<favourite name="[B][COLORwhite]Νέο Αποθετήριο[/COLOR][/B]" thumb="special://home/addons\plugin.image.TechNEWSology/resources/media\repo.png">ActivateWindow(10040,&quot;addons://all/xbmc.addon.repository?sf_options=meta%3Dlabel%253D%2525CE%252591%2525CF%252580%2525CE%2525BF%2525CE%2525B8%2525CE%2525B5%2525CF%252584%2525CE%2525AE%2525CF%252581%2525CE%2525B9%2525CE%2525BF%252B%2525CF%252580%2525CF%252581%2525CF%25258C%2525CF%252583%2525CE%2525B8%2525CE%2525B5%2525CF%252584%2525CF%252589%2525CE%2525BD%26_options_sf&quot;,return)</favourite>
</favourites>