<favourites>
    <favourite name="[COLORwhite][B]Movies Addons[/B][/COLOR]" thumb="special://home/addons\plugin.image.TechNEWSology/resources/media\movieaddons.jpg" fanart="none">ActivateWindow(videos,&quot;plugin://plugin.program.super.favourites/?label=Movies+Addons&amp;mode=400&amp;path=special%3A%2F%2Fhome%2Faddons%2Fplugin.program.super.favourites%2Ffolders%5CSuper+Favourites%5CMovies+Addons&amp;image=https%3A%2F%2Fi.imgur.com%2FCIx5iC8.png&amp;fanart=special%3A%2F%2Fhome%2Faddons%5Cplugin.video.atlas%5Cresources%5Cart%5Carrt.jpg&amp;content_type=&quot;,return)</favourite>
    <favourite name="[COLORwhite][B]4K UHD Movies[/B][/COLOR]" thumb="special://home/addons\plugin.image.TechNEWSology/resources/media\4K.jpg" fanart="none">ActivateWindow(videos,&quot;plugin://plugin.program.super.favourites/?label=4K+UHD&amp;mode=400&amp;path=special%3A%2F%2Fhome%2Faddons%2Fplugin.program.super.favourites%2Ffolders%5CSuper+Favourites%5C4K+UHD&amp;image=https%3A%2F%2Ftroypoint.com%2Fwp-content%2Fuploads%2F2017%2F10%2Finstall-real-debrid-kodi.jpg&amp;fanart=https%3A%2F%2Fimages.alphacoders.com%2F791%2Fthumb-1920-79161.jpg&amp;content_type=&quot;,return)</favourite>
    <favourite name="[COLORwhite][B]Real Debrid Movies[/B][/COLOR]" thumb="special://home/addons\plugin.image.TechNEWSology/resources/media\re.jpg" fanart="none">ActivateWindow(videos,&quot;plugin://plugin.program.super.favourites/?label=Real+Debrid+Movies+FHD+And+4K+UHD&amp;mode=400&amp;path=special%3A%2F%2Fhome%2Faddons%2Fplugin.program.super.favourites%2Ffolders%5CSuper+Favourites%5CReal+Debrid+Movies+FHD+And+4K+UHD&amp;image=https%3A%2F%2Ftroypoint.com%2Fwp-content%2Fuploads%2F2017%2F10%2Finstall-real-debrid-kodi.jpg&amp;fanart=https%3A%2F%2Fimages.alphacoders.com%2F791%2Fthumb-1920-79161.jpg&amp;content_type=&quot;,return)</favourite>
    <favourite name="[B][COLORwhite]3D Movies[/COLOR][/B]" thumb="special://home/addons\plugin.image.TechNEWSology/resources/media\3D.jpg" fanart="none">ActivateWindow(videos,&quot;plugin://plugin.program.super.favourites/?label=3D+Movies&amp;mode=400&amp;path=special%3A%2F%2Fhome%2Faddons%2Fplugin.program.super.favourites%2Ffolders%5CSuper+Favourites%5C3D+Movies&amp;image=http%3A%2F%2Fsupremacy.org.uk%2Ftombraider%2Fdogsbollocks%2FIcons%2Fdbicon.jpg&amp;fanart=https%3A%2F%2Fimages2.alphacoders.com%2F121%2F121150.jpg&amp;content_type=&quot;,return)</favourite>
    <favourite name="[COLORwhite][B]Ελληνικές Ταινίες[/B][/COLOR]" thumb="special://home/addons\plugin.image.TechNEWSology/resources/media\grn.jpg" fanart="none">ActivateWindow(videos,&quot;plugin://plugin.program.super.favourites/?label=Greek+movie&amp;mode=400&amp;path=special%3A%2F%2Fhome%2Faddons%2Fplugin.program.super.favourites%2Ffolders%5CSuper+Favourites%5CGreek+movie&amp;image=http%3A%2F%2Fwww.freeiconspng.com%2Fuploads%2Fsearch-icon-png-22.png&amp;fanart=special%3A%2F%2Fhome%2Faddons%5Cplugin.video.atlas%5Cresources%5Cart%5Carrt.jpg&amp;content_type=&quot;,return)</favourite>
    <favourite name="[B][COLORwhite]Box Sets[/COLOR][/B]" thumb="special://home/addons\plugin.image.TechNEWSology/resources/media\boxsets.jpg" fanart="none">ActivateWindow(videos,&quot;plugin://plugin.program.super.favourites/?label=Box+Sets&amp;mode=400&amp;path=special%3A%2F%2Fhome%2Faddons%2Fplugin.program.super.favourites%2Ffolders%5CSuper+Favourites%5CBox+Sets&amp;image=http%3A%2F%2Fsupremacy.org.uk%2Ftombraider%2Fdogsbollocks%2FIcons%2Fdbicon.jpg&amp;fanart=https%3A%2F%2Fimages2.alphacoders.com%2F121%2F121150.jpg&amp;content_type=&quot;,return)</favourite>
</favourites>