<favourites>
	<favourite name="[COLOR orange]Καλύτερο streaming στο Βίντεο ...[/COLOR]" thumb="https://tindrumasiankitchen.com/wp-content/uploads/2017/08/click-here-black.png">RunScript(special://home/addons/plugin.program.super.favourites/folders/PY/AdvancedSettings.py)</favourite>
	<favourite name="[COLOR orange]Όταν δεν εμφανίζονται τα Widgets ή τα Εικονίδια ...[/COLOR]" thumb="https://tindrumasiankitchen.com/wp-content/uploads/2017/08/click-here-black.png">RunScript(special://home/addons/plugin.program.super.favourites/folders/PY/FixWidget.py)</favourite>
	<favourite name="[COLOR orange]Διαγραφή PVR Stalker[/COLOR]" thumb="https://tindrumasiankitchen.com/wp-content/uploads/2017/08/click-here-black.png">RunScript("special://skin/16x9/StalkerDelete.py")</favourite>
	<favourite name="[COLOR orange]Εξουσιοδότηση [COLOR lime]Trakt ...[/COLOR]" thumb="https://tindrumasiankitchen.com/wp-content/uploads/2017/08/click-here-black.png">RunPlugin(plugin://plugin.video.theoath/?action=authTrakt)</favourite>
	<favourite name="[COLOR orange]Έγκριση του λογαριασμού μου [COLOR lime]RealDebrid ...[/COLOR]" thumb="https://tindrumasiankitchen.com/wp-content/uploads/2017/08/click-here-black.png">RunPlugin(plugin://script.module.resolveurl/?mode=auth_rd)</favourite>
	<favourite name="[COLOR orange]Έγκριση του λογαριασμού μου [COLOR lime]AllDebrid ...[/COLOR]" thumb="https://tindrumasiankitchen.com/wp-content/uploads/2017/08/click-here-black.png">RunPlugin(plugin://script.module.resolveurl/?mode=auth_ad)</favourite>
	<favourite name="[COLOR orange]Έγκριση του λογαριασμού μου [COLOR lime]PremiumizeMe ...[/COLOR]" thumb="https://tindrumasiankitchen.com/wp-content/uploads/2017/08/click-here-black.png">RunPlugin(plugin://script.module.resolveurl/?mode=auth_pm)</favourite>
	<favourite name="[COLOR orange]Έλεγχος Αναβάθμισης Πρόσθετων ...[/COLOR]" thumb="https://tindrumasiankitchen.com/wp-content/uploads/2017/08/click-here-black.png">RunPlugin(plugin://plugin.program.G.K.N.Wizard/?mode=kodi17fix&amp;sf_options)</favourite>
	<favourite name="[COLOR orange]Διαγραφή Indigo...[/COLOR]" thumb="https://tindrumasiankitchen.com/wp-content/uploads/2017/08/click-here-black.png">RunScript(special://home/addons/plugin.program.super.favourites/folders/PY/indigoDel.py)</favourite>
	<favourite name="[B][COLOR orange]Καθαρή εγκατάσταση Build [B][COLOR white]*ΔΙΑΓΡΑΦΗ ΟΛΩΝ*[/COLOR][/B]" thumb="special://home/addons\plugin.program.G.K.N.Wizard\resources\art\maintenance.png">RunPlugin(plugin://plugin.program.G.K.N.Wizard/?mode=install&amp;name=TechNEWSology+-Matrix-&amp;url=fresh&amp;sf_options)</favourite>
	<favourite name="[B][COLOR orange]Αφαίρεση πρόσθετων[/COLOR][/B]" thumb="special://home/addons\plugin.program.G.K.N.Wizard\resources\art\maintenance.png">RunPlugin(&quot;plugin://plugin.program.G.K.N.Wizard/?mode=removeaddons&amp;sf_options=fanart%3Dspecial%3A%2F%2Fhome%2Faddons%5Cplugin.program.G.K.N.Wizard%5Cfanart.jpg%26meta%3Dplot%253D%25255BB%25255D%25255BCOLOR%252Bdodgerblue%25255DGR%25255BCOLOR%252Bwhite%25255Deco%25255BCOLOR%252Bdodgerblue%25255DTM%252B%25255BCOLOR%252Bwhite%25255DBuilds%252BWizard%25255B%25252FCOLOR%25255D%25255B%25252FB%25255D%2526votes%253D0%2526label%253D%25255BCOLOR%252Bdodgerblue%25255DRemove%252BAddons%25255B%25252FCOLOR%25255D%2526title%253D%25255BCOLOR%252Bdodgerblue%25255DRemove%252BAddons%25255B%25252FCOLOR%25255D%26winID%3D10001%26desc%3D%5BB%5D%5BCOLOR+dodgerblue%5DGR%5BCOLOR+white%5Deco%5BCOLOR+dodgerblue%5DTM+%5BCOLOR+white%5DBuilds+Wizard%5B%2FCOLOR%5D%5B%2FB%5D%26_options_sf&quot;)</favourite>
	<favourite name="[B][COLOR orange]Καθαρισμός παρόχων-Cache[/COLOR][/B]" thumb="special://home/addons\plugin.program.G.K.N.Wizard\resources\art\maintenance.png">RunPlugin(&quot;plugin://plugin.program.G.K.N.Wizard/?mode=clearcache&amp;sf_options=fanart%3Dspecial%3A%2F%2Fhome%2Faddons%5Cplugin.program.G.K.N.Wizard%5Cfanart.jpg%26meta%3Dplot%253D%25255BB%25255D%25255BCOLOR%252Bgoldenrod%25255DG.K.N.%25255B%25252FCOLOR%25255D%252B%25255BCOLOR%252Bwhite%25255DBuilds%252BWizard%25255B%25252FCOLOR%25255D%25255B%25252FB%25255D%2526votes%253D0%2526label%253D%25255BCOLOR%252Bgoldenrod%25255DClear%252BCache%25253A%252B%25255BCOLOR%252Bgreen%25255D%25255BB%25255D99.78%252BKB%25255B%25252FB%25255D%25255B%25252FCOLOR%25255D%25255B%25252FCOLOR%25255D%2526title%253D%25255BCOLOR%252Bgoldenrod%25255DClear%252BCache%25253A%252B%25255BCOLOR%252Bgreen%25255D%25255BB%25255D99.78%252BKB%25255B%25252FB%25255D%25255B%25252FCOLOR%25255D%25255B%25252FCOLOR%25255D%26winID%3D10025%26desc%3D%5BB%5D%5BCOLOR+goldenrod%5DG.K.N.%5B%2FCOLOR%5D+%5BCOLOR+white%5DBuilds+Wizard%5B%2FCOLOR%5D%5B%2FB%5D%26_options_sf&quot;)</favourite>
	<favourite name="[B][COLOR orange]Save Data[/COLOR][/B]" thumb="special://home/addons\plugin.program.G.K.N.Wizard\resources\art\save.png">ActivateWindow(10001,&quot;plugin://plugin.program.G.K.N.Wizard/?mode=savedata&amp;sf_options=fanart%3Dspecial%3A%2F%2Fhome%2Faddons%5Cplugin.program.G.K.N.Wizard%5Cfanart.jpg%26meta%3Dplot%253D%25255BB%25255D%25255BCOLOR%252Bgoldenrod%25255DG.K.N.%25255B%25252FCOLOR%25255D%252B%25255BCOLOR%252Bwhite%25255DBuilds%252BWizard%25255B%25252FCOLOR%25255D%25255B%25252FB%25255D%2526votes%253D0%2526label%253D%25255BCOLOR%252Bgoldenrod%25255D%25255BB%25255D%25255BI%25255D%252528%25255BCOLOR%252Bwhite%25255DG.K.N.%25255B%25252FCOLOR%25255D%252529%25255B%25252FB%25255D%25255B%25252FCOLOR%25255D%252B%25255BCOLOR%252Bwhite%25255DSave%252BData%25255B%25252FCOLOR%25255D%25255B%25252FI%25255D%2526title%253D%25255BCOLOR%252Bgoldenrod%25255D%25255BB%25255D%25255BI%25255D%252528%25255BCOLOR%252Bwhite%25255DG.K.N.%25255B%25252FCOLOR%25255D%252529%25255B%25252FB%25255D%25255B%25252FCOLOR%25255D%252B%25255BCOLOR%252Bwhite%25255DSave%252BData%25255B%25252FCOLOR%25255D%25255B%25252FI%25255D%26desc%3D%5BB%5D%5BCOLOR+goldenrod%5DG.K.N.%5B%2FCOLOR%5D+%5BCOLOR+white%5DBuilds+Wizard%5B%2FCOLOR%5D%5B%2FB%5D%26_options_sf&quot;,return)</favourite>
	<favourite name="[B][COLOR orange]Kodi Fix[/COLOR][/B]" thumb="special://home/addons\plugin.program.G.K.N.Wizard\resources\art\maintenance.png">RunPlugin(&quot;plugin://plugin.program.G.K.N.Wizard/?mode=kodi17fix&amp;sf_options=fanart%3Dspecial%3A%2F%2Fhome%2Faddons%5Cplugin.program.G.K.N.Wizard%5Cfanart.jpg%26meta%3Dplot%253D%25255BB%25255D%25255BCOLOR%252Bgoldenrod%25255DG.K.N.%25255B%25252FCOLOR%25255D%252B%25255BCOLOR%252Bwhite%25255DBuilds%252BWizard%25255B%25252FCOLOR%25255D%25255B%25252FB%25255D%2526votes%253D0%2526label%253D%25255BCOLOR%252Bgoldenrod%25255DKodi%252B17%252BFix%25255B%25252FCOLOR%25255D%2526title%253D%25255BCOLOR%252Bgoldenrod%25255DKodi%252B17%252BFix%25255B%25252FCOLOR%25255D%26winID%3D10025%26desc%3D%5BB%5D%5BCOLOR+goldenrod%5DG.K.N.%5B%2FCOLOR%5D+%5BCOLOR+white%5DBuilds+Wizard%5B%2FCOLOR%5D%5B%2FB%5D%26_options_sf&quot;)</favourite>
	<favourite name="[B][COLOR orange]Reload Skin[/COLOR][/B]" thumb="special://home/addons\plugin.program.G.K.N.Wizard\resources\art\maintenance.png">RunPlugin(&quot;plugin://plugin.program.G.K.N.Wizard/?mode=forceskin&amp;sf_options=fanart%3Dspecial%3A%2F%2Fhome%2Faddons%5Cplugin.program.G.K.N.Wizard%5Cfanart.jpg%26meta%3Dplot%253D%25255BB%25255D%25255BCOLOR%252Bgoldenrod%25255DG.K.N.%25255B%25252FCOLOR%25255D%252B%25255BCOLOR%252Bwhite%25255DBuilds%252BWizard%25255B%25252FCOLOR%25255D%25255B%25252FB%25255D%2526votes%253D0%2526label%253D%25255BCOLOR%252Bgoldenrod%25255DReload%252BSkin%25255B%25252FCOLOR%25255D%2526title%253D%25255BCOLOR%252Bgoldenrod%25255DReload%252BSkin%25255B%25252FCOLOR%25255D%26winID%3D10025%26desc%3D%5BB%5D%5BCOLOR+goldenrod%5DG.K.N.%5B%2FCOLOR%5D+%5BCOLOR+white%5DBuilds+Wizard%5B%2FCOLOR%5D%5B%2FB%5D%26_options_sf&quot;)</favourite>
	<favourite name="[B][COLOR orange]Enable/Disable Addons[/COLOR][/B]" thumb="special://home/addons\plugin.program.G.K.N.Wizard\resources\art\maintenance.png">ActivateWindow(10001,&quot;plugin://plugin.program.G.K.N.Wizard/?mode=enableaddons&amp;sf_options=fanart%3Dspecial%3A%2F%2Fhome%2Faddons%5Cplugin.program.G.K.N.Wizard%5Cfanart.jpg%26meta%3Dplot%253D%25255BB%25255D%25255BCOLOR%252Bgoldenrod%25255DG.K.N.%25255B%25252FCOLOR%25255D%252B%25255BCOLOR%252Bwhite%25255DBuilds%252BWizard%25255B%25252FCOLOR%25255D%25255B%25252FB%25255D%2526votes%253D0%2526label%253D%25255BCOLOR%252Bgoldenrod%25255DEnable%25252FDisable%252BAddons%25255B%25252FCOLOR%25255D%2526title%253D%25255BCOLOR%252Bgoldenrod%25255DEnable%25252FDisable%252BAddons%25255B%25252FCOLOR%25255D%26desc%3D%5BB%5D%5BCOLOR+goldenrod%5DG.K.N.%5B%2FCOLOR%5D+%5BCOLOR+white%5DBuilds+Wizard%5B%2FCOLOR%5D%5B%2FB%5D%26_options_sf&quot;,return)</favourite>
	<favourite name="[B][COLOR orange]Speed Test[/COLOR][/B]" thumb="special://home/addons\plugin.program.G.K.N.Wizard\resources\art\maintenance.png">ActivateWindow(10001,&quot;plugin://plugin.program.G.K.N.Wizard/?mode=speedtest&amp;sf_options=fanart%3Dspecial%3A%2F%2Fhome%2Faddons%5Cplugin.program.G.K.N.Wizard%5Cfanart.jpg%26meta%3Dplot%253D%25255BB%25255D%25255BCOLOR%252Bgoldenrod%25255DG.K.N.%25255B%25252FCOLOR%25255D%252B%25255BCOLOR%252Bwhite%25255DBuilds%252BWizard%25255B%25252FCOLOR%25255D%25255B%25252FB%25255D%2526votes%253D0%2526label%253D%25255BCOLOR%252Bgoldenrod%25255DSpeed%252BTest%25255B%25252FCOLOR%25255D%2526title%253D%25255BCOLOR%252Bgoldenrod%25255DSpeed%252BTest%25255B%25252FCOLOR%25255D%26desc%3D%5BB%5D%5BCOLOR+goldenrod%5DG.K.N.%5B%2FCOLOR%5D+%5BCOLOR+white%5DBuilds+Wizard%5B%2FCOLOR%5D%5B%2FB%5D%26_options_sf&quot;,return)</favourite>
	<favourite name="[B][COLOR orange]Εργαλεία AliveGR[/COLOR][/B]" thumb="special://home/addons\resource.images.alivegr.artwork\resources\alivegr\settings+alivegr.png">ActivateWindow(10025,&quot;plugin://plugin.video.AliveGR/?action=settings&amp;title=%ce%95%cf%81%ce%b3%ce%b1%ce%bb%ce%b5%ce%af%ce%b1&amp;sf_options=fanart%3Dspecial%3A%2F%2Fhome%2Faddons%5Cplugin.video.AliveGR%5Cfanart.jpg%26meta%3Dvotes%253D0%2526label%253D%2525CE%252595%2525CF%252581%2525CE%2525B3%2525CE%2525B1%2525CE%2525BB%2525CE%2525B5%2525CE%2525AF%2525CE%2525B1%2526title%253D%2525CE%252595%2525CF%252581%2525CE%2525B3%2525CE%2525B1%2525CE%2525BB%2525CE%2525B5%2525CE%2525AF%2525CE%2525B1%26_options_sf&quot;,return)</favourite>
</favourites>