<favourites>
	<favourite name="[B][I][COLORred]RD [COLORorange]AUTHORIZE HERE Resolve[COLORred]URL[/B][/I][/COLOR]" thumb="https://troypoint.com/wp-content/uploads/2017/10/install-real-debrid-kodi.jpg">RunPlugin(&quot;plugin://script.module.resolveurl/?mode=auth_rd&quot;,return)</favourite>
	<favourite name="[B][COLORwhite]The Magic Dragon[/COLOR][/B]" thumb="special://home/addons\plugin.video.themagicdragon/icon.png">ActivateWindow(10025,&quot;plugin://plugin.video.themagicdragon/?fanart=https%3a%2f%2fgithub.com%2ftombebbs1%2fmagicdragon%2fblob%2fmaster%2ffanart.jpg%3fraw%3dtrue&amp;mode=1&amp;name=%5bB%5d%5bCOLORwhite%5d3D%20Movies%5b%2fCOLOR%5d%5b%2fB%5d&amp;url=https%3a%2f%2fraw.githubusercontent.com%2ftombebbs1%2fmagicdragon%2fmaster%2f3d.txt&amp;sf_options=fanart%3Dhttps%3A%2F%2Fgithub.com%2Ftombebbs1%2Fmagicdragon%2Fblob%2Fmaster%2Ffanart.jpg%3Fraw%26meta%3Dvotes%253D0%2526label%253D%25255BB%25255D%25255BCOLORwhite%25255D3D%252BMovies%25255B%25252FCOLOR%25255D%25255B%25252FB%25255D%2526title%253D%25255BB%25255D%25255BCOLORwhite%25255D3D%252BMovies%25255B%25252FCOLOR%25255D%25255B%25252FB%25255D%26_options_sf&quot;,return)</favourite>
	<favourite name="[B][COLORwhite]White Devil[/COLOR][/B]" thumb="http://brettusbuilds.com/3D%20THOOOOOOO/avatar-stormtrooper-256.png">ActivateWindow(10025,&quot;plugin://plugin.video.white.devil/?action=directory&amp;content=addons&amp;url=http%3a%2f%2fbrettusbuilds.com%2f3D%2520THOOOOOOO%2f3D%2520THOOOOOOOOOOOOOOOOOOOOOO.XML&amp;sf_options=fanart%3Dhttps%3A%2F%2Fs-media-cache-ak0.pinimg.com%2Foriginals%2F5b%2Fbc%2Fff%2F5bbcffa4410b54b730fd61835645e2df.jpg%26meta%3Dlabel%253D%25255BCOLOR%252Bdodgerblue%25255D3D%252BMOVIE%252BZONE%25255B%25252FCOLOR%25255D%26_options_sf&quot;,return)</favourite>
	<favourite name="[B][COLORwhite]Movies Server List[/COLOR][/B]" thumb="special://home/addons\plugin.image.TechNEWSology/resources/media/3d.png">ActivateWindow(10025,&quot;http://dl.srv-dl.com/My30nama/3D%20Full%20HD%201080p/?sf_options=meta%3Dlabel%253Ddlsrvdl3D%26_options_sf&quot;,return)</favourite>
</favourites>