<?xml version="1.0" encoding="UTF-8"?>  <!-- Modified by TechNEWSology -->
<window>
	<defaultcontrol always="true">996</defaultcontrol>
	<animation type="WindowOpen" reversible="false">
		<effect type="zoom" start="150" end="100" center="auto" time="300" tween="cubic" easing="out" />
		<effect type="fade" end="100" time="150" />
	</animation>
	<animation type="WindowClose" reversible="false">
		<effect type="fade" start="100" end="0" time="100" delay="100" />
		<effect type="zoom" start="100" end="130" center="auto" time="200" tween="cubic" easing="in" />
	</animation>
	<coordinates>
		<system>1</system>
		<left>0</left>
		<top>75</top>
	</coordinates>
	<controls>
			<control type="image" id="999">
				<description>background image</description>
				<top>-34</top>
				<width>510</width>
				<height min="60" max="1110">auto</height>
				<texture border="30,20,30,2">dialog_top2.png</texture>
			</control>
		<control type="grouplist" id="996">
				<description>grouplist for context buttons</description>
				<left>16</left>
				<top>-13</top>
				<width>510</width>
				<height min="60" max="1080">auto</height>
				<include condition="Window.IsActive(programs) + !String.IsEmpty(Window(Home).Property(Progams.Games))">AdvancedLauncherTrailerButton</include>
			<control type="button" id="802">
				<left>33</left>
				<width>480</width>
				<height>60</height>
				<onright>801</onright>
				<font>font14</font>
				<align>center</align>
				<textcolor>orange</textcolor>
				<label>[B]Χρήσιμα[/B]</label>
				<onclick>RunScript("special://skin/16x9/TechNEWSology/Clearcache.py")</onclick>
			</control>
			<control type="button" id="1000">
				<description>button template</description>
				<width>480</width>
				<height>60</height>
				<font>font14</font>
				<align>center</align>
			</control>
		</control>
			<control type="image" id="998">
				<description>background image</description>
				<top>-34</top>
				<left>483</left>
				<width>512</width>
				<height>385</height>
				<texture border="30,20,30,2">dialog_top2.png</texture>
				<visible>Control.HasFocus(802) | Control.HasFocus(801) | Control.HasFocus(803) | Control.HasFocus(804) | Control.HasFocus(805) | Control.HasFocus(806) | Control.HasFocus(807) | Control.HasFocus(808) | Control.HasFocus(809) | Control.HasFocus(810) | Control.HasFocus(811) | Control.HasFocus(812) | Control.HasFocus(813)</visible>
			</control>
			<control type="image" id="995">
				<description>arrow image</description>
				<top>5</top>
				<left>440</left>
				<width>30</width>
				<height>20</height>
				<texture>arrowright2.png</texture>
				<visible>Control.HasFocus(802)</visible>
			</control>
		<control type="grouplist" id="997">
				<description>grouplist for context buttons</description>
				<left>500</left>
				<top>-15</top>
				<width>510</width>
				<height>1460</height>
				<onleft>802</onleft>
				<visible>Control.HasFocus(802) | Control.HasFocus(801) | Control.HasFocus(803) | Control.HasFocus(804) | Control.HasFocus(805) | Control.HasFocus(806) | Control.HasFocus(807) | Control.HasFocus(808) | Control.HasFocus(809) | Control.HasFocus(810) | Control.HasFocus(811) | Control.HasFocus(812) | Control.HasFocus(813)</visible>
			<control type="button" id="801">
				<left>33</left>
				<width>480</width>
				<height>60</height>
				<font>font14</font>
				<align>left</align>
				<textcolor>orange</textcolor>
				<label>[B]Καθαρισμός Παρόχων[/B]</label>
				<onclick>RunScript("special://skin/16x9/TechNEWSology/Clearcache.py")</onclick>
			</control>
			<control type="button" id="803">
				<left>33</left>
				<width>480</width>
				<height>60</height>
				<font>font14</font>
				<align>left</align>
				<textcolor>orange</textcolor>
				<label>[B]Είδατε Πρόσφατα[/B]</label>
				<onclick>ActivateWindow(10025,plugin://plugin.video.last_played,return)</onclick>
			</control>
			<control type="button" id="804">
				<left>33</left>
				<width>480</width>
				<height>60</height>
				<font>font14</font>
				<align>left</align>
				<textcolor>orange</textcolor>
				<label>[B]Περιηγητής[/B]</label>
				<onclick>ActivateWindow(AddonBrowser)</onclick>
			</control>
			<control type="button" id="806">
				<left>33</left>
				<width>480</width>
				<height>60</height>
				<font>font14</font>
				<align>left</align>
				<textcolor>orange</textcolor>
				<label>[B]Εργαλεία[/B]</label>
				<onclick>RunPlugin(plugin://plugin.program.downloader19/?mode=14)</onclick>
			</control>
<!--			<control type="button" id="813">
				<left>33</left>
				<width>480</width>
				<height>60</height>
				<font>font14</font>
				<align>left</align>
				<textcolor>orange</textcolor>
				<label>[B][COLOR lime]ON[/COLOR] Widgets[/B]</label>
				<onclick>RunPlugin(plugin://plugin.program.downloader/widgetsReset)</onclick>
			</control>
			<control type="button" id="805">
				<left>33</left>
				<width>480</width>
				<height>60</height>
				<font>font14</font>
				<align>left</align>
				<textcolor>orange</textcolor>
				<label>[B][COLOR red]OFF[/COLOR] Widgets[/B]</label>
				<onclick>RunPlugin(plugin://plugin.program.downloader/widgetsDel)</onclick>
			</control>-->
			<control type="button" id="807">
				<left>33</left>
				<width>480</width>
				<height>60</height>
				<font>font14</font>
				<align>left</align>
				<textcolor>orange</textcolor>
				<label>[B]Υποστήριξη - Ιστότοποι [/B]</label>
				<onclick>RunScript("special://skin/16x9/TechNEWSology/Support.py")</onclick>
			</control>
<!--			<control type="button" id="808">
				<left>33</left>
				<width>480</width>
				<height>60</height>
				<font>font14</font>
				<align>left</align>
				<textcolor>orange</textcolor>
				<label>[B]Ιστότοποι Υποτίτλων[/B]</label>
				<onclick>RunScript("special://skin/16x9/TechNEWSology/SearchSubs.py")</onclick>
			</control>-->
			<control type="button" id="809">
				<left>33</left>
				<width>480</width>
				<height>60</height>
				<font>font14</font>
				<align>left</align>
				<textcolor>orange</textcolor>
				<label>[B][COLOR white]Επιλογή [COLOR red]Api Key [COLOR white]YouTube[/COLOR][/B]</label>
				<onclick>ActivateWindow(10001,plugin://plugin.program.downloader19/?mode=1)</onclick>
			</control>
		</control>
	</controls>
</window>