<?xml version="1.0" encoding="UTF-8"?>
<window>
	<onload>SetFocus(90003)</onload>
	<onload condition="![Window.IsActive(home) + String.IsEqual(ListItem.DBTYPE,tvshow)] + ![String.IsEqual(Skin.String(CinemaVision.Button),$LOCALIZE[31232]) | System.HasAddon(script.cinemavision)]">SetFocus(8)</onload>
	<onload condition="![Window.IsActive(home) + String.IsEqual(ListItem.DBTYPE,tvshow)] + String.IsEqual(Skin.String(CinemaVision.Button),$LOCALIZE[31232]) + System.HasAddon(script.cinemavision)">SetFocus(909)</onload>
	<onload condition="Window.IsActive(home) + String.IsEqual(ListItem.DBTYPE,tvshow)">SetFocus(808)</onload>
	<onunload condition="!String.IsEmpty(Window(movieinformation).Property(FSFanart))">ClearProperty(FSFanart,movieinformation)</onunload>
	<controls>
		<!-- <control type="list" id="9888">
			<include>HiddenList</include>
			<content>plugin://plugin.video.themoviedb.helper/?info=find&amp;type=movie&amp;imdb_id=$INFO[ListItem.IMDBNumber]</content>
		</control> -->
		<control type="textbox" id="4">
			<include>HiddenObject</include>
		</control>
		<include condition="System.HasAddon(script.embuary.info)">HiddenActorList</include>
		<control type="fadelabel" id="4510">
			<top>-100</top>
			<width>2560</width>
			<height>0</height>
			<scrollspeed>20</scrollspeed>
			<scroll>false</scroll>
			<scrollout>false</scrollout>
			<resetonlabelchange>true</resetonlabelchange>
			<label>$INFO[ListItem.Art(poster)]</label>
			<label>$INFO[ListItem.Art(poster1)]</label>
			<label>$INFO[ListItem.Art(poster2)]</label>
			<label>$INFO[ListItem.Art(poster3)]</label>
			<label>$INFO[ListItem.Art(poster4)]</label>
			<label>$INFO[ListItem.Art(poster5)]</label>
			<label>$INFO[ListItem.Art(poster6)]</label>
			<label>$INFO[ListItem.Art(poster7)]</label>
			<label>$INFO[ListItem.Art(poster8)]</label>
			<label>$INFO[ListItem.Art(poster9)]</label>
			<label>$INFO[ListItem.Art(poster10)]</label>
			<label>$INFO[ListItem.Art(poster11)]</label>
			<label>$INFO[ListItem.Art(poster12)]</label>
			<label>$INFO[ListItem.Art(poster13)]</label>
			<label>$INFO[ListItem.Art(poster14)]</label>
			<label>$INFO[ListItem.Art(poster15)]</label>
			<label>$INFO[ListItem.Art(poster16)]</label>
			<label>$INFO[ListItem.Art(poster17)]</label>
			<label>$INFO[ListItem.Art(poster18)]</label>
			<label>$INFO[ListItem.Art(poster19)]</label>
			<label>$INFO[ListItem.Art(poster20)]</label>
			<include>FadeLabelTime</include>
		</control>
		<control type="multiimage" id="7975">
			<include>HiddenObject</include>
			<imagepath background="true">$VAR[PosterVar]</imagepath>
		</control>
		<!-- Poster Side -->
		<control type="group">
			<animation effect="slide" start="-730,0" end="0,0" time="320" tween="quadratic" condition="!Skin.HasSetting(Enable.BlurredVideoInfo)">WindowOpen</animation>
			<animation effect="slide" start="-730,0" end="0,0" delay="250" time="320" tween="quadratic" condition="Skin.HasSetting(Enable.BlurredVideoInfo)">WindowOpen</animation>
			<animation effect="slide" end="-730,0" time="500" tween="quadratic">WindowClose</animation>
			<animation effect="slide" end="-730,0" time="500" tween="quadratic" condition="Window.IsVisible(script-embuary-person.xml) | Window.IsVisible(script-embuary-video.xml)">Conditional</animation>
			<width>720</width>
			<height>100%</height>
			<control type="image">
				<texture>black.png</texture>
			</control>
			<control type="multiimage">
				<aspectratio>scale</aspectratio>
				<fadetime>IconCrossfadeTime</fadetime>
				<imagepath background="true">$VAR[VideoInfoPosterVar]</imagepath>
			</control>
			<control type="image" id="9777">
				<aspectratio>keep</aspectratio>
				<fadetime>IconCrossfadeTime</fadetime>
				<texture background="true">$VAR[VideoInfoActorResourceVar]</texture>
				<animation effect="fade" time="300">Visible</animation>
				<visible>[Control.HasFocus(50) | Control.HasFocus(90050)] + System.HasAddon(resource.images.actorart)</visible>
			</control>
		</control>
		<!-- Details Side -->
		<control type="group">
			<animation effect="slide" start="1210,0" end="0,0" time="320" tween="quadratic" condition="!Skin.HasSetting(Enable.BlurredVideoInfo)">WindowOpen</animation>
			<animation effect="slide" start="1210,0" end="0,0" delay="250" time="320" tween="quadratic" condition="Skin.HasSetting(Enable.BlurredVideoInfo)">WindowOpen</animation>
			<animation effect="slide" end="1210,0" time="500" tween="quadratic">WindowClose</animation>
			<animation effect="slide" end="1210,0" time="500" tween="quadratic" condition="Window.IsVisible(script-embuary-person.xml) | Window.IsVisible(script-embuary-video.xml)">Conditional</animation>
			<left>720</left>
			<control type="group">
				<width>1200</width>
				<!-- Info Background -->
				<control type="group">
					<height>100%</height>
					<control type="image">
						<texture>black.png</texture>
					</control>
					<control type="image">
						<aspectratio align="center">scale</aspectratio>
						<texture background="true">$VAR[DialogInfoBackgroundVar]</texture>
						<fadetime>IconCrossfadeTime</fadetime>
					</control>
					<control type="image">
						<texture border="4">dialogs/info/info_rightpaneltop.png</texture>
						<colordiffuse>$VAR[DialogInfoDimmerVar]</colordiffuse>
					</control>
				</control>
				<!-- Top Section -->
				<control type="group">
					<left>10</left>
					<!-- Main Label/Sublabel -->
					<control type="grouplist">
						<top>-40</top>
						<width>1200</width>
						<height>140</height>
						<align>center</align>
						<!-- Title + Year -->
						<control type="group">
							<height>65</height>
							<width>1180</width>
							<control type="label">
								<width>1070</width>
								<font>font30_title_bold</font>
								<textcolor>grey</textcolor>
								<scroll>true</scroll>
								<label>$INFO[ListItem.Title]</label>
							</control>
							<control type="label">
								<left>1065</left>
								<width>120</width>
								<height>65</height>
								<align>right</align>
								<font>font_kodiversion</font>
								<textcolor>grey</textcolor>
								<label>$INFO[ListItem.Year,(,)]</label>
								<visible>!String.IsEqual(ListItem.DBTYPE,episode)</visible>
							</control>
						</control>
						<!-- Movie Fadelabels -->
						<control type="group">
							<visible>String.IsEqual(ListItem.DBTYPE,movie)</visible>
							<control type="fadelabel">
								<width>1180</width>
								<height>30</height>
								<align>left</align>
								<aligny>center</aligny>
								<font>font15</font>
								<textcolor>$VAR[ThemeLabelColor]</textcolor>
								<scrollout>false</scrollout>
								<pauseatend>5500</pauseatend>
								<label>$INFO[ListItem.Tagline]</label>
								<label>$INFO[Window(Home).Property(SkinHelper.ListItem.Awards)]</label>
								<label>$INFO[ListItem.EndTime,$LOCALIZE[31393]: ,]</label>
								<visible>!String.IsEmpty(ListItem.Tagline) + [String.IsEmpty(ListItem.OriginalTitle) | String.IsEqual(ListItem.OriginalTitle,ListItem.Title)]</visible>
							</control>
							<control type="fadelabel">
								<width>1180</width>
								<height>30</height>
								<align>left</align>
								<aligny>center</aligny>
								<font>font15</font>
								<textcolor>$VAR[ThemeLabelColor]</textcolor>
								<scroll>true</scroll>
								<scrollout>false</scrollout>
								<pauseatend>4500</pauseatend>
								<label>$INFO[ListItem.Tagline]</label>
								<label>$INFO[Window(Home).Property(SkinHelper.ListItem.Awards)]</label>
								<label>$INFO[ListItem.EndTime,$LOCALIZE[31393]: ,]</label>
								<label>$INFO[ListItem.OriginalTitle]</label>
								<visible>!String.IsEmpty(ListItem.Tagline) + !String.IsEmpty(ListItem.OriginalTitle) + !String.IsEqual(ListItem.OriginalTitle,ListItem.Title)</visible>
							</control>
							<control type="label">
								<height>30</height>
								<font>font15</font>
								<textcolor>$VAR[ThemeLabelColor]</textcolor>
								<scroll>true</scroll>
								<label>$INFO[ListItem.EndTime,$LOCALIZE[31393]: ,]</label>
								<visible>String.IsEmpty(ListItem.Tagline) + String.IsEmpty(Window(Home).Property(SkinHelper.ListItem.Awards)) + [String.IsEmpty(ListItem.OriginalTitle) | String.IsEqual(ListItem.OriginalTitle,ListItem.Title)]</visible>
							</control>
						</control>
						<!-- TV Show Fadelabels -->
						<control type="group">
							<visible>String.IsEqual(ListItem.DBTYPE,tvshow)</visible>
							<control type="fadelabel">
								<width>1180</width>
								<height>30</height>
								<align>left</align>
								<aligny>center</aligny>
								<font>font15</font>
								<textcolor>$VAR[ThemeLabelColor]</textcolor>
								<scroll>true</scroll>
								<scrollout>false</scrollout>
								<pauseatend>4500</pauseatend>
								<label>$VAR[VideoInfoTVSubtitleVar]</label>
								<label>$INFO[Window(Home).Property(SkinHelper.ListItem.Awards)]</label>
								<visible>[!String.IsEmpty(ListItem.Status) | !String.IsEmpty(Window(Home).Property(NextAired.Status))] + !String.IsEmpty(Window(Home).Property(SkinHelper.ListItem.Awards))</visible>
							</control>
							<control type="label">
								<width>1180</width>
								<height>30</height>
								<align>left</align>
								<aligny>center</aligny>
								<font>font15</font>
								<textcolor>$VAR[ThemeLabelColor]</textcolor>
								<label>$VAR[VideoInfoTVSubtitleVar]</label>
								<visible>[!String.IsEmpty(ListItem.Status) | !String.IsEmpty(Window(Home).Property(NextAired.Status))] + String.IsEmpty(Window(Home).Property(SkinHelper.ListItem.Awards))</visible>
							</control>
						</control>
						<!-- Episode Fadelabels -->
						<control type="group">
							<visible>String.IsEqual(ListItem.DBTYPE,episode)</visible>
							<control type="fadelabel">
								<width>1180</width>
								<height>30</height>
								<align>left</align>
								<aligny>center</aligny>
								<font>font15</font>
								<textcolor>$VAR[ThemeLabelColor]</textcolor>
								<scroll>true</scroll>
								<scrollout>false</scrollout>
								<pauseatend>4500</pauseatend>
								<label>$INFO[ListItem.TvShowTitle]</label>
								<label>$INFO[ListItem.EndTime,$LOCALIZE[31393]: ,]</label>
								<label>$VAR[VideoInfoTVSubtitleVar]</label>
								<label>$INFO[Window(Home).Property(NextAired.NextNumber)]$INFO[Window(Home).Property(NextAired.NextTitle), - ]$INFO[Window(Home).Property(NextAired.Nextday), (,)]</label>
							</control>
						</control>
						<!-- Music Video label -->
						<control type="label">
							<height>30</height>
							<font>font15</font>
							<textcolor>$VAR[ThemeLabelColor]</textcolor>
							<scroll>true</scroll>
							<label>$INFO[ListItem.Artist]</label>
							<visible>String.IsEqual(ListItem.DBTYPE,musicvideo) + !String.IsEmpty(ListItem.Artist)</visible>
						</control>
					</control>
					<!-- Separator -->
					<control type="image">
						<left>-7</left>
						<top>105</top>
						<height>1</height>
						<texture colordiffuse="$VAR[ThemeLabelColor]">separator_horizontal.png</texture>
					</control>
					<!-- Runtime/Ratings Bar -->
					<control type="grouplist">
						<top>103</top>
						<width>1200</width>
						<height>100</height>
						<orientation>horizontal</orientation>
						<usecontrolcoords>true</usecontrolcoords>
						<itemgap>8</itemgap>
						<!-- Minute Duration -->
						<control type="group">
							<visible>!Skin.HasSetting(Enable.HourMinuteDuration) + [!String.IsEmpty(Window(Home).Property(NextAired.Runtime)) | !String.IsEmpty(ListItem.Duration)]</visible>
							<width>120</width>
							<height>100</height>
							<control type="label">
								<width>auto</width>
								<height>60</height>
								<align>center</align>
								<label>$INFO[ListItem.Duration(mins)]</label>
								<font>font48_bold</font>
								<textcolor>grey</textcolor>
								<visible>![String.IsEqual(ListItem.DBTYPE,tvshow) | String.IsEqual(ListItem.DBTYPE,season)]</visible>
							</control>
							<control type="label">
								<width>auto</width>
								<height>60</height>
								<align>center</align>
								<label>$INFO[Window(Home).Property(NextAired.Runtime)]</label>
								<font>font48_bold</font>
								<textcolor>grey</textcolor>
								<visible>[String.IsEqual(ListItem.DBTYPE,tvshow) | String.IsEqual(ListItem.DBTYPE,season)]</visible>
							</control>
							<control type="label">
								<top>50</top>
								<width>auto</width>
								<height>40</height>
								<align>center</align>
								<label>[LOWERCASE]$LOCALIZE[12391][/LOWERCASE]</label>
								<font>font12</font>
								<textcolor>grey</textcolor>
							</control>
						</control>
						<!-- Hour/Minute Duration -->
						<control type="label">
							<width min="80" max="155">auto</width>
							<height>90</height>
							<font>font52_bold</font>
							<textcolor>grey</textcolor>
							<label>$VAR[ItemDurationVar]</label>
							<visible>Skin.HasSetting(Enable.HourMinuteDuration) + [!String.IsEmpty(Window(Home).Property(NextAired.Runtime)) | !String.IsEmpty(ListItem.Duration)]</visible>
						</control>
						<control type="label">
							<width>auto</width>
							<height>90</height>
							<font>font52_bold</font>
							<textcolor>grey</textcolor>
							<label>$VAR[EpisodeCountVar]</label>
							<visible>String.IsEqual(ListItem.DBTYPE,episode)</visible>
						</control>
						<control type="image">
							<width>130</width>
							<include>MediaFlagValues</include>
							<texture fallback="flags/default/mpaa/NR.png">$VAR[MediaFlagsPathVar]/mpaa/$VAR[RatingFlagVar]</texture>
						</control>
						<!-- Main Rating -->
						<control type="group">
							<visible>!String.IsEmpty(ListItem.Rating)</visible>
							<width>170</width>
							<control type="label">
								<width>auto</width>
								<height>60</height>
								<align>center</align>
								<label>$INFO[ListItem.Rating]</label>
								<font>font48_bold</font>
								<textcolor>grey</textcolor>
							</control>
							<control type="label">
								<top>50</top>
								<width>auto</width>
								<height>40</height>
								<align>center</align>
								<label>[LOWERCASE]$VAR[RatingAndVotesVar][/LOWERCASE]</label>
								<font>font12</font>
								<textcolor>grey</textcolor>
							</control>
						</control>
						<!-- User/RottenTomatoes/Metacritic Ratings -->
						<control type="grouplist">
							<width>925</width>
							<orientation>horizontal</orientation>
							<itemgap>8</itemgap>
							<control type="grouplist">
								<visible>!String.IsEmpty(ListItem.UserRating)</visible>
								<width>100</width>
								<orientation>horizontal</orientation>
								<control type="image">
									<width>50</width>
									<height>90</height>
									<aspectratio>keep</aspectratio>
									<texture colordiffuse="$VAR[ThemeLabelColor]">favourites.png</texture>
									<animation effect="fade" end="67" condition="true">Conditional</animation>
								</control>
								<control type="label">
									<height>90</height>
									<width>auto</width>
									<font>font48_bold</font>
									<textcolor>grey</textcolor>
									<label>$INFO[ListItem.UserRating]</label>
								</control>
							</control>
							<control type="grouplist">
								<visible>!String.IsEmpty(ListItem.Top250)</visible>
								<width>190</width>
								<orientation>horizontal</orientation>
								<usecontrolcoords>true</usecontrolcoords>
								<itemgap>3</itemgap>
								<control type="image">
									<top>-4</top>
									<width>84</width>
									<height>100</height>
									<aspectratio>keep</aspectratio>
									<colordiffuse>grey</colordiffuse>
									<texture>logos/imdb.png</texture>
								</control>
								<control type="label">
									<width>auto</width>
									<height>90</height>
									<align>center</align>
									<font>font48_bold</font>
									<textcolor>grey</textcolor>
									<label>$INFO[ListItem.Top250,#]</label>
								</control>
							</control>
							<control type="grouplist">
								<visible>!String.IsEmpty(ListItem.Rating(tomatometerallcritics))</visible>
								<width>140</width>
								<orientation>horizontal</orientation>
								<usecontrolcoords>true</usecontrolcoords>
								<itemgap>3</itemgap>
								<control type="image">
									<top>-4</top>
									<width>60</width>
									<height>100</height>
									<aspectratio>keep</aspectratio>
									<colordiffuse>grey</colordiffuse>
									<texture>$VAR[RottenFreshLogoVar]</texture>
								</control>
								<control type="label">
									<height>90</height>
									<width>auto</width>
									<font>font48_bold</font>
									<textcolor>grey</textcolor>
									<label>$VAR[RottenFreshLabelVar]</label>
								</control>
							</control>
							<control type="grouplist">
								<visible>!String.IsEmpty(ListItem.Rating(tomatometerallaudience))</visible>
								<width>140</width>
								<orientation>horizontal</orientation>
								<usecontrolcoords>true</usecontrolcoords>
								<itemgap>3</itemgap>
								<control type="image">
									<top>10</top>
									<width>60</width>
									<height>70</height>
									<aspectratio>keep</aspectratio>
									<colordiffuse>grey</colordiffuse>
									<texture>$VAR[RottenFreshAudienceLogoVar]</texture>
								</control>
								<control type="label">
									<height>90</height>
									<width>auto</width>
									<font>font48_bold</font>
									<textcolor>grey</textcolor>
									<label>$VAR[RottenFreshAudienceLabelVar]</label>
								</control>
							</control>
							<control type="grouplist">
								<visible>!String.IsEmpty(ListItem.Rating(metacritic))</visible>
								<width>140</width>
								<orientation>horizontal</orientation>
								<usecontrolcoords>true</usecontrolcoords>
								<itemgap>3</itemgap>
								<control type="image">
									<top>-4</top>
									<width>60</width>
									<height>100</height>
									<aspectratio>keep</aspectratio>
									<colordiffuse>grey</colordiffuse>
									<texture>logos/metacritic.png</texture>
								</control>
								<control type="label">
									<height>90</height>
									<width>auto</width>
									<font>font48_bold</font>
									<textcolor>grey</textcolor>
									<label>$VAR[MetacriticLabelVar]</label>
								</control>
							</control>
						</control>
					</control>
					<!-- Separator -->
					<control type="image">
						<left>-7</left>
						<height>1</height>
						<top>192</top>
						<texture colordiffuse="$VAR[ThemeLabelColor]">separator_horizontal.png</texture>
					</control>
				</control>
				<!-- Details Panel -->
				<control type="group">
					<left>3</left>
					<top>110</top>
					<control type="button" id="64">
						<top>83</top>
						<width>1198</width>
						<height>351</height>
						<include>ButtonInfoDialogsCommonValues</include>
						<onunfocus>ClearProperty(MoreInfoTitle,movieinformation)</onunfocus>
						<onunfocus>ClearProperty(MoreInfoContent,movieinformation)</onunfocus>
						<onclick>SetFocus(300)</onclick>
						<onleft>SetFocus(300)</onleft>
						<onright>SetFocus(300)</onright>
						<onup>SetFocus(300)</onup>
						<ondown>SetFocus(300)</ondown>
					</control>
					<control type="panel" id="300">
						<top>78</top>
						<width>1198</width>
						<height>360</height>
						<ondown>9000</ondown>
						<orientation>horizontal</orientation>
						<visible allowhiddenfocus="true">!Control.HasFocus(64)</visible>
						<include>VisibleFadeAnimation</include>
						<scrolltime tween="quadratic" easing="out">200</scrolltime>
						<itemlayout height="72" width="1198" condition="!Skin.HasSetting(MoreVideoInfoDetails) | Integer.IsLess(Container(300).NumItems,6)">
							<control type="label">
								<width>1198</width>
								<height>70</height>
								<font>font15</font>
								<textcolor>$VAR[ThemeLabelColor]</textcolor>
								<label>$INFO[ListItem.Label2,, ]$INFO[ListItem.Label,[COLOR grey], [/COLOR]]</label>
								<textoffsetx>20</textoffsetx>
							</control>
						</itemlayout>
						<focusedlayout height="72" width="1198" condition="!Skin.HasSetting(MoreVideoInfoDetails) | Integer.IsLess(Container(300).NumItems,6)">
							<control type="image">
								<top>5</top>
								<width>1198</width>
								<height>62</height>
								<texture colordiffuse="$VAR[HighlightBarColor]" border="4">listselect_fo.png</texture>
								<visible>Control.HasFocus(300)</visible>
								<include>VisibleFadeAnimation</include>
							</control>
							<control type="label">
								<width>1198</width>
								<height>70</height>
								<font>font15</font>
								<label>$INFO[ListItem.Label2,, ]$INFO[ListItem.Label]</label>
								<animation effect="fade" start="100" end="70" time="300" tween="sine" easing="inout" condition="!Control.HasFocus(300)">Conditional</animation>
								<textoffsetx>20</textoffsetx>
							</control>
						</focusedlayout>
						<itemlayout height="72" width="599" condition="Skin.HasSetting(MoreVideoInfoDetails) + Integer.IsGreater(Container(300).NumItems,5)">
							<control type="label">
								<width>599</width>
								<height>70</height>
								<font>font15</font>
								<textcolor>$VAR[ThemeLabelColor]</textcolor>
								<label>$INFO[ListItem.Label2,, ]$INFO[ListItem.Label,[COLOR grey], [/COLOR]]</label>
								<textoffsetx>20</textoffsetx>
							</control>
						</itemlayout>
						<focusedlayout height="72" width="599" condition="Skin.HasSetting(MoreVideoInfoDetails) + Integer.IsGreater(Container(300).NumItems,5)">
							<control type="image">
								<top>5</top>
								<width>599</width>
								<height>62</height>
								<texture colordiffuse="$VAR[HighlightBarColor]" border="4">listselect_fo.png</texture>
								<visible>Control.HasFocus(300)</visible>
								<include>VisibleFadeAnimation</include>
							</control>
							<control type="label">
								<width>599</width>
								<height>70</height>
								<font>font15</font>
								<label>$INFO[ListItem.Label2,, ]$INFO[ListItem.Label]</label>
								<animation effect="fade" start="100" end="70" time="300" tween="sine" easing="inout" condition="!Control.HasFocus(300)">Conditional</animation>
								<textoffsetx>20</textoffsetx>
							</control>
						</focusedlayout>
						<content>
							<item>
								<label>$INFO[ListItem.Director]</label>
								<label2>$LOCALIZE[20339]:</label2>
								<onclick condition="System.HasAddon(script.embuary.info)">SetProperty(DirectorID,True)</onclick>
								<onclick condition="System.HasAddon(script.embuary.info)">SetProperty(ActorName,$INFO[ListItem.Director])</onclick>
								<onclick condition="System.HasAddon(script.embuary.info)">ActivateWindow(1129)</onclick>
								<onclick condition="!System.HasAddon(script.embuary.info)">SendClick(2003,13)</onclick>
								<visible>!String.IsEmpty(ListItem.Director)</visible>
							</item>
							<item>
								<label>$INFO[ListItem.Writer]</label>
								<label2>$LOCALIZE[20417]:</label2>
								<onclick condition="!System.HasAddon(script.embuary.info)">SetProperty(MoreInfoTitle,$LOCALIZE[20417])</onclick>
								<onclick condition="!System.HasAddon(script.embuary.info)">SetProperty(MoreInfoContent,$ESCINFO[ListItem.Writer])</onclick>
								<onclick condition="!System.HasAddon(script.embuary.info)">SetFocus(64)</onclick>
								<onclick condition="System.HasAddon(script.embuary.info)">RunScript(script.embuary.info,call=person,query='"$INFO[ListItem.Writer]"')</onclick>
								<visible>!String.IsEmpty(ListItem.Writer)</visible>
							</item>
							<item>
								<label>$INFO[Window(Home).Property(NextAired.LatestNumber)]$INFO[Window(Home).Property(NextAired.LatestTitle), - ]$INFO[Window(Home).Property(NextAired.LatestDay), (,)]</label>
								<label2>$LOCALIZE[31374]:</label2>
								<onclick>SetProperty(MoreInfoTitle,$LOCALIZE[31374])</onclick>
								<onclick>SetProperty(MoreInfoContent,$INFO[Window(Home).Property(NextAired.LatestNumber),, - ]$ESCINFO[Window(Home).Property(NextAired.LatestTitle)]$INFO[Window(Home).Property(NextAired.LatestDay), (,)])</onclick>
								<onclick>SetFocus(64)</onclick>
								<visible>String.IsEqual(ListItem.DBTYPE,tvshow) + !String.IsEmpty(Window(Home).Property(NextAired.LatestNumber))</visible>
							</item>
							<item>
								<label>$INFO[Window(Home).Property(NextAired.NextNumber)]$INFO[Window(Home).Property(NextAired.NextTitle), - ]$INFO[Window(Home).Property(NextAired.Nextday), (,)]</label>
								<label2>$LOCALIZE[19031]:</label2>
								<onclick>SetProperty(MoreInfoTitle,$LOCALIZE[19031])</onclick>
								<onclick>SetProperty(MoreInfoContent,$INFO[Window(Home).Property(NextAired.NextNumber),, - ]$ESCINFO[Window(Home).Property(NextAired.NextTitle)]$INFO[Window(Home).Property(NextAired.Nextday), (,)])</onclick>
								<onclick>SetFocus(64)</onclick>
								<visible>String.IsEqual(ListItem.DBTYPE,tvshow) + !String.IsEmpty(Window(Home).Property(NextAired.NextNumber))</visible>
							</item>
							<item>
								<label>$INFO[ListItem.Genre]</label>
								<label2>$LOCALIZE[515]:</label2>
								<onclick>SetProperty(MoreInfoTitle,$LOCALIZE[515])</onclick>
								<onclick>SetProperty(MoreInfoContent,$ESCINFO[ListItem.Genre])</onclick>
								<onclick>SetFocus(64)</onclick>
								<visible>!String.IsEmpty(ListItem.Genre) + !String.IsEqual(ListItem.DBTYPE,episode)</visible>
							</item>
							<item>
								<label>$INFO[ListItem.Premiered]</label>
								<label2>$LOCALIZE[31452]:</label2>
								<onclick>SetProperty(MoreInfoTitle,$LOCALIZE[31452])</onclick>
								<onclick>SetProperty(MoreInfoContent,$ESCINFO[ListItem.Premiered])</onclick>
								<onclick>SetFocus(64)</onclick>
								<visible>!String.IsEmpty(ListItem.Premiered) + !String.IsEqual(ListItem.DBTYPE,movie)</visible>
							</item>
							<item>
								<label>$INFO[Window(Home).Property(SkinHelper.ListItem.Budget.formatted),$]</label>
								<label2>$LOCALIZE[31850]:</label2>
								<onclick>SetProperty(MoreInfoTitle,$LOCALIZE[31850])</onclick>
								<onclick>SetProperty(MoreInfoContent,$ESCINFO[Window(Home).Property(SkinHelper.ListItem.Budget.formatted),$])</onclick>
								<onclick>SetFocus(64)</onclick>
								<visible>!String.IsEmpty(Window(Home).Property(SkinHelper.ListItem.Budget.formatted)) + String.IsEqual(ListItem.DBTYPE,movie) + !String.IsEqual(Window(Home).Property(SkinHelper.ListItem.Budget.formatted),0)</visible>
							</item>
							<item>
								<label>$INFO[Window(Home).Property(SkinHelper.ListItem.Revenue.formatted),$]</label>
								<label2>$LOCALIZE[31851]:</label2>
								<onclick>SetProperty(MoreInfoTitle,$LOCALIZE[31851])</onclick>
								<onclick>SetProperty(MoreInfoContent,$ESCINFO[Window(Home).Property(SkinHelper.ListItem.Revenue.formatted),$])</onclick>
								<onclick>SetFocus(64)</onclick>
								<visible>!String.IsEmpty(Window(Home).Property(SkinHelper.ListItem.Revenue.formatted)) + String.IsEqual(ListItem.DBTYPE,movie) + !String.IsEqual(Window(Home).Property(SkinHelper.ListItem.Revenue.formatted),0)</visible>
							</item>
							<item>
								<label>$INFO[ListItem.Premiered]</label>
								<label2>$LOCALIZE[172]:</label2>
								<onclick>SetProperty(MoreInfoTitle,$LOCALIZE[172])</onclick>
								<onclick>SetProperty(MoreInfoContent,$ESCINFO[ListItem.Premiered])</onclick>
								<onclick>SetFocus(64)</onclick>
								<visible>!String.IsEmpty(ListItem.Premiered) + String.IsEqual(ListItem.DBTYPE,movie)</visible>
							</item>
							<item>
								<label>$INFO[ListItem.PercentPlayed,,%]</label>
								<label2>$LOCALIZE[575]:</label2>
								<onclick>SetProperty(MoreInfoTitle,$LOCALIZE[575])</onclick>
								<onclick>SetProperty(MoreInfoContent,$ESCINFO[ListItem.PercentPlayed,,%])</onclick>
								<onclick>SetFocus(64)</onclick>
								<visible>ListItem.IsResumable</visible>
							</item>
							<item>
								<label>$INFO[ListItem.LastPlayed]</label>
								<label2>$LOCALIZE[568]:</label2>
								<onclick>SetProperty(MoreInfoTitle,$LOCALIZE[568])</onclick>
								<onclick>SetProperty(MoreInfoContent,$ESCINFO[ListItem.LastPlayed])</onclick>
								<onclick>SetFocus(64)</onclick>
								<visible>!String.IsEmpty(ListItem.LastPlayed)</visible>
							</item>
							<item>
								<label>$INFO[ListItem.DateAdded]</label>
								<label2>$LOCALIZE[570]:</label2>
								<onclick>SetProperty(MoreInfoTitle,$LOCALIZE[570])</onclick>
								<onclick>SetProperty(MoreInfoContent,$ESCINFO[ListItem.DateAdded])</onclick>
								<onclick>SetFocus(64)</onclick>
								<visible>!String.IsEmpty(ListItem.DateAdded)</visible>
							</item>
							<item>
								<label>$INFO[ListItem.PlayCount]</label>
								<label2>$LOCALIZE[567]:</label2>
								<onclick>SetProperty(MoreInfoTitle,$LOCALIZE[567])</onclick>
								<onclick>SetProperty(MoreInfoContent,$ESCINFO[ListItem.PlayCount])</onclick>
								<onclick>SetFocus(64)</onclick>
								<visible>!String.IsEmpty(ListItem.PlayCount)</visible>
							</item>
							<item>
								<label>$INFO[ListItem.Tag]</label>
								<label2>$LOCALIZE[20459]:</label2>
								<onclick>SetProperty(MoreInfoTitle,$LOCALIZE[20459])</onclick>
								<onclick>SetProperty(MoreInfoContent,$ESCINFO[ListItem.Tag])</onclick>
								<onclick>SetFocus(64)</onclick>
								<visible>!String.IsEmpty(ListItem.Tag) + String.IsEqual(ListItem.DBTYPE,movie)</visible>
							</item>
							<item>
								<label>[UPPERCASE]$INFO[ListItem.Property(AudioLanguage.1)]$INFO[ListItem.Property(AudioLanguage.2), / ]$INFO[ListItem.Property(AudioLanguage.3), / ]$INFO[ListItem.Property(AudioLanguage.4), / ]$INFO[ListItem.Property(AudioLanguage.5), / ]$INFO[ListItem.Property(AudioLanguage.6), / ]$INFO[ListItem.Property(AudioLanguage.7), / ][/UPPERCASE]</label>
								<label2>$LOCALIZE[292]:</label2>
								<onclick>SetProperty(MoreInfoTitle,$LOCALIZE[292])</onclick>
								<onclick>SetProperty(MoreInfoContent,[UPPERCASE]$INFO[ListItem.Property(AudioLanguage.1)]$INFO[ListItem.Property(AudioLanguage.2), / ]$INFO[ListItem.Property(AudioLanguage.3), / ]$INFO[ListItem.Property(AudioLanguage.4), / ]$INFO[ListItem.Property(AudioLanguage.5), / ]$INFO[ListItem.Property(AudioLanguage.6), / ]$INFO[ListItem.Property(AudioLanguage.7), / ][/UPPERCASE])</onclick>
								<onclick>SetFocus(64)</onclick>
								<visible>![String.IsEqual(Skin.String(LanguageFlags),1) | String.IsEqual(Skin.String(LanguageFlags),3)] + !String.IsEmpty(ListItem.Property(AudioLanguage.1)) | !String.IsEmpty(ListItem.Property(AudioLanguage.4))</visible>
							</item>
							<item>
								<label>[UPPERCASE]$INFO[ListItem.Property(SubtitleLanguage.1)]$INFO[ListItem.Property(SubtitleLanguage.2), / ]$INFO[ListItem.Property(SubtitleLanguage.3), / ]$INFO[ListItem.Property(SubtitleLanguage.4), / ]$INFO[ListItem.Property(SubtitleLanguage.5), / ]$INFO[ListItem.Property(SubtitleLanguage.6), / ]$INFO[ListItem.Property(SubtitleLanguage.7), / ]$INFO[ListItem.Property(SubtitleLanguage.8), / ]$INFO[ListItem.Property(SubtitleLanguage.9), / ]$INFO[ListItem.Property(SubtitleLanguage.10), / ]$INFO[ListItem.Property(SubtitleLanguage.11), / ]$INFO[ListItem.Property(SubtitleLanguage.12), / ]$INFO[ListItem.Property(SubtitleLanguage.13), / ]$INFO[ListItem.Property(SubtitleLanguage.14), / ]$INFO[ListItem.Property(SubtitleLanguage.15), / ][/UPPERCASE]</label>
								<label2>$LOCALIZE[287]:</label2>
								<onclick>SetProperty(MoreInfoTitle,$LOCALIZE[287])</onclick>
								<onclick>SetProperty(MoreInfoContent,[UPPERCASE]$INFO[ListItem.Property(SubtitleLanguage.1)]$INFO[ListItem.Property(SubtitleLanguage.2), / ]$INFO[ListItem.Property(SubtitleLanguage.3), / ]$INFO[ListItem.Property(SubtitleLanguage.4), / ]$INFO[ListItem.Property(SubtitleLanguage.5), / ]$INFO[ListItem.Property(SubtitleLanguage.6), / ]$INFO[ListItem.Property(SubtitleLanguage.7), / ]$INFO[ListItem.Property(SubtitleLanguage.8), / ]$INFO[ListItem.Property(SubtitleLanguage.9), / ]$INFO[ListItem.Property(SubtitleLanguage.10), / ]$INFO[ListItem.Property(SubtitleLanguage.11), / ]$INFO[ListItem.Property(SubtitleLanguage.12), / ]$INFO[ListItem.Property(SubtitleLanguage.13), / ]$INFO[ListItem.Property(SubtitleLanguage.14), / ]$INFO[ListItem.Property(SubtitleLanguage.15), / ][/UPPERCASE])</onclick>
								<onclick>SetFocus(64)</onclick>
								<visible>![String.IsEqual(Skin.String(LanguageFlags),2) | String.IsEqual(Skin.String(LanguageFlags),3)] + !String.IsEmpty(ListItem.Property(SubtitleLanguage.1)) | !String.IsEmpty(ListItem.Property(SubtitleLanguage.4))</visible>
							</item>
							<item>
								<label>$INFO[ListItem.Path]</label>
								<label2>$LOCALIZE[573]:</label2>
								<onclick>Dialog.Close(movieinformation)</onclick>
								<onclick>ActivateWindow(Videos,$INFO[ListItem.Path],return)</onclick>
								<visible>!String.IsEmpty(ListItem.Path) + !Skin.HasSetting(Disable.VideoInfoPathDetails)</visible>
							</item>
							<item>
								<label>$INFO[ListItem.Filename]</label>
								<label2>$LOCALIZE[21800]:</label2>
								<onclick>SetProperty(MoreInfoTitle,$LOCALIZE[21800])</onclick>
								<onclick>SetProperty(MoreInfoContent,$ESCINFO[ListItem.Filename])</onclick>
								<onclick>SetFocus(64)</onclick>
								<visible>!String.IsEmpty(ListItem.Filename) + !Skin.HasSetting(Disable.VideoInfoPathDetails)</visible>
							</item>
						</content>
					</control>
					<control type="group">
						<left>3</left>
						<top>66</top>
						<include>VisibleFadeAnimation</include>
						<visible>Control.HasFocus(64)</visible>
						<control type="label">
							<top>32</top>
							<width>1198</width>
							<height>40</height>
							<font>font48_title</font>
							<textoffsetx>20</textoffsetx>
							<textcolor>$VAR[ThemeLabelColor]</textcolor>
							<label>$INFO[Window(movieinformation).Property(MoreInfoTitle)]</label>
						</control>
						<control type="textbox">
							<left>20</left>
							<top>85</top>
							<width>1158</width>
							<height>280</height>
							<align>justify</align>
							<font>font18_textbox</font>
							<label>$INFO[Window(movieinformation).Property(MoreInfoContent)]</label>
							<autoscroll time="3000" delay="4000" repeat="5000">Skin.HasSetting(Enable.AutoScroll)</autoscroll>
						</control>
					</control>
					<control type="group">
						<visible>!Control.HasFocus(64)</visible>
						<left>-13</left>
						<top>240</top>
						<control type="button">
							<width>36</width>
							<height>36</height>
							<texturefocus flipx="true" colordiffuse="grey">arrowright2.png</texturefocus>
							<texturenofocus flipx="true" colordiffuse="grey">arrowright2.png</texturenofocus>
							<visible>Container(300).HasPrevious</visible>
							<include>VisibleFadeAnimation</include>
						</control>
						<control type="button">
							<left>1185</left>
							<width>36</width>
							<height>36</height>
							<texturefocus colordiffuse="grey">arrowright2.png</texturefocus>
							<texturenofocus colordiffuse="grey">arrowright2.png</texturenofocus>
							<visible>Container(300).HasNext</visible>
							<include>VisibleFadeAnimation</include>
						</control>
					</control>
					<!-- Separator -->
					<control type="image">
						<top>433</top>
						<height>1</height>
						<texture colordiffuse="$VAR[ThemeLabelColor]">separator_horizontal.png</texture>
					</control>
				</control>
				<!-- Buttons LABEL -->
				<control type="group">
					<left>-5</left>
					<top>542</top>
					<control type="button">
						<width>650</width>
						<texturenofocus />
						<disabledcolor>grey</disabledcolor>
						<font>font30_title_bold</font>
						<align>left</align>
						<textoffsetx>16</textoffsetx>
						<include>ButtonInfoDialogsCommonValues</include>
						<label>$VAR[VideoInfoButtonLabelVar]</label>
						<enable>no</enable>
						<visible>!ControlGroup(90001).HasFocus | ControlGroup(90001).HasFocus(90003)</visible>
					</control>
					<control type="button">
						<width>650</width>
						<texturenofocus />
						<disabledcolor>grey</disabledcolor>
						<font>font15_bold</font>
						<align>left</align>
						<textoffsetx>16</textoffsetx>
						<include>ButtonInfoDialogsCommonValues</include>
						<label>$VAR[DialogInfoDetailsLabelVar]</label>
						<enable>no</enable>
						<visible>ControlGroup(90001).HasFocus + !Control(90003).HasFocus</visible>
					</control>
				</control>
				<!-- Buttons -->
				<control type="grouplist" id="9000">
					<right>0</right>
					<top>544</top>
					<width>585</width>
					<height>60</height>
					<onleft>9000</onleft>
					<onright>9000</onright>
					<onup>300</onup>
					<ondown>90001</ondown>
					<align>right</align>
					<orientation>horizontal</orientation>
					<control type="togglebutton" id="8">
						<description>Play/browse to Show</description>
						<font>IconMediumMD</font>
						<width>65</width>
						<texturenofocus />
						<include>ButtonInfoDialogsCommonValues</include>
						<label></label>
						<altlabel></altlabel>
						<usealttexture>String.IsEqual(ListItem.DBTYPE,tvshow)</usealttexture>
						<visible>[System.HasAddon(script.cinemavision) + !String.IsEqual(Skin.String(CinemaVision.Button),$LOCALIZE[31232])] | !System.HasAddon(script.cinemavision)</visible>
						<visible>![Window.IsActive(home) + String.IsEqual(ListItem.DBTYPE,tvshow)]</visible>
					</control>
					<control type="button" id="808">
						<description>Browse to Item</description>
						<font>IconMediumMD</font>
						<width>65</width>
						<texturenofocus />
						<include>ButtonInfoDialogsCommonValues</include>
						<label></label>
						<onclick>Dialog.Close(movieinformation)</onclick>
						<onclick condition="String.IsEqual(ListItem.DBTYPE,movie) + String.IsEmpty(ListItem.SetID)">ActivateWindow(Videos,videodb://movies/titles/$INFO[ListItem.DBID],return)</onclick>
						<onclick condition="String.IsEqual(ListItem.DBTYPE,movie) + !String.IsEmpty(ListItem.SetID)">ActivateWindow(Videos,videodb://movies/sets/$INFO[ListItem.SetId]/?setid=$INFO[ListItem.SetId],return)</onclick>
						<onclick condition="String.IsEqual(ListItem.DBTYPE,tvshow)">ActivateWindow(Videos,videodb://tvshows/titles/$INFO[ListItem.DBID],return)</onclick>
						<visible>Window.IsActive(home) + [String.IsEqual(ListItem.DBTYPE,movie) | String.IsEqual(ListItem.DBTYPE,tvshow)]</visible>
					</control>
					<control type="button" id="909">
						<description>CinemaVision</description>
						<font>IconMediumMD</font>
						<width>65</width>
						<texturenofocus />
						<include>ButtonInfoDialogsCommonValues</include>
						<label></label>
						<onclick>RunScript(script.cinemavision,dbtype=$INFO[ListItem.DBTYPE],dbid=$INFO[ListItem.DBID])</onclick>
						<visible>System.HasAddon(script.cinemavision) + String.IsEmpty(Window(Home).Property(script.cinemavision.running)) + !String.IsEqual(Skin.String(CinemaVision.Button),$LOCALIZE[31014])</visible>
						<visible>[String.IsEqual(ListItem.DBTYPE,movie) | String.IsEqual(ListItem.DBTYPE,tvshow) | String.IsEqual(ListItem.DBTYPE,season) | String.IsEqual(ListItem.DBTYPE,episode)]</visible>
					</control>
					<control type="button" id="910">
						<description>Cast</description>
						<font>IconMediumMD</font>
						<width>65</width>
						<texturenofocus />
						<include>ButtonInfoDialogsCommonValues</include>
						<label></label>
						<onclick condition="!System.HasAddon(script.embuary.info)">SetFocus(50)</onclick>
						<onclick condition="System.HasAddon(script.embuary.info)">SetFocus(90050)</onclick>
						<visible>!String.IsEmpty(ListItem.Cast)</visible>
					</control>
					<control type="button" id="908">
						<description>Special Features</description>
						<font>IconMediumMD</font>
						<width>65</width>
						<texturenofocus />
						<include>ButtonInfoDialogsCommonValues</include>
						<label></label>
						<onclick>Dialog.Close(MovieInformation)</onclick>
						<onclick>RunScript(plugin.video.specialfeatures,listitem)</onclick>
						<visible>System.HasAddon(plugin.video.specialfeatures) + String.IsEqual(Window(home).Property(SpecialFeatures.Visible),true)</visible>
					</control>
					<control type="button" id="11">
						<description>Play Trailer</description>
						<font>IconMediumMD</font>
						<width>65</width>
						<texturenofocus />
						<include>ButtonInfoDialogsCommonValues</include>
						<label></label>
						<visible>!String.IsEmpty(ListItem.Trailer) + ![String.StartsWith(Container.FolderPath,plugin://) + String.Contains(Container.FolderPath,trailer)]</visible>
					</control>
					<control type="button" id="911">
						<description>Search Trailer</description>
						<font>IconMediumMD</font>
						<width>65</width>
						<texturenofocus />
						<include>ButtonInfoDialogsCommonValues</include>
						<label></label>
						<onclick>Action(close)</onclick>
						<onclick>RunScript(script.embuary.helper,action=goto,path='"plugin://plugin.video.youtube/kodion/search/query/?q=$INFO[ListItem.Title]&amp;search_type=videos"',target=videos)</onclick>
						<visible>System.HasAddon(plugin.video.youtube) + System.HasAddon(script.embuary.helper) + String.IsEqual(ListItem.DBType,movie) + !Control.IsVisible(11)</visible>
					</control>
					<control type="togglebutton" id="7">
						<description>Set rating</description>
						<font>IconMediumMD</font>
						<width>65</width>
						<include>ButtonInfoDialogsCommonValues</include>
						<texturenofocus />
						<alttexturenofocus />
						<label></label>
						<altlabel></altlabel>
						<usealttexture>!String.IsEmpty(ListItem.UserRating)</usealttexture>
					</control>
					<control type="button" id="10">
						<description>Get Thumb</description>
						<font>IconMediumMD</font>
						<width>65</width>
						<texturenofocus />
						<include>ButtonInfoDialogsCommonValues</include>
						<label></label>
						<enable>!Skin.HasSetting(KioskMode.Enabled)</enable>
					</control>
					<control type="button" id="6">
						<description>Refresh</description>
						<font>IconMediumMD</font>
						<width>65</width>
						<texturenofocus />
						<include>ButtonInfoDialogsCommonValues</include>
						<label></label>
						<enable>!Skin.HasSetting(KioskMode.Enabled)</enable>
					</control>
					<control type="button" id="208">
						<description>Extras</description>
						<font>IconMediumMD</font>
						<width>65</width>
						<texturenofocus />
						<include>ButtonInfoDialogsCommonValues</include>
						<label></label>
						<!-- <onclick>SetProperty(KodiDBID,$INFO[ListItem.DBID],movieinformation)</onclick> -->
						<onclick>SetProperty(FSFanart,$INFO[ListItem.Art(fanart)],movieinformation)</onclick>
						<onclick condition="Window.IsActive(home) + System.HasAddon(script.embuary.info) + String.IsEqual(ListItem.DBTYPE,movie)">SetProperty(EmbuaryInfoSearchType,movie,Home)</onclick>
						<onclick condition="Window.IsActive(home) + System.HasAddon(script.embuary.info) + String.IsEqual(ListItem.DBTYPE,tvshow)">SetProperty(EmbuaryInfoSearchType,tvshow,Home)</onclick>
						<onclick condition="Window.IsActive(home) + System.HasAddon(script.embuary.info) + [String.IsEqual(ListItem.DBTYPE,movie) | String.IsEqual(ListItem.DBTYPE,tvshow)] + !String.IsEmpty(ListItem.IMDBNumber)">SetProperty(EmbuaryInfoSearchStringIMDB,$INFO[ListItem.IMDBNumber],Home)</onclick>
						<onclick condition="Window.IsActive(home) + System.HasAddon(script.embuary.info) + [String.IsEqual(ListItem.DBTYPE,movie) | String.IsEqual(ListItem.DBTYPE,tvshow)]">SetProperty(EmbuaryInfoSearchStringTitle,$INFO[ListItem.Title],Home)</onclick>
						<onclick condition="Window.IsActive(home) + System.HasAddon(script.embuary.info) + [String.IsEqual(ListItem.DBTYPE,movie) | String.IsEqual(ListItem.DBTYPE,tvshow)]">SetProperty(EmbuaryInfoSearchStringYear,$INFO[ListItem.Year],Home)</onclick>
						<onclick>ActivateWindow(1119)</onclick>
					</control>
				</control>
				<control type="image">
					<left>3</left>
					<top>604</top>
					<height>1</height>
					<texture colordiffuse="$VAR[ThemeLabelColor]">separator_horizontal.png</texture>
				</control>
				<!-- Bottom Section -->
				<control type="grouplist" id="90001">
					<left>-7</left>
					<top>606</top>
					<width>2800</width>
					<height>500</height>
					<onup>9000</onup>
					<ondown>noop</ondown>
					<usecontrolcoords>true</usecontrolcoords>
					<scrolltime tween="quadratic" easing="out">300</scrolltime>
					<control type="group" id="90002">
						<width>1200</width>
						<height>500</height>
						<control type="button" id="90003">
							<left>10</left>
							<top>-2</top>
							<width>1200</width>
							<height>500</height>
							<onup>9000</onup>
							<ondown condition="!System.HasAddon(script.embuary.info)">50</ondown>
							<ondown condition="System.HasAddon(script.embuary.info)">90050</ondown>
							<include>ButtonInfoDialogsCommonValues</include>
							<onclick>SetProperty(TextViewerHeader,$ESCINFO[ListItem.Label,[B],[/B]],Home)</onclick>
							<onclick condition="String.IsEqual(ListItem.DBTYPE,movie)">SetProperty(TextViewerSubHeader,$ESCINFO[ListItem.Tagline,[I],[/I]],Home)</onclick>
							<onclick condition="String.IsEqual(ListItem.DBTYPE,tvshow) + !String.IsEmpty(Window(Home).Property(NextAired.Status))">SetProperty(TextViewerSubHeader,$ESCINFO[Window(Home).Property(NextAired.Status),[I],[/I]],Home)</onclick>
							<onclick condition="String.IsEqual(ListItem.DBTYPE,episode) + !String.IsEmpty(ListItem.TvShowTitle)">SetProperty(TextViewerSubHeader,$ESCINFO[ListItem.TvShowTitle,[I],[/I]],Home)</onclick>
							<onclick>SetProperty(TextViewerContent,$ESCVAR[VideoInfoPlotVar],Home)</onclick>
							<onclick>ActivateWindow(1112)</onclick>
						</control>
						<!-- Plot -->
						<control type="group">
							<left>26</left>
							<top>22</top>
							<control type="textbox" id="400">
								<width>780</width>
								<height>345</height>
								<align>justify</align>
								<label>$VAR[VideoInfoPlotVar]</label>
								<autoscroll time="3000" delay="4000" repeat="5000">Skin.HasSetting(Enable.AutoScroll) + !Control.HasFocus(90003)</autoscroll>
								<animation effect="fade" start="0" end="100" time="500" tween="sine" easing="inout">VisibleChange</animation>
								<animation effect="fade" start="100" end="78" time="300" tween="sine" easing="inout" condition="!Control.HasFocus(90003)">Conditional</animation>
								<visible>[String.IsEqual(ListItem.DBTYPE,movie) + Skin.HasSetting(discartoninfo) + !String.IsEmpty(ListItem.Art(discart))] | [String.IsEqual(ListItem.DBTYPE,tvshow) + Skin.HasSetting(CharacterOnInfo) + !String.IsEmpty(ListItem.Art(clearart))] | [String.IsEqual(ListItem.DBTYPE,episode) + Skin.HasSetting(CharacterOnInfo) + !String.IsEmpty(ListItem.Art(tvshow.clearart))]</visible>
							</control>
							<control type="textbox" id="401">
								<width>1162</width>
								<height>345</height>
								<label>$VAR[VideoInfoPlotVar]</label>
								<align>justify</align>
								<autoscroll time="3000" delay="4000" repeat="5000">Skin.HasSetting(Enable.AutoScroll) + !Control.HasFocus(90003)</autoscroll>
								<animation effect="fade" start="100" end="78" time="300" tween="sine" easing="inout" condition="!Control.HasFocus(90003)">Conditional</animation>
								<visible>[String.IsEqual(ListItem.DBTYPE,movie) + !Skin.HasSetting(discartoninfo) | String.IsEqual(ListItem.DBTYPE,movie) + String.IsEmpty(ListItem.Art(discart))] | [String.IsEqual(ListItem.DBTYPE,tvshow) + !Skin.HasSetting(CharacterOnInfo) | String.IsEqual(ListItem.DBTYPE,tvshow) + String.IsEmpty(ListItem.Art(clearart))] | [String.IsEqual(ListItem.DBTYPE,episode) + !Skin.HasSetting(CharacterOnInfo) | String.IsEqual(ListItem.DBTYPE,episode) + String.IsEmpty(ListItem.Art(tvshow.clearart))] | String.IsEqual(ListItem.DBTYPE,musicvideo)</visible>
							</control>
						</control>
						<!-- Discart -->
						<control type="image">
							<left>820</left>
							<top>10</top>
							<width>375</width>
							<height>375</height>
							<aspectratio>keep</aspectratio>
							<texture background="true">$VAR[VideoInfoDetailsImageVar]</texture>
							<visible>[String.IsEqual(ListItem.DBTYPE,movie) + Skin.HasSetting(discartoninfo)] | [String.IsEqual(ListItem.DBTYPE,tvshow) + Skin.HasSetting(CharacterOnInfo)] | [String.IsEqual(ListItem.DBTYPE,episode) + Skin.HasSetting(CharacterOnInfo)]</visible>
						</control>
						<!-- Mediaflags -->
						<control type="group">
							<top>380</top>
							<height>90</height>
							<control type="grouplist">
								<width>1200</width>
								<height>90</height>
								<align>center</align>
								<usecontrolcoords>true</usecontrolcoords>
								<orientation>horizontal</orientation>
								<control type="group">
									<width>165</width>
									<visible>!String.IsEmpty(ListItem.Studio)</visible>
									<control type="image" id="800011">
										<width>160</width>
										<include>MediaFlagValues</include>
										<texture>$VAR[PathFlagsStudios]$INFO[ListItem.Studio,,.png]</texture>
									</control>
									<control type="label">
										<width>155</width>
										<height>90</height>
										<align>center</align>
										<label>$INFO[ListItem.Studio]</label>
										<font>font10</font>
										<textcolor>grey</textcolor>
										<wrapmultiline>true</wrapmultiline>
										<visible>String.IsEmpty(Control.GetLabel(800011))</visible>
									</control>
								</control>
								<control type="image">
									<width>160</width>
									<include>MediaFlagValues</include>
									<texture>$VAR[MediaFlagsPathVar]/resolution/$INFO[ListItem.VideoResolution,,.png]</texture>
									<visible>!String.IsEmpty(ListItem.VideoResolution)</visible>
								</control>
								<control type="image">
									<width>160</width>
									<include>MediaFlagValues</include>
									<texture>$VAR[MediaFlagsPathVar]/videocodec/$VAR[SourceFlagVar]</texture>
									<visible>!String.IsEmpty(ListItem.VideoCodec)</visible>
								</control>
								<control type="image">
									<width>160</width>
									<include>MediaFlagValues</include>
									<texture>$VAR[MediaFlagsPathVar]/aspectratio/$INFO[ListItem.VideoAspect,,.png]</texture>
									<visible>!String.IsEmpty(ListItem.VideoAspect)</visible>
								</control>
								<control type="image">
									<width>160</width>
									<include>MediaFlagValues</include>
									<texture>$VAR[MediaFlagsPathVar]/audiocodec/$VAR[AudioCodecFlagVar]</texture>
									<visible>!String.IsEmpty(ListItem.AudioCodec)</visible>
								</control>
								<control type="image">
									<include>MediaFlagValues</include>
									<texture>$VAR[MediaFlagsPathVar]/audiochannels/$INFO[ListItem.AudioChannels,,.png]</texture>
									<visible>!String.IsEmpty(ListItem.AudioChannels)</visible>
								</control>
								<control type="grouplist">
									<top>2</top>
									<height>90</height>
									<width>35</width>
									<align>center</align>
									<itemgap>-5</itemgap>
									<visible>String.IsEqual(Skin.String(LanguageFlags),1) | String.IsEqual(Skin.String(LanguageFlags),3)</visible>
									<control type="image">
										<width>30</width>
										<height>30</height>
										<include>MediaFlagValues</include>
										<texture>$VAR[PathFlagsLanguage]$INFO[ListItem.Property(AudioLanguage.1),,.png]</texture>
										<visible>!String.IsEmpty(ListItem.Property(AudioLanguage.1))</visible>
									</control>
									<control type="image">
										<width>30</width>
										<height>30</height>
										<include>MediaFlagValues</include>
										<texture>$VAR[PathFlagsLanguage]$INFO[ListItem.Property(AudioLanguage.2),,.png]</texture>
										<visible>!String.IsEmpty(ListItem.Property(AudioLanguage.2))</visible>
										<visible>!String.IsEqual(ListItem.Property(AudioLanguage.1),ListItem.Property(AudioLanguage.2))</visible>
									</control>
									<control type="image">
										<width>30</width>
										<height>30</height>
										<include>MediaFlagValues</include>
										<texture>$VAR[PathFlagsLanguage]$INFO[ListItem.Property(AudioLanguage.3),,.png]</texture>
										<visible>!String.IsEmpty(ListItem.Property(AudioLanguage.3))</visible>
										<visible>!String.IsEqual(ListItem.Property(AudioLanguage.1),ListItem.Property(AudioLanguage.3))</visible>
										<visible>!String.IsEqual(ListItem.Property(AudioLanguage.2),ListItem.Property(AudioLanguage.3))</visible>
									</control>
								</control>
								<control type="image">
									<include>MediaFlagValues</include>
									<texture>$VAR[MediaFlagsPathVar]/cc.png</texture>
									<visible>!String.IsEmpty(ListItem.SubtitleLanguage)</visible>
								</control>
								<control type="grouplist">
									<top>2</top>
									<height>90</height>
									<width>35</width>
									<align>center</align>
									<itemgap>-5</itemgap>
									<visible>String.IsEqual(Skin.String(LanguageFlags),2) | String.IsEqual(Skin.String(LanguageFlags),3)</visible>
									<control type="image">
										<width>30</width>
										<height>30</height>
										<include>MediaFlagValues</include>
										<texture>$VAR[PathFlagsLanguage]$INFO[ListItem.Property(SubtitleLanguage.1),,.png]</texture>
										<visible>!String.IsEmpty(ListItem.Property(SubtitleLanguage.1))</visible>
									</control>
									<control type="image">
										<width>30</width>
										<height>30</height>
										<include>MediaFlagValues</include>
										<texture>$VAR[PathFlagsLanguage]$INFO[ListItem.Property(SubtitleLanguage.2),,.png]</texture>
										<visible>!String.IsEmpty(ListItem.Property(SubtitleLanguage.2)) + !String.IsEqual(ListItem.Property(SubtitleLanguage.2),ListItem.Property(SubtitleLanguage.1))</visible>
									</control>
									<control type="image">
										<width>30</width>
										<height>30</height>
										<include>MediaFlagValues</include>
										<texture>$VAR[PathFlagsLanguage]$INFO[ListItem.Property(SubtitleLanguage.3),,.png]</texture>
										<visible>!String.IsEmpty(ListItem.Property(SubtitleLanguage.3)) + !String.IsEqual(ListItem.Property(SubtitleLanguage.1),ListItem.Property(SubtitleLanguage.3)) + !String.IsEqual(ListItem.Property(SubtitleLanguage.2),ListItem.Property(SubtitleLanguage.3))</visible>
									</control>
								</control>
								<control type="group">
									<visible>String.IsEqual(ListItem.DBTYPE,tvshow) + !String.IsEmpty(ListItem.Property(TotalSeasons))</visible>
									<width>200</width>
									<left>-20</left>
									<control type="label">
										<top>2</top>
										<height>60</height>
										<align>center</align>
										<label>$INFO[ListItem.Property(TotalSeasons)]</label>
										<font>font48_bold</font>
										<wrapmultiline>true</wrapmultiline>
										<textcolor>grey</textcolor>
									</control>
									<control type="label">
										<top>52</top>
										<height>30</height>
										<align>center</align>
										<label>[LOWERCASE]$VAR[OneOrMoreSeasonsVar][/LOWERCASE]</label>
										<font>font12</font>
										<textcolor>grey</textcolor>
									</control>
								</control>
								<control type="group">
									<visible>String.IsEqual(ListItem.DBTYPE,tvshow) + !String.IsEmpty(ListItem.Property(TotalEpisodes))</visible>
									<width>200</width>
									<control type="label">
										<top>2</top>
										<height>60</height>
										<align>center</align>
										<label>$INFO[ListItem.Property(TotalEpisodes)]</label>
										<font>font48_bold</font>
										<wrapmultiline>true</wrapmultiline>
										<textcolor>grey</textcolor>
									</control>
									<control type="label">
										<top>52</top>
										<height>30</height>
										<align>center</align>
										<label>[LOWERCASE]$VAR[OneOrMoreEpisodesVar][/LOWERCASE]</label>
										<font>font12</font>
										<textcolor>grey</textcolor>
									</control>
								</control>
								<control type="group">
									<visible>String.IsEqual(ListItem.DBTYPE,tvshow) + !String.IsEmpty(ListItem.Property(UnWatchedEpisodes))</visible>
									<width>200</width>
									<control type="label">
										<top>2</top>
										<height>60</height>
										<align>center</align>
										<label>$INFO[ListItem.Property(UnWatchedEpisodes)]</label>
										<font>font48_bold</font>
										<wrapmultiline>true</wrapmultiline>
										<textcolor>grey</textcolor>
									</control>
									<control type="label">
										<top>52</top>
										<height>30</height>
										<align>center</align>
										<label>[LOWERCASE]$LOCALIZE[16101][/LOWERCASE]</label>
										<font>font12</font>
										<textcolor>grey</textcolor>
									</control>
								</control>
							</control>
						</control>
					</control>
					<include condition="!System.HasAddon(script.embuary.info)">DefaultActorList</include>
					<include condition="System.HasAddon(script.embuary.info)">CustomActorList</include>
					<include condition="System.HasAddon(script.embuary.helper) + Skin.HasSetting(Enable.ExtendedInfoIntergration) + String.IsEqual(ListItem.DBTYPE,movie)">ExtendedInfoMovieLists</include>
					<include condition="String.IsEqual(ListItem.DBTYPE,movie) + !String.IsEmpty(ListItem.SetID)">ExtendedMovieSetPanel</include>
					<include condition="System.HasAddon(script.embuary.helper) + Skin.HasSetting(Enable.ExtendedInfoTVIntergration) + String.IsEqual(ListItem.DBTYPE,tvshow)">ExtendedInfoSeriesLists</include>
					<include condition="String.IsEqual(ListItem.DBTYPE,tvshow) + Integer.IsGreater(ListItem.Property(TotalSeasons),0)">ExtendedSeasonPanel</include>
				</control>
			</control>
		</control>
	</controls>
</window>