<?xml version="1.0" encoding="UTF-8"?>
<window>
	<defaultcontrol>9000</defaultcontrol>
	<onload condition="Control.IsVisible(10)">SetFocus(10)</onload>
	<coordinates>
		<system>1</system>
		<left>560</left>
		<top>315</top>
	</coordinates>
	<include>DialogOpenCloseAnimation</include>
	<controls>
		<control type="label" id="1">
			<description>fake heading label</description>
			<width>0</width>
			<height>0</height>
			<font />
			<visible>false</visible>
		</control>
		<control type="image">
			<top>-5</top>
			<width>788</width>
			<height>548</height>
			<texture border="40">dialogs/default/bg.png</texture>
		</control>
		<control type="image">
			<left>30</left>
			<top>82</top>
			<width>730</width>
			<height>365</height>
			<texture border="5">dialogs/default/inner.png</texture>
		</control>
		<control type="image">
			<left>30</left>
			<top>28</top>
			<width>730</width>
			<height>47</height>
			<texture border="5">dialogs/default/inner.png</texture>
		</control>
		<control type="progress">
			<description>Progressbar</description>
			<left>30</left>
			<top>33</top>
			<width>730</width>
			<height>29</height>
			<info>System.Progressbar</info>
			<colordiffuse>$VAR[ThemeLabelColor]</colordiffuse>
			<visible>Window.IsActive(progressdialog)</visible>
		</control>
		<control type="label">
			<description>header label</description>
			<left>30</left>
			<top>34</top>
			<width>730</width>
			<height>30</height>
			<textoffsetx>15</textoffsetx>
			<font>font13</font>
			<label>$INFO[Control.GetLabel(1)] $INFO[System.Progressbar,- ,%]</label>
			<align>center</align>
			<textcolor>orange</textcolor>
		</control>
		<control type="textbox" id="9">
			<description>dialog line 1/2/3</description>
			<left>38</left>
			<top>88</top>
			<width>723</width>
			<height>355</height>
			<font>font13</font>
			<label />
			<textcolor>grey2</textcolor>
			<autoscroll time="4000" delay="5000" repeat="8000">true</autoscroll>
		</control>
		<control type="grouplist" id="9000">
			<left>30</left>
			<top>460</top>
			<width>730</width>
			<orientation>horizontal</orientation>
			<align>center</align>
			<itemgap>14</itemgap>
			<control type="button" id="11">
				<description>Yes button</description>
				<width>321</width>
				<height>42</height>
				<label>107</label>
				<font>font13</font>
				<textcolor>grey2</textcolor>
				<focusedcolor>white</focusedcolor>
				<align>center</align>
				<onleft>10</onleft>
				<onright>10</onright>
				<onup>11</onup>
				<ondown>11</ondown>
				<texturefocus colordiffuse="$VAR[HighlightBarColor]" border="5">listselect_fo.png</texturefocus>
				<texturenofocus border="5">dialogs/default/inner.png</texturenofocus>
			</control>
			<control type="button" id="10">
				<description>No button</description>
				<left>465</left>
				<top>374</top>
				<width>321</width>
				<height>42</height>
				<label>106</label>
				<font>font13</font>
				<textcolor>grey2</textcolor>
				<focusedcolor>white</focusedcolor>
				<align>center</align>
				<onleft>11</onleft>
				<onright>11</onright>
				<onup>10</onup>
				<ondown>10</ondown>
				<texturefocus colordiffuse="$VAR[HighlightBarColor]" border="5">listselect_fo.png</texturefocus>
				<texturenofocus border="5">dialogs/default/inner.png</texturenofocus>
			</control>
		</control>
	</controls>
</window>