<?xml version="1.0" encoding="UTF-8"?>
<window>
	<defaultcontrol always="true">9000</defaultcontrol>
	<controls>
		<control type="panel" id="50">
			<include>HiddenList</include>
		</control>
		<control type="group">
			<left>60</left>
			<top>90</top>
			<animation type="WindowOpen">
				<effect type="zoom" start="150" end="100" center="auto" time="500" tween="cubic" easing="out" />
				<effect type="fade" end="100" time="250" />
			</animation>
			<control type="image">
				<left>-33</left>
				<top>-33</top>
				<width>1870</width>
				<height>970</height>
				<texture colordiffuse="CCFFFFFF" border="40">listpanel_back.png</texture>
			</control>
			<control type="image">
				<width>360</width>
				<height>360</height>
				<aspectratio>keep</aspectratio>
				<texture background="true">$INFO[ListItem.Icon]</texture>
				<bordertexture border="1">thumbs/panel_border.png</bordertexture>
				<bordersize>1</bordersize>
			</control>
			<control type="grouplist" id="9000">
				<top>360</top>
				<width>360</width>
				<height>540</height>
				<onleft>60</onleft>
				<onright>60</onright>
				<onup>9000</onup>
				<ondown>9000</ondown>
				<animation effect="slide" end="0,60" condition="Window.IsActive(1112)">Conditional</animation>
				<control type="button" id="9">
					<description>Configure Addon</description>
					<width>360</width>
					<height>60</height>
					<label>24020</label>
					<font>font15</font>
					<visible>!Window.IsActive(1112)</visible>
				</control>
				<control type="button" id="201">
					<description>Addon news button</description>
					<width>360</width>
					<height>60</height>
					<label>24054</label>
					<font>font15</font>
					<onclick>SetProperty(AddonNews,True,Home)</onclick>
					<onclick>SetProperty(TextViewerHeader,$ESCINFO[ListItem.Label,[B],[/B]],Home)</onclick>
					<onclick>SetProperty(TextViewerSubHeader,$ESCINFO[ListItem.AddonVersion,[I]v,[/I]],Home)</onclick>
					<onclick>SetProperty(TextViewerContent,$ESCINFO[ListItem.AddonNews],Home)</onclick>
					<onclick>ActivateWindow(1112)</onclick>
					<enable>!String.IsEmpty(ListItem.AddonNews)</enable>
					<animation effect="fade" start="100" end="40" time="300" tween="sine" easing="inout" condition="Window.IsActive(1112)">Conditional</animation>
				</control>
				<control type="button" id="8">
					<description>Update Addon button</description>
					<width>360</width>
					<height>60</height>
					<label>24138</label>
					<font>font15</font>
					<visible>!Window.IsActive(1112)</visible>
				</control>
				<control type="button" id="200">
					<description>Screenshot button</description>
					<width>360</width>
					<height>60</height>
					<label>$LOCALIZE[1000]</label>
					<font>font15</font>
					<onclick>SetFocus(50)</onclick>
					<onclick>Action(select)</onclick>
					<onclick>SetFocus(9000)</onclick>
					<enable>Integer.IsGreater(Container(50).NumItems,0)</enable>
					<visible>!Window.IsActive(1112)</visible>
				</control>
				<control type="button" id="12">
					<description>Launch Addon button</description>
					<width>360</width>
					<height>60</height>
					<label>518</label>
					<font>font15</font>
					<visible>!Window.IsActive(1112)</visible>
				</control>
				<control type="button" id="6">
					<description>Install/UnInstall Addon button</description>
					<width>360</width>
					<height>60</height>
					<label>24022</label>
					<font>font15</font>
					<visible>!Window.IsActive(1112)</visible>
				</control>
				<control type="button" id="14">
					<description>Versions Addon button</description>
					<width>360</width>
					<height>60</height>
					<label>Εκδόσεις</label>
					<font>font15</font>
					<visible>!Window.IsActive(1112)</visible>
				</control>
				<control type="button" id="7">
					<description>Enable/Disable Addon button</description>
					<width>360</width>
					<height>60</height>
					<label>24021</label>
					<font>font15</font>
					<visible>!Window.IsActive(1112)</visible>
				</control>
				<control type="radiobutton" id="13">
					<description>Auto Update Addon button</description>
					<width>360</width>
					<height>60</height>
					<label>21340</label>
					<font>font13</font>
					<radioposx>256</radioposx>
					<visible>!Window.IsActive(1112)</visible>
				</control>
				<control type="button" id="10">
					<description>Dependencies button</description>
					<width>360</width>
					<height>60</height>
					<label>39024</label>
					<font>font15</font>
					<visible>!Window.IsActive(1112)</visible>
				</control>
			</control>
			<control type="image">
				<left>360</left>
				<width>1</width>
				<height>900</height>
				<texture colordiffuse="grey4">separator_vertical.png</texture>
			</control>
			<control type="group">
				<left>361</left>
				<visible>!Window.IsActive(TextViewer) + !Window.IsActive(1112)</visible>
				<include>SettingsFadeAnimation</include>
				<control type="group">
					<left>20</left>
					<top>10</top>
					<control type="grouplist">
						<height>180</height>
						<control type="button">
							<width>800</width>
							<label>[COLOR $VAR[ThemeLabelColor]]$LOCALIZE[21863]: [/COLOR]$INFO[ListItem.AddonCreator]</label>
						</control>
						<control type="button">
							<width>800</width>
							<label>[COLOR $VAR[ThemeLabelColor]]$LOCALIZE[24051] [/COLOR]$INFO[ListItem.AddonVersion]</label>
						</control>
						<control type="button">
							<width>800</width>
							<label>[COLOR $VAR[ThemeLabelColor]]$LOCALIZE[12013]: [/COLOR]$INFO[ListItem.AddonInstallDate]</label>
						</control>
					</control>
					<control type="grouplist">
						<left>800</left>
						<height>180</height>
						<control type="button">
							<width>600</width>
							<label>[COLOR $VAR[ThemeLabelColor]]$LOCALIZE[146] [/COLOR]$INFO[ListItem.AddonType]</label>
						</control>
						<control type="button">
							<width>600</width>
							<label>[COLOR $VAR[ThemeLabelColor]]$LOCALIZE[560]: [/COLOR]$INFO[ListItem.Property(Addon.ID)]</label>
						</control>
						<control type="button">
							<width>600</width>
							<label>[COLOR $VAR[ThemeLabelColor]]$LOCALIZE[22031]: [/COLOR]$INFO[ListItem.AddonSize]</label>
							<visible>!String.IsEmpty(ListItem.AddonSize)</visible>
						</control>
					</control>
					<control type="textbox" id="400">
						<top>196</top>
						<include condition="[!String.IsEqual(ListItem.AddonLifecycleType,$LOCALIZE[24169]) | !String.IsEmpty(ListItem.AddonDisclaimer)]">AddonInfoTextboxSmall</include>
						<include condition="String.IsEqual(ListItem.AddonLifecycleType,$LOCALIZE[24169]) + String.IsEmpty(ListItem.AddonDisclaimer)">AddonInfoTextboxLarge</include>
						<width>1400</width>
						<textcolor>grey2</textcolor>
						<label>[COLOR $VAR[ThemeLabelColor]]$LOCALIZE[21821]: [/COLOR][CR]$INFO[ListItem.AddonDescription]</label>
						<autoscroll time="3000" delay="4000" repeat="5000">true</autoscroll>
						<visible>!String.IsEmpty(ListItem.AddonDescription)</visible>
					</control>
				</control>
				<control type="image">
					<top>200</top>
					<width>1439</width>
					<height>3</height>
					<texture colordiffuse="grey4">separator_horizontal.png</texture>
				</control>
				<control type="image">
					<top>740</top>
					<width>1439</width>
					<height>3</height>
					<texture colordiffuse="grey4">separator_horizontal.png</texture>
					<visible>[!String.IsEqual(ListItem.AddonLifecycleType,$LOCALIZE[24169]) | !String.IsEmpty(ListItem.AddonDisclaimer)] + String.IsEmpty(Window(Home).Property(AddonNews))</visible>
				</control>
				<control type="group">
					<left>10</left>
					<top>760</top>
					<control type="group">
						<visible>String.IsEqual(ListItem.AddonLifecycleType,$LOCALIZE[24169]) + !String.IsEmpty(ListItem.AddonDisclaimer)</visible>
						<control type="image">
							<width>130</width>
							<height>130</height>
							<aspectratio>keep</aspectratio>
							<colordiffuse>grey2</colordiffuse>
							<texture>DefaultIconInfo.png</texture>
						</control>
						<control type="textbox">
							<left>140</left>
							<width>1245</width>
							<height>125</height>
							<font>font16bold_textbox</font>
							<textcolor>grey2</textcolor>
							<aligny>center</aligny>
							<label>$INFO[ListItem.AddonDisclaimer]</label>
							<autoscroll time="3000" delay="4000" repeat="5000">true</autoscroll>
						</control>
					</control>
					<control type="group">
						<visible>String.IsEqual(ListItem.AddonLifecycleType,$LOCALIZE[24170])</visible>
						<control type="image">
							<width>130</width>
							<height>130</height>
							<aspectratio>keep</aspectratio>
							<colordiffuse>FFEFCC00</colordiffuse>
							<texture>DefaultIconWarning.png</texture>
							<animation effect="fade" start="100" end="40" time="1500" pulse="true" condition="true">Conditional</animation>
						</control>
						<control type="label">
							<left>135</left>
							<top>10</top>
							<width>1300</width>
							<height>65</height>
							<textcolor>$VAR[ThemeLabelColor]</textcolor>
							<textoffsetx>15</textoffsetx>
							<font>font16_title</font>
							<label>$LOCALIZE[24049]</label>
						</control>
					</control>
					<control type="group">
						<visible>String.IsEqual(ListItem.AddonLifecycleType,$LOCALIZE[24171])</visible>
						<control type="image">
							<width>130</width>
							<height>130</height>
							<aspectratio>keep</aspectratio>
							<texture>DefaultIconError.png</texture>
							<animation effect="fade" start="100" end="40" time="1500" pulse="true" condition="true">Conditional</animation>
						</control>
						<control type="label">
							<left>135</left>
							<top>10</top>
							<width>1300</width>
							<height>65</height>
							<textcolor>$VAR[ThemeLabelColor]</textcolor>
							<textoffsetx>15</textoffsetx>
							<font>font16_title</font>
							<label>$LOCALIZE[24096]</label>
						</control>
					</control>
					<control type="label">
						<left>135</left>
						<top>50</top>
						<width>1300</width>
						<height>65</height>
						<textcolor>grey2</textcolor>
						<textoffsetx>15</textoffsetx>
						<font>font15</font>
						<label>$INFO[ListItem.AddonLifecycleDesc]</label>
					</control>
				</control>
			</control>
		</control>
	</controls>
</window>