<?xml version="1.0" encoding="UTF-8"?>
<includes>
	<!-- Built-in-Select -->
	<include name="DefaultSelect">
		<include>DialogOpenCloseAnimation</include>
		<control type="group">
			<left>115</left>
			<top>180</top>
			<animation effect="slide" end="0,-100" condition="!Control.IsVisible(6)">Conditional</animation>
			<control type="image">
				<top>-130</top>
				<width>1670</width>
				<height>987</height>
				<texture border="40">dialogs/default/bg.png</texture>
				<visible>Control.IsVisible(6)</visible>
			</control>
			<control type="image">
				<top>-13</top>
				<left>293</left>
				<width>1102</width>
				<height>982</height>
				<texture border="40">dialogs/default/bg.png</texture>
				<visible>!Control.IsVisible(6)</visible>
			</control>
			<control type="group">
				<visible>!Control.IsVisible(3)</visible>
				<left>17</left>
				<top>-80</top>
				<control type="label">
					<left>30</left>
					<width>1420</width>
					<height>40</height>
					<font>TechFT</font>
					<label>$VAR[DialogSelectHeaderLabelVar]</label>
					<textcolor>dialogheader</textcolor>
					<scroll>true</scroll>
				</control>
				<control type="image">
					<top>55</top>
					<width>1636</width>
					<height>1</height>
					<texture colordiffuse="$VAR[ThemeLabelColor]">separator_horizontal.png</texture>
				</control>
			</control>
			<control type="group">
				<visible>Control.IsVisible(3)</visible>
				<left>310</left>
				<top>30</top>
				<control type="label">
					<left>28</left>
					<width>840</width>
					<height>40</height>
					<font>Tech40</font>
					<label>$VAR[DialogSelectHeaderLabelVar]</label>
					<textcolor>dialogheader</textcolor>
					<scroll>true</scroll>
				</control>
				<control type="image">
					<top>50</top>
					<width>1068</width>
					<height>1</height>
					<texture colordiffuse="$VAR[ThemeLabelColor]">separator_horizontal.png</texture>
				</control>
			</control>
			<control type="group">
				<left>1095</left>
				<top>-10</top>
				<control type="multiimage">
					<width>550</width>
					<height>600</height>
					<timeperimage>70</timeperimage>
					<fadetime>1</fadetime>
					<randomize>false</randomize>
					<aspectratio aligny="top">keep</aspectratio>
					<imagepath background="true">$INFO[Container(6).ListItem.Icon]</imagepath>
					<visible>Control.IsVisible(6) + ![Window.IsVisible(script-skinshortcuts.xml) + String.StartsWith(Container(6).ListItem.Icon(Icon), special://skin/extras/icons)]</visible>
				</control>
				<control type="button" id="197">
					<description>Cancel button 2</description>
					<left>530</left>
					<top>-110</top>
					<width>45</width>
					<height>45</height>
					<texturefocus colordiffuse="white" border="-20">defaulticonerror.png</texturefocus>
					<texturenofocus colordiffuse="white">defaulticonerror.png</texturenofocus>
					<bordersize>5</bordersize>
					<shadowcolor>shadow</shadowcolor>
					<focusedcolor>red</focusedcolor>
					<onclick>back</onclick>
					<onleft condition="Control.IsVisible(5)">95</onleft>
					<onleft>9000</onleft>
					<onright condition="Control.IsVisible(5)">95</onright>
					<ondown>9000</ondown>
					<visible>Control.IsVisible(6)</visible>
				</control>
				<control type="textbox" id="82">
					<description>Description</description>
					<label>$VAR[VideoPlotVar]</label>
					<left>50</left>
					<top>615</top>
					<width>500</width>
					<height>200</height>
					<align>center</align>
					<textcolor>orange</textcolor>
					<shadowcolor>shadow</shadowcolor>
					<font>font12b</font>
					<autoscroll time="3000" delay="4000" repeat="5000">Skin.HasSetting(Enable.AutoScroll)</autoscroll>
					<visible>Control.IsVisible(6)</visible>
				</control>
				<control type="label">
					<left>-320</left>
					<top>-62</top>
					<width>780</width>
					<height>27</height>
					<font>font13_bold</font>
					<align>right</align>
					<textcolor>lime</textcolor>
					<shadowcolor>shadow</shadowcolor>
					<scroll>true</scroll>
					<label>$INFO[ListItem.Title]</label>
					<visible>Control.IsVisible(6)</visible>
				</control>
				<control type="multiimage">
					<width>500</width>
					<height>500</height>
					<timeperimage>70</timeperimage>
					<fadetime>1</fadetime>
					<randomize>false</randomize>
					<aspectratio>center</aspectratio>
					<imagepath background="true">$INFO[Container(6).ListItem.Icon]</imagepath>
					<visible>Control.IsVisible(6) + [Window.IsVisible(script-skinshortcuts.xml) + String.StartsWith(Container(6).ListItem.Icon(Icon), special://skin/extras/icons)]</visible>
				</control>
			</control>
			<control type="group" id="9000">
				<control type="list" id="3">
					<left>480</left>
					<top>88</top>
					<width>1040</width>
					<height>842</height>
					<onup>3</onup>
					<ondown>3</ondown>
					<onleft condition="Control.IsVisible(95)">95</onleft>
					<onleft>95</onleft>
					<onright>60</onright>
					<pagecontrol>60</pagecontrol>
					<animation effect="slide" start="0" end="-157" time="0" tween="quadratic" condition="!Control.IsVisible(6)">Conditional</animation>
					<scrolltime tween="quadratic" easing="out">200</scrolltime>
					<itemlayout height="60" width="1040" condition="!Control.IsVisible(6)">
						<control type="label">
							<width>1040</width>
							<height>60</height>
							<textoffsetx>15</textoffsetx>
							<font>font14</font>
							<textcolor>white</textcolor>
							<shadowcolor>shadow</shadowcolor>
							<label>$INFO[ListItem.Label]</label>
						</control>
						<control type="label">
							<width>1040</width>
							<height>60</height>
							<textoffsetx>15</textoffsetx>
							<font>font14</font>
							<textcolor>grey2</textcolor>
							<shadowcolor>shadow</shadowcolor>
							<align>right</align>
							<label>$INFO[ListItem.Label2]</label>
						</control>
					</itemlayout>
					<focusedlayout height="60" width="1040" condition="!Control.IsVisible(6)">
						<control type="image">
							<width>1035</width>
							<height>60</height>
							<texture colordiffuse="yellow" border="5">listselect_fo.png</texture>
							<visible>Control.HasFocus(3)</visible>
							<include>VisibleFadeAnimation</include>
						</control>
						<control type="label">
							<width>1040</width>
							<height>60</height>
							<textoffsetx>15</textoffsetx>
							<font>font14</font>
							<scroll>true</scroll>
							<textcolor>orange</textcolor>
							<shadowcolor>shadow</shadowcolor>
							<focusedcolor>lime</focusedcolor>
							<label>$INFO[ListItem.Label]</label>
							<animation effect="fade" start="100" end="100" time="300" tween="sine" easing="inout" condition="!Control.HasFocus(3)">Conditional</animation>
						</control>
						<control type="label">
							<width>1040</width>
							<height>60</height>
							<textoffsetx>15</textoffsetx>
							<font>font14</font>
							<align>right</align>
							<shadowcolor>shadow</shadowcolor>
							<label>$INFO[ListItem.Label2]</label>
							<animation effect="fade" start="100" end="70" time="300" tween="sine" easing="inout" condition="!Control.HasFocus(3)">Conditional</animation>
						</control>
					</focusedlayout>
					<itemlayout height="60" width="800" condition="Control.IsVisible(6)">
						<control type="label">
							<width>900</width>
							<height>60</height>
							<textoffsetx>15</textoffsetx>
							<font>font14</font>
							<textcolor>grey2</textcolor>
							<shadowcolor>shadow</shadowcolor>
							<label>$INFO[ListItem.Label]</label>
						</control>
						<control type="label">
							<width>900</width>
							<height>60</height>
							<textoffsetx>15</textoffsetx>
							<font>font14</font>
							<textcolor>grey2</textcolor>
							<shadowcolor>shadow</shadowcolor>
							<align>right</align>
							<label>$INFO[ListItem.Label2]</label>
						</control>
					</itemlayout>
					<focusedlayout height="60" width="800" condition="Control.IsVisible(6)">
						<control type="image">
							<width>900</width>
							<height>60</height>
							<texture colordiffuse="yellow" border="5">listselect_fo.png</texture>
							<visible>Control.HasFocus(3)</visible>
							<include>VisibleFadeAnimation</include>
						</control>
						<control type="label">
							<width>900</width>
							<height>60</height>
							<textoffsetx>15</textoffsetx>
							<font>font14</font>
							<scroll>true</scroll>
							<shadowcolor>shadow</shadowcolor>
							<label>$INFO[ListItem.Label]</label>
							<animation effect="fade" start="100" end="70" time="300" tween="sine" easing="inout" condition="!Control.HasFocus(3)">Conditional</animation>
						</control>
						<control type="label">
							<width>900</width>
							<height>60</height>
							<textoffsetx>15</textoffsetx>
							<font>font14</font>
							<align>right</align>
							<shadowcolor>shadow</shadowcolor>
							<label>$INFO[ListItem.Label2]</label>
							<animation effect="fade" start="100" end="70" time="300" tween="sine" easing="inout" condition="!Control.HasFocus(3)">Conditional</animation>
						</control>
					</focusedlayout>
				</control>
				<control type="list" id="6">
					<left>32</left>
					<top>-20</top>
					<width>1030</width>
					<height>830</height>
					<onup>6</onup>
					<ondown>6</ondown>
					<onleft>197</onleft>
					<onright condition="Control.IsVisible(60)">60</onright>
					<onright>95</onright>
					<pagecontrol>60</pagecontrol>
					<scrolltime tween="quadratic" easing="out">200</scrolltime>
					<itemlayout height="55" width="1041">
						<control type="label">
							<width>1030</width>
							<height>55</height>
							<font>font14</font>
							<textoffsetx>15</textoffsetx>
							<textcolor>white</textcolor>
							<shadowcolor>shadow</shadowcolor>
							<label>$INFO[ListItem.Label]</label>
						</control>
						<control type="label">
							<width>1030</width>
							<height>55</height>
							<font>font14</font>
							<textoffsetx>15</textoffsetx>
							<textcolor>grey2</textcolor>
							<shadowcolor>shadow</shadowcolor>
							<align>right</align>
							<label>$VAR[DialogSelectLabel2Var]</label>
						</control>
					</itemlayout>
					<focusedlayout height="55" width="1041">
						<control type="image">
							<left>1</left>
							<width>1030</width>
							<height>55</height>
							<texture colordiffuse="yellow" border="5">listselect_fo.png</texture>
						</control>
						<control type="label">
							<width>1030</width>
							<height>55</height>
							<font>font14</font>
							<textoffsetx>15</textoffsetx>
							<textcolor>orange</textcolor>
							<shadowcolor>shadow</shadowcolor>
							<label>$INFO[ListItem.Label]</label>
							<animation effect="fade" start="100" end="70" time="300" tween="sine" easing="inout" condition="!Control.HasFocus(6)">Conditional</animation>
						</control>
						<control type="label">
							<width>1030</width>
							<height>55</height>
							<font>font14</font>
							<textoffsetx>15</textoffsetx>
							<align>right</align>
							<shadowcolor>shadow</shadowcolor>
							<label>$VAR[DialogSelectLabel2Var]</label>
							<animation effect="fade" start="100" end="70" time="300" tween="sine" easing="inout" condition="!Control.HasFocus(6)">Conditional</animation>
						</control>
					</focusedlayout>
				</control>
			</control>
			<control type="scrollbar" id="60">
				<left>1360</left>
				<top>82</top>
				<height>856</height>
				<width>15</width>
				<onright condition="Control.IsVisible(5)">95</onright>
				<onright condition="!Control.IsVisible(5)">97</onright>
				<onright>9000</onright>
				<onleft>9000</onleft>
				<ondown>60</ondown>
				<onup>60</onup>
				<showonepage>false</showonepage>
				<texturesliderbackground colordiffuse="1AFFFFFF">colors/white50.png</texturesliderbackground>
				<texturesliderbar colordiffuse="$VAR[HighlightBarColor]" border="3">listselect_fo.png</texturesliderbar>
				<texturesliderbarfocus colordiffuse="yellow" border="4">listselect_fo.png</texturesliderbarfocus>
				<showonepage>false</showonepage>
				<visible>!Control.IsVisible(6)</visible>
			</control>
			<control type="scrollbar" id="60">
				<left>1075</left>
				<top>-20</top>
				<height>840</height>
				<width>15</width>
				<onright condition="Control.IsVisible(5)">95</onright>
				<onright condition="!Control.IsVisible(5)">197</onright>
				<onright>9000</onright>
				<onleft>9000</onleft>
				<ondown>60</ondown>
				<onup>60</onup>
				<showonepage>false</showonepage>
				<texturesliderbackground colordiffuse="1AFFFFFF">colors/white50.png</texturesliderbackground>
				<texturesliderbar colordiffuse="$VAR[HighlightBarColor]" border="3">listselect_fo.png</texturesliderbar>
				<texturesliderbarfocus colordiffuse="yellow" border="4">listselect_fo.png</texturesliderbarfocus>
				<showonepage>false</showonepage>
				<visible>Control.IsVisible(6)</visible>
			</control>
			<control type="group">
				<animation effect="slide" start="0" end="-275" time="0" condition="!Control.IsVisible(6)">Conditional</animation>
				<left>1595</left>
				<top>2</top>
				<control type="button" id="95">
					<description>Manual button</description>
					<top>-135</top>
					<left>-50</left>
					<texturefocus colordiffuse="lime" border="-50">views/list/defaultaddonsinstalled.png</texturefocus>
					<texturenofocus colordiffuse="white">views/list/defaultaddonsinstalled.png</texturenofocus>
					<width>80</width>
					<height>80</height>
					<font>IconMedium</font>
					<textcolor>grey2</textcolor>
					<shadowcolor>shadow</shadowcolor>
					<focusedcolor>lime</focusedcolor>
					<onclick>SendClick(2000,5)</onclick>
					<onleft>9000</onleft>
					<onright>197</onright>
					<ondown>9000</ondown>
					<visible>Control.IsVisible(5)</visible>
				</control>
				<control type="button" id="97">
					<description>Cancel button</description>
					<left>25</left>
					<width>45</width>
					<height>45</height>
					<texturefocus colordiffuse="red" border="-30">defaulticonerror.png</texturefocus>
					<texturenofocus colordiffuse="white">defaulticonerror.png</texturenofocus>
					<bordersize>5</bordersize>
					<shadowcolor>orange</shadowcolor>
					<focusedcolor>orange</focusedcolor>
					<onclick>back</onclick>
					<onleft>9000</onleft>
					<onleft condition="Control.IsVisible(5)">95</onleft>
					<onleft>9000</onleft>
					<onright condition="Control.IsVisible(5)">95</onright>
					<ondown>9000</ondown>
					<visible>!Control.IsVisible(6)</visible>
				</control>
			</control>
			<control type="label" id="1">
				<include>HiddenObject</include>
			</control>
			<control type="button" id="7">
				<description>Cancel button</description>
				<left>-70</left>
				<onfocus>SetFocus(97)</onfocus>
				<include>HiddenObject</include>
			</control>
			<control type="button" id="5">
				<description>Manual button</description>
				<onfocus>SetFocus(97)</onfocus>
				<include>HiddenObject</include>
			</control>
		</control>
	</include>
	<include name="GameSelect">
		<control type="group">
			<top>750</top>
			<animation effect="slide" end="0,60" condition="!Window.IsActive(gamevideofilter)">Conditional</animation>
			<animation effect="slide" start="0,400" end="0,0" time="500" tween="cubic" easing="out">WindowOpen</animation>
			<animation effect="slide" end="0,400" start="0,0" time="500" tween="cubic" easing="out">WindowClose</animation>
			<control type="image">
				<top>1</top>
				<width>100%</width>
				<height>345</height>
				<texture colordiffuse="99FFFFFF" flipy="true" border="1,40,1,1">topbar.png</texture>
			</control>
			<control type="panel" id="11">
				<left>5</left>
				<top>25</top>
				<width>100%</width>
				<height>325</height>
				<onleft>9000</onleft>
				<onright>11</onright>
				<ondown>60</ondown>
				<onup>11</onup>
				<scrolltime tween="quadratic" easing="out">400</scrolltime>
				<viewtype label="536">icon</viewtype>
				<orientation>horizontal</orientation>
				<preloaditems>2</preloaditems>
				<itemlayout height="325" width="480">
					<control type="group">
						<left>15</left>
						<top>15</top>
						<control type="gamewindow">
							<width>400</width>
							<height>225</height>
							<videofilter>$INFO[ListItem.Property(game.videofilter)]</videofilter>
							<stretchmode>$INFO[ListItem.Property(game.stretchmode)]</stretchmode>
							<rotation>$INFO[ListItem.Property(game.videorotation)]</rotation>
						</control>
						<control type="image">
							<top>175</top>
							<width>400</width>
							<height>50</height>
							<texture colordiffuse="88FFFFFF">black.png</texture>
						</control>
						<control type="group">
							<visible>!String.IsEmpty(ListItem.Label2)</visible>
							<control type="label">
								<top>175</top>
								<width>400</width>
								<height>40</height>
								<textoffsetx>10</textoffsetx>
								<textcolor>grey2</textcolor>
								<label>$INFO[ListItem.Label]</label>
							</control>
							<control type="label">
								<top>175</top>
								<width>400</width>
								<height>40</height>
								<align>right</align>
								<textoffsetx>10</textoffsetx>
								<textcolor>grey2</textcolor>
								<label>$INFO[ListItem.Label2]</label>
							</control>
						</control>
						<control type="label">
							<top>175</top>
							<width>400</width>
							<height>40</height>
							<textoffsetx>10</textoffsetx>
							<textcolor>grey2</textcolor>
							<align>center</align>
							<label>$INFO[ListItem.Label]</label>
							<visible>String.IsEmpty(ListItem.Label2)</visible>
						</control>
						<control type="image">
							<width>400</width>
							<height>225</height>
							<texture colordiffuse="44FFFFFF">black.png</texture>
						</control>
					</control>
				</itemlayout>
				<focusedlayout height="325" width="480">
					<control type="group">
						<left>15</left>
						<top>15</top>
						<control type="gamewindow">
							<width>400</width>
							<height>225</height>
							<videofilter>$INFO[ListItem.Property(game.videofilter)]</videofilter>
							<stretchmode>$INFO[ListItem.Property(game.stretchmode)]</stretchmode>
							<rotation>$INFO[ListItem.Property(game.videorotation)]</rotation>
						</control>
						<control type="image">
							<top>175</top>
							<width>400</width>
							<height>50</height>
							<texture colordiffuse="88FFFFFF">black.png</texture>
						</control>
						<control type="group">
							<visible>!String.IsEmpty(ListItem.Label2)</visible>
							<control type="label">
								<top>175</top>
								<width>400</width>
								<height>40</height>
								<textoffsetx>10</textoffsetx>
								<label>$INFO[ListItem.Label]</label>
							</control>
							<control type="label">
								<top>175</top>
								<width>400</width>
								<height>40</height>
								<align>right</align>
								<textoffsetx>10</textoffsetx>
								<label>$INFO[ListItem.Label2]</label>
							</control>
						</control>
						<control type="label">
							<top>175</top>
							<width>400</width>
							<height>40</height>
							<textoffsetx>10</textoffsetx>
							<align>center</align>
							<label>$INFO[ListItem.Label]</label>
							<visible>String.IsEmpty(ListItem.Label2)</visible>
						</control>
						<control type="image">
							<width>400</width>
							<height>225</height>
							<texture colordiffuse="44FFFFFF">black.png</texture>
							<include>FocusFadeOutAnimation</include>
						</control>
					</control>
					<control type="image">
						<width>430</width>
						<height>255</height>
						<texture colordiffuse="$VAR[ThemeLabelColor]" border="10">thumbs/thumbnail_focused.png</texture>
						<bordersize>10</bordersize>
						<include>FocusFadeInAnimation</include>
					</control>
				</focusedlayout>
			</control>
			<control type="label" id="12">
				<top>270</top>
				<width>100%</width>
				<height>60</height>
				<align>justify</align>
				<textoffsetx>20</textoffsetx>
				<shadowcolor>shadow</shadowcolor>
				<font>font14_textbox</font>
				<scroll>true</scroll>
			</control>
		</control>
	</include>
	<!-- Custom Select -->
	<include name="SelectGameOSDSettings">
		<item>
			<description>Video filter button</description>
			<label>$LOCALIZE[35225]</label>
			<onclick>ActivateWindow(GameVideoFilter)</onclick>
		</item>
		<item>
			<description>Stretch mode button</description>
			<label>$LOCALIZE[35233]</label>
			<onclick>ActivateWindow(GameStretchMode)</onclick>
		</item>
		<item>
			<description>Video rotation button</description>
			<label>$LOCALIZE[35227]</label>
			<onclick>ActivateWindow(GameVideoRotation)</onclick>
		</item>
		<item>
			<description>Volume button</description>
			<label>$LOCALIZE[13376]</label>
			<label2>[COLOR grey]Select + Right Stick[/COLOR]</label2>
			<onclick>ActivateWindow(GameVolume)</onclick>
		</item>
		<item>
			<description>Controller settings button</description>
			<label>$LOCALIZE[35234]</label>
			<onclick>ActivateWindow(GameControllers)</onclick>
		</item>
		<item>
			<description>Advanced settings</description>
			<label>$LOCALIZE[35226]</label>
			<onclick>ActivateWindow(GameAdvancedSettings)</onclick>
		</item>
	</include>
	<include name="SelectSearch">
		<item>
			<label>$LOCALIZE[31472]</label>
			<onclick>Dialog.Close(1129)</onclick>
			<onclick>SendClick(videos,8)</onclick>
			<visible>Window.IsActive(videos)</visible>
		</item>
		<item>
			<label>$LOCALIZE[31456]</label>
			<onclick>Dialog.Close(1129)</onclick>
			<onclick condition="System.hasAddon(script.globalsearch)">RunScript(script.globalsearch)</onclick>
			<onclick condition="!System.hasAddon(script.globalsearch)">InstallAddon(script.globalsearch)</onclick>
		</item>
		<item>
			<label>$LOCALIZE[31457]</label>
			<onclick>Dialog.Close(1129)</onclick>
			<onclick condition="System.hasAddon(plugin.video.youtube)">ActivateWindow(videos,"plugin://plugin.video.youtube/kodion/search/list/",return)</onclick>
			<onclick condition="!System.hasAddon(plugin.video.youtube)">InstallAddon(plugin.video.youtube)</onclick>
		</item>
		<item>
			<label>$LOCALIZE[31458]</label>
			<onclick>Dialog.Close(1129)</onclick>
			<onclick condition="System.hasAddon(script.embuary.info)">RunScript(script.embuary.info)</onclick>
			<onclick condition="!System.hasAddon(script.embuary.info)">InstallAddon(script.embuary.info)</onclick>
		</item>
	</include>
	<include name="SelectActorName">
		<item>
			<label>$LOCALIZE[31148]</label>
			<onclick>Dialog.Close(1129)</onclick>
			<onclick>SetProperty(DoAction,True,movieinformation)</onclick>
		</item>
		<item>
			<label>$LOCALIZE[31149]</label>
			<onclick>Dialog.Close(1129)</onclick>
			<onclick>ClearProperty(ActorID,movieinformation)</onclick>
			<onclick>ClearProperty(DirectorID,movieinformation)</onclick>
			<onclick>RunScript(script.embuary.info,call=person,query='"$INFO[Window(movieinformation).Property(ActorName)]"')</onclick>
			<onclick>ClearProperty(ActorName,movieinformation)</onclick>
		</item>
	</include>
	<include name="SelectMainMenuLayout">
		<item>
			<label>5 $LOCALIZE[31025]</label>
			<onclick>Dialog.Close(1129)</onclick>
			<onclick>Skin.Reset(MainMenu.Layout)</onclick>
		</item>
		<item>
			<label>3 $LOCALIZE[31025]</label>
			<onclick>Dialog.Close(1129)</onclick>
			<onclick>Skin.SetString(MainMenu.Layout,3)</onclick>
		</item>
		<item>
			<label>1 $LOCALIZE[31025]</label>
			<onclick>Dialog.Close(1129)</onclick>
			<onclick>Skin.SetString(MainMenu.Layout,1)</onclick>
		</item>
		<item>
			<label>$LOCALIZE[536]</label>
			<onclick>Dialog.Close(1129)</onclick>
			<onclick>Skin.SetString(MainMenu.Layout,icons)</onclick>
		</item>
		<item>
			<label>$LOCALIZE[31994]</label>
			<onclick>Dialog.Close(1129)</onclick>
			<onclick>Skin.SetString(MainMenu.Layout,vertical)</onclick>
		</item>
	</include>
	<include name="SelectFanartTimePerImage">
		<item>
			<label>2 $LOCALIZE[31090]</label>
			<onclick>Dialog.Close(1129)</onclick>
			<onclick>Skin.SetString(FanartTimePerImage,2)</onclick>
		</item>
		<item>
			<label>3 $LOCALIZE[31090]</label>
			<onclick>Dialog.Close(1129)</onclick>
			<onclick>Skin.SetString(FanartTimePerImage,3)</onclick>
		</item>
		<item>
			<label>4 $LOCALIZE[31090]</label>
			<onclick>Dialog.Close(1129)</onclick>
			<onclick>Skin.SetString(FanartTimePerImage,4)</onclick>
		</item>
		<item>
			<label>5 $LOCALIZE[31090]</label>
			<onclick>Dialog.Close(1129)</onclick>
			<onclick>Skin.SetString(FanartTimePerImage,5)</onclick>
		</item>
		<item>
			<label>6 $LOCALIZE[31090]</label>
			<onclick>Dialog.Close(1129)</onclick>
			<onclick>Skin.SetString(FanartTimePerImage,6)</onclick>
		</item>
		<item>
			<label>7 $LOCALIZE[31090]</label>
			<onclick>Dialog.Close(1129)</onclick>
			<onclick>Skin.Reset(FanartTimePerImage)</onclick>
		</item>
		<item>
			<label>8 $LOCALIZE[31090]</label>
			<onclick>Dialog.Close(1129)</onclick>
			<onclick>Skin.SetString(FanartTimePerImage,8)</onclick>
		</item>
		<item>
			<label>9 $LOCALIZE[31090]</label>
			<onclick>Dialog.Close(1129)</onclick>
			<onclick>Skin.SetString(FanartTimePerImage,9)</onclick>
		</item>
		<item>
			<label>10 $LOCALIZE[31090]</label>
			<onclick>Dialog.Close(1129)</onclick>
			<onclick>Skin.SetString(FanartTimePerImage,10)</onclick>
		</item>
		<item>
			<label>15 $LOCALIZE[31090]</label>
			<onclick>Dialog.Close(1129)</onclick>
			<onclick>Skin.SetString(FanartTimePerImage,15)</onclick>
		</item>
		<item>
			<label>20 $LOCALIZE[31090]</label>
			<onclick>Dialog.Close(1129)</onclick>
			<onclick>Skin.SetString(FanartTimePerImage,20)</onclick>
		</item>
		<item>
			<label>30 $LOCALIZE[31090]</label>
			<onclick>Dialog.Close(1129)</onclick>
			<onclick>Skin.SetString(FanartTimePerImage,30)</onclick>
		</item>
		<item>
			<label>60 $LOCALIZE[31090]</label>
			<onclick>Dialog.Close(1129)</onclick>
			<onclick>Skin.SetString(FanartTimePerImage,60)</onclick>
		</item>
		<item>
			<label>90 $LOCALIZE[31090]</label>
			<onclick>Dialog.Close(1129)</onclick>
			<onclick>Skin.SetString(FanartTimePerImage,90)</onclick>
		</item>
	</include>
	<include name="SelectLanguageFlags">
		<item>
			<label>$LOCALIZE[231]</label>
			<onclick>Dialog.Close(1129)</onclick>
			<onclick>Skin.Reset(LanguageFlags)</onclick>
		</item>
		<item>
			<label>$LOCALIZE[292]</label>
			<onclick>Dialog.Close(1129)</onclick>
			<onclick>Skin.SetString(LanguageFlags,1)</onclick>
		</item>
		<item>
			<label>$LOCALIZE[287]</label>
			<onclick>Dialog.Close(1129)</onclick>
			<onclick>Skin.SetString(LanguageFlags,2)</onclick>
		</item>
		<item>
			<label>$LOCALIZE[21475]</label>
			<onclick>Dialog.Close(1129)</onclick>
			<onclick>Skin.SetString(LanguageFlags,3)</onclick>
		</item>
	</include>
	<include name="SelectWidgetOpacity">
		<item>
			<label>100%</label>
			<onclick>Dialog.Close(1129)</onclick>
			<onclick>Skin.Reset(Widget.Trans)</onclick>
		</item>
		<item>
			<label>95%</label>
			<onclick>Dialog.Close(1129)</onclick>
			<onclick>Skin.SetString(Widget.Trans,95)</onclick>
		</item>
		<item>
			<label>90%</label>
			<onclick>Dialog.Close(1129)</onclick>
			<onclick>Skin.SetString(Widget.Trans,90)</onclick>
		</item>
		<item>
			<label>85%</label>
			<onclick>Dialog.Close(1129)</onclick>
			<onclick>Skin.SetString(Widget.Trans,85)</onclick>
		</item>
		<item>
			<label>80%</label>
			<onclick>Dialog.Close(1129)</onclick>
			<onclick>Skin.SetString(Widget.Trans,80)</onclick>
		</item>
		<item>
			<label>75%</label>
			<onclick>Dialog.Close(1129)</onclick>
			<onclick>Skin.SetString(Widget.Trans,75)</onclick>
		</item>
		<item>
			<label>70%</label>
			<onclick>Dialog.Close(1129)</onclick>
			<onclick>Skin.SetString(Widget.Trans,70)</onclick>
		</item>
		<item>
			<label>65%</label>
			<onclick>Dialog.Close(1129)</onclick>
			<onclick>Skin.SetString(Widget.Trans,65)</onclick>
		</item>
		<item>
			<label>60%</label>
			<onclick>Dialog.Close(1129)</onclick>
			<onclick>Skin.SetString(Widget.Trans,60)</onclick>
		</item>
		<item>
			<label>55%</label>
			<onclick>Dialog.Close(1129)</onclick>
			<onclick>Skin.SetString(Widget.Trans,55)</onclick>
		</item>
		<item>
			<label>50%</label>
			<onclick>Dialog.Close(1129)</onclick>
			<onclick>Skin.SetString(Widget.Trans,50)</onclick>
		</item>
	</include>
	<include name="SelectWidgetBack">
		<item>
			<label>$LOCALIZE[571]</label>
			<onclick>Dialog.Close(1129)</onclick>
			<onclick>Skin.Reset(Widget.Back)</onclick>
		</item>
		<item>
			<label>$LOCALIZE[31723]</label>
			<onclick>Dialog.Close(1129)</onclick>
			<onclick>Skin.SetString(Widget.Back,Flat)</onclick>
		</item>
		<item>
			<label>$LOCALIZE[31542]</label>
			<onclick>Dialog.Close(1129)</onclick>
			<onclick>Skin.SetString(Widget.Back,Clear)</onclick>
		</item>
		<item>
			<label>$LOCALIZE[31724]</label>
			<onclick>Dialog.Close(1129)</onclick>
			<onclick>Skin.SetString(Widget.Back,Clear White)</onclick>
		</item>
		<item>
			<label>$LOCALIZE[31725]</label>
			<onclick>Dialog.Close(1129)</onclick>
			<onclick>Skin.SetString(Widget.Back,Colored Default)</onclick>
		</item>
		<item>
			<label>$LOCALIZE[31726]</label>
			<onclick>Dialog.Close(1129)</onclick>
			<onclick>Skin.SetString(Widget.Back,Colored Flat)</onclick>
		</item>
		<item>
			<label>$LOCALIZE[31727]</label>
			<onclick>Dialog.Close(1129)</onclick>
			<onclick>Skin.SetString(Widget.Back,Colored Clear)</onclick>
		</item>
		<item>
			<label>$LOCALIZE[31728]</label>
			<onclick>Dialog.Close(1129)</onclick>
			<onclick>Skin.SetString(Widget.Back,Colored Clear White)</onclick>
		</item>
		<item>
			<label>$LOCALIZE[231]</label>
			<onclick>Dialog.Close(1129)</onclick>
			<onclick>Skin.SetString(Widget.Back,)</onclick>
		</item>
	</include>
	<include name="SelectWidgetCaseInfo">
		<item>
			<label>$LOCALIZE[231]</label>
			<onclick>Dialog.Close(1129)</onclick>
			<onclick>Skin.Reset(Widget.CaseInfo)</onclick>
		</item>
		<item>
			<label>$LOCALIZE[31721]</label>
			<onclick>Dialog.Close(1129)</onclick>
			<onclick>Skin.SetString(Widget.CaseInfo,Glass)</onclick>
		</item>
		<item>
			<label>$LOCALIZE[31707]</label>
			<onclick>Dialog.Close(1129)</onclick>
			<onclick>Skin.SetString(Widget.CaseInfo,Case)</onclick>
		</item>
		<item>
			<label>$LOCALIZE[31722]</label>
			<onclick>Dialog.Close(1129)</onclick>
			<onclick>Skin.SetString(Widget.CaseInfo,Clear Case)</onclick>
		</item>
		<item>
			<label>$LOCALIZE[31746]</label>
			<onclick>Dialog.Close(1129)</onclick>
			<onclick>Skin.SetString(Widget.CaseInfo,Match widget panel)</onclick>
		</item>
	</include>
	<include name="SelectMyFlixDimmer">
		<item>
			<label>100%</label>
			<onclick>Dialog.Close(1129)</onclick>
			<onclick>Skin.SetString(MyFlix.Dimmer,100%)</onclick>
		</item>
		<item>
			<label>90%</label>
			<onclick>Dialog.Close(1129)</onclick>
			<onclick>Skin.SetString(MyFlix.Dimmer,90%)</onclick>
		</item>
		<item>
			<label>80%</label>
			<onclick>Dialog.Close(1129)</onclick>
			<onclick>Skin.SetString(MyFlix.Dimmer,80%)</onclick>
		</item>
		<item>
			<label>70%</label>
			<onclick>Dialog.Close(1129)</onclick>
			<onclick>Skin.SetString(MyFlix.Dimmer,70%)</onclick>
		</item>
		<item>
			<label>60% - $LOCALIZE[571]</label>
			<onclick>Dialog.Close(1129)</onclick>
			<onclick>Skin.Reset(MyFlix.Dimmer)</onclick>
		</item>
		<item>
			<label>50%</label>
			<onclick>Dialog.Close(1129)</onclick>
			<onclick>Skin.SetString(MyFlix.Dimmer,50%)</onclick>
		</item>
		<item>
			<label>40%</label>
			<onclick>Dialog.Close(1129)</onclick>
			<onclick>Skin.SetString(MyFlix.Dimmer,40%)</onclick>
		</item>
		<item>
			<label>30%</label>
			<onclick>Dialog.Close(1129)</onclick>
			<onclick>Skin.SetString(MyFlix.Dimmer,30%)</onclick>
		</item>
		<item>
			<label>20%</label>
			<onclick>Dialog.Close(1129)</onclick>
			<onclick>Skin.SetString(MyFlix.Dimmer,20%)</onclick>
		</item>
		<item>
			<label>10%</label>
			<onclick>Dialog.Close(1129)</onclick>
			<onclick>Skin.SetString(MyFlix.Dimmer,10%)</onclick>
		</item>
		<item>
			<label>0%</label>
			<onclick>Dialog.Close(1129)</onclick>
			<onclick>Skin.SetString(MyFlix.Dimmer,0%)</onclick>
		</item>
	</include>
	<include name="SelectDialogInfoDimmer">
		<item>
			<label>90%</label>
			<onclick>Dialog.Close(1129)</onclick>
			<onclick>Skin.SetString(DialogInfo.Dimmer,90%)</onclick>
		</item>
		<item>
			<label>85% - $LOCALIZE[571]</label>
			<onclick>Dialog.Close(1129)</onclick>
			<onclick>Skin.Reset(DialogInfo.Dimmer)</onclick>
		</item>
		<item>
			<label>80%</label>
			<onclick>Dialog.Close(1129)</onclick>
			<onclick>Skin.SetString(DialogInfo.Dimmer,80%)</onclick>
		</item>
		<item>
			<label>75%</label>
			<onclick>Dialog.Close(1129)</onclick>
			<onclick>Skin.SetString(DialogInfo.Dimmer,75%)</onclick>
		</item>
		<item>
			<label>70%</label>
			<onclick>Dialog.Close(1129)</onclick>
			<onclick>Skin.SetString(DialogInfo.Dimmer,70%)</onclick>
		</item>
		<item>
			<label>65%</label>
			<onclick>Dialog.Close(1129)</onclick>
			<onclick>Skin.SetString(DialogInfo.Dimmer,65%)</onclick>
		</item>
		<item>
			<label>60%</label>
			<onclick>Dialog.Close(1129)</onclick>
			<onclick>Skin.SetString(DialogInfo.Dimmer,60%)</onclick>
		</item>
		<item>
			<label>55%</label>
			<onclick>Dialog.Close(1129)</onclick>
			<onclick>Skin.SetString(DialogInfo.Dimmer,55%)</onclick>
		</item>
		<item>
			<label>50%</label>
			<onclick>Dialog.Close(1129)</onclick>
			<onclick>Skin.SetString(DialogInfo.Dimmer,50%)</onclick>
		</item>
	</include>
	<include name="SelectDefaultBackground">
		<item>
			<label>$LOCALIZE[13007]</label>
			<onclick>Dialog.Close(1129)</onclick>
			<onclick>Skin.Reset(CustomDefaultBackground.path)</onclick>
		</item>
		<item>
			<label>$LOCALIZE[31023]</label>
			<onclick>Dialog.Close(1129)</onclick>
			<onclick>Skin.SetImage(CustomDefaultBackground.path,special://skin/backgrounds)</onclick>
		</item>
		<item>
			<label>$LOCALIZE[31022]</label>
			<onclick>Dialog.Close(1129)</onclick>
			<onclick>Skin.SetPath(CustomDefaultBackground.path)</onclick>
		</item>
	</include>
	<include name="SelectMusicVizBackground">
		<item>
			<label>$LOCALIZE[20445]</label>
			<onclick>Dialog.Close(1129)</onclick>
			<onclick>Skin.Reset(Viz.Background)</onclick>
		</item>
		<item>
			<label>$LOCALIZE[31020]</label>
			<onclick>Dialog.Close(1129)</onclick>
			<onclick>Skin.SetString(Viz.Background,7)</onclick>
		</item>
		<item>
			<label>$LOCALIZE[31068]</label>
			<onclick>Dialog.Close(1129)</onclick>
			<onclick>Skin.SetString(Viz.Background,1)</onclick>
		</item>
		<item>
			<label>$LOCALIZE[31065]</label>
			<onclick>Dialog.Close(1129)</onclick>
			<onclick>Skin.SetString(Viz.Background,2)</onclick>
			<visible>System.HasAddon(script.grab.fanart)</visible>
		</item>
		<item>
			<label>$LOCALIZE[31550]</label>
			<onclick>Dialog.Close(1129)</onclick>
			<onclick>Skin.SetString(Viz.Background,8)</onclick>
			<visible>!System.HasAddon(script.grab.fanart)</visible>
		</item>
		<item>
			<label fallback="31059">$INFO[System.AddonTitle(script.artistslideshow)]</label>
			<onclick>Dialog.Close(1129)</onclick>
			<onclick>Skin.SetString(Viz.Background,3)</onclick>
		</item>
		<item>
			<label>$LOCALIZE[31002]</label>
			<onclick>Dialog.Close(1129)</onclick>
			<onclick condition="System.HasAddon(script.colorbox)">Skin.SetString(Viz.Background,4)</onclick>
			<onclick condition="!System.HasAddon(script.colorbox)">InstallAddon(script.colorbox)</onclick>
		</item>
		<item>
			<label>$ADDON[script.skinshortcuts 32051]</label>
			<onclick>Dialog.Close(1129)</onclick>
			<onclick>Skin.SetString(Viz.Background,5)</onclick>
			<onclick>Skin.SetImage(CustomMusicBackground.path,special://skin/backgrounds)</onclick>
		</item>
		<item>
			<label>$ADDON[script.skinshortcuts 32052]</label>
			<onclick>Dialog.Close(1129)</onclick>
			<onclick>Skin.SetString(Viz.Background,6)</onclick>
			<onclick>Skin.SetPath(CustomMusicBackground.path)</onclick>
		</item>
	</include>
	<include name="SelectPVRGuideLogos">
		<item>
			<label>$LOCALIZE[31359]</label>
			<onclick>Skin.SetString(PVRGuide.Logos,2)</onclick>
			<onclick>Dialog.Close(1129)</onclick>
			<include condition="Window.IsActive(tvguide) + String.IsEmpty(Skin.String(PVRGuide.Logos))">ReloadWindowOnClick</include>
		</item>
		<item>
			<label>$LOCALIZE[31543]</label>
			<onclick>Skin.SetString(PVRGuide.Logos,1)</onclick>
			<onclick>Dialog.Close(1129)</onclick>
			<include condition="Window.IsActive(tvguide) + String.IsEmpty(Skin.String(PVRGuide.Logos))">ReloadWindowOnClick</include>
		</item>
		<item>
			<label>$LOCALIZE[13113]</label>
			<onclick>Skin.Reset(PVRGuide.Logos)</onclick>
			<onclick>Dialog.Close(1129)</onclick>
			<include condition="Window.IsActive(tvguide) + !String.IsEmpty(Skin.String(PVRGuide.Logos))">ReloadWindowOnClick</include>
		</item>
	</include>
	<include name="SelectMusicGenreIconPath">
		<item>
			<label>$LOCALIZE[31561]</label>
			<onclick>Skin.SetPath(MusicGenreIconPath)</onclick>
			<onclick>Dialog.Close(1129)</onclick>
		</item>
		<item>
			<label>$LOCALIZE[31562]</label>
			<onclick condition="!System.HasAddon(script.image.resource.select)">InstallAddon(script.image.resource.select)</onclick>
			<onclick condition="System.HasAddon(script.image.resource.select)">RunScript(script.image.resource.select,property=musicgenreicons&amp;type=resource.images.musicgenreicons)</onclick>
			<onclick>Dialog.Close(1129)</onclick>
		</item>
	</include>
	<!-- Custom Confirm -->
	<include name="SetPresetSiLVOTheme">
		<include>ResetSkinColorsOnclick</include>
		<onclick>Skin.SetString(ThemeLabelColor,FFFF9800)</onclick>
		<onclick>Skin.SetString(ThemeHomeMenuBarColor,FFFF9800)</onclick>
		<onclick>Skin.SetString(FocusedMainMenuColor,white)</onclick>
		<onclick>Skin.SetString(UnfocusedMainMenuColor,FF000000)</onclick>
		<onclick>Skin.SetString(UnFocusedMainMenuIconLabelColor,FF000000)</onclick>
		<onclick>Skin.SetString(HighlightBarColor,FF2A52BE)</onclick>
		<onclick>Skin.SetString(ThemeHomeSystemBarsColor,FF000000)</onclick>
		<onclick>Skin.SetString(WidgetHighlightBarColor,FFFF9800)</onclick>
	</include>
	<include name="SetPresetBlueTheme">
		<include>ResetSkinColorsOnclick</include>
		<onclick>Skin.SetString(ThemeLabelColor,FF2A52BE)</onclick>
		<onclick>Skin.SetString(ThemeHomeMenuBarColor,FF2A52BE)</onclick>
		<onclick>Skin.SetString(FocusedMainMenuColor,white)</onclick>
		<onclick>Skin.SetString(UnfocusedMainMenuColor,FF000000)</onclick>
		<onclick>Skin.SetString(UnFocusedMainMenuIconLabelColor,FF000000)</onclick>
		<onclick>Skin.SetString(HighlightBarColor,FF2A52BE)</onclick>
		<onclick>Skin.SetString(ThemeHomeSystemBarsColor,FF000000)</onclick>
		<onclick>Skin.SetString(WidgetHighlightBarColor,FF2A52BE)</onclick>
	</include>
	<include name="SetPresetOrangeTheme">
		<include>ResetSkinColorsOnclick</include>
		<onclick>Skin.SetString(ThemeLabelColor,FFFF9800)</onclick>
		<onclick>Skin.SetString(ThemeHomeMenuBarColor,FFFF9800)</onclick>
		<onclick>Skin.SetString(FocusedMainMenuColor,white)</onclick>
		<onclick>Skin.SetString(UnfocusedMainMenuColor,FF000000)</onclick>
		<onclick>Skin.SetString(UnFocusedMainMenuIconLabelColor,FF000000)</onclick>
		<onclick>Skin.SetString(HighlightBarColor,FFFF9800)</onclick>
		<onclick>Skin.SetString(ThemeHomeSystemBarsColor,FF000000)</onclick>
		<onclick>Skin.SetString(WidgetHighlightBarColor,FFFF9800)</onclick>
	</include>
	<include name="SetPresetRedTheme">
		<include>ResetSkinColorsOnclick</include>
		<onclick>Skin.SetString(ThemeLabelColor,FFD50000)</onclick>
		<onclick>Skin.SetString(ThemeHomeMenuBarColor,FFD50000)</onclick>
		<onclick>Skin.SetString(FocusedMainMenuColor,white)</onclick>
		<onclick>Skin.SetString(UnfocusedMainMenuColor,FF000000)</onclick>
		<onclick>Skin.SetString(UnFocusedMainMenuIconLabelColor,FF000000)</onclick>
		<onclick>Skin.SetString(HighlightBarColor,FFD50000)</onclick>
		<onclick>Skin.SetString(ThemeHomeSystemBarsColor,FF000000)</onclick>
		<onclick>Skin.SetString(WidgetHighlightBarColor,FFD50000)</onclick>
	</include>
	<include name="ResetSkinColorsOnclick">
		<onclick>Skin.Reset(ThemeLabelColor)</onclick>
		<onclick>Skin.Reset(TopBarColor)</onclick>
		<onclick>Skin.Reset(HighlightBarColor)</onclick>
		<onclick>Skin.Reset(ThemeHomeLabelColor)</onclick>
		<onclick>Skin.Reset(ThemeHomeSystemBarsColor)</onclick>
		<onclick>Skin.Reset(ThemeHomeSystemGlowBarsColor)</onclick>
		<onclick>Skin.Reset(ThemeHomeMenuBarColor)</onclick>
		<onclick>Skin.Reset(ThemeHomeMenuGlowBarColor)</onclick>
		<onclick>Skin.Reset(FocusedMainMenuColor)</onclick>
		<onclick>Skin.Reset(UnfocusedMainMenuColor)</onclick>
		<onclick>Skin.Reset(FocusedMainMenuIconLabelColor)</onclick>
		<onclick>Skin.Reset(UnfocusedMainMenuIconLabelColor)</onclick>
		<onclick>Skin.Reset(FocusedSubMenuColor)</onclick>
		<onclick>Skin.Reset(UnfocusedSubMenuColor)</onclick>
		<onclick>Skin.Reset(RSSFeedColor)</onclick>
		<onclick>Skin.Reset(WidgetHighlightBarColor)</onclick>
		<onclick>Skin.Reset(WidgetBackgroundColor)</onclick>
		<onclick>Skin.Reset(UnWatchedEpColor)</onclick>
		<onclick>Skin.Reset(ThemeOSDProgressColor)</onclick>
	</include>
</includes>