<favourites>
	<favourite name="[B][COLOR white]Youtube[/COLOR][/B] αναζήτηση..." thumb="special://home/addons\plugin.video.youtube\icon.png">ActivateWindow(10025,&quot;plugin://plugin.video.youtube/kodion/search/input/?sf_options=fanart%3Dspecial%3A%2F%2Fhome%2Faddons%5Cplugin.video.youtube%5Cresources%5Cmedia%5Cfanart.jpg%26meta%3Dplot%253D%25255BB%25255D%2525CE%25259D%2525CE%2525AD%2525CE%2525B1%252B%2525CE%2525B1%2525CE%2525BD%2525CE%2525B1%2525CE%2525B6%2525CE%2525AE%2525CF%252584%2525CE%2525B7%2525CF%252583%2525CE%2525B7%25255B%25252FB%25255D%2526votes%253D0%2526label%253D%25255BB%25255D%2525CE%25259D%2525CE%2525AD%2525CE%2525B1%252B%2525CE%2525B1%2525CE%2525BD%2525CE%2525B1%2525CE%2525B6%2525CE%2525AE%2525CF%252584%2525CE%2525B7%2525CF%252583%2525CE%2525B7%25255B%25252FB%25255D%26desc%3D%5BB%5D%CE%9D%CE%AD%CE%B1+%CE%B1%CE%BD%CE%B1%CE%B6%CE%AE%CF%84%CE%B7%CF%83%CE%B7%5B%2FB%5D%26_options_sf&quot;,return)</favourite>
	<favourite name="[B][COLOR white]Eradio[/COLOR][/B] αναζήτηση..." thumb="special://home/addons\plugin.audio.eradio.gr\resources\media\search.png">ActivateWindow(10502,&quot;plugin://plugin.audio.eradio.gr/?action=search&amp;title=%ce%91%ce%bd%ce%b1%ce%b6%ce%ae%cf%84%ce%b7%cf%83%ce%b7&amp;sf_options=fanart%3Dspecial%3A%2F%2Fhome%2Faddons%5Cplugin.audio.eradio.gr%5Cfanart.jpg%26meta%3Dvotes%253D0%2526label%253D%2525CE%252591%2525CE%2525BD%2525CE%2525B1%2525CE%2525B6%2525CE%2525AE%2525CF%252584%2525CE%2525B7%2525CF%252583%2525CE%2525B7%2526title%253D%2525CE%252591%2525CE%2525BD%2525CE%2525B1%2525CE%2525B6%2525CE%2525AE%2525CF%252584%2525CE%2525B7%2525CF%252583%2525CE%2525B7%26_options_sf&quot;,return)</favourite>
	<favourite name="[B][COLOR white]ErtFlix[/COLOR][/B] αναζήτηση..." thumb="special://home/addons\plugin.video.ert.gr\resources\media\search.jpg">PlayMedia(&quot;plugin://plugin.video.ert.gr/?action=search&amp;title=%CE%91%CE%BD%CE%B1%CE%B6%CE%AE%CF%84%CE%B7%CF%83%CE%B7&amp;sf_options=fanart%3Dspecial%3A%2F%2Fhome%2Faddons%5Cplugin.video.ert.gr%5Cfanart.jpg%26meta%3Dvotes%253D0%2526label%253D%2525CE%252591%2525CE%2525BD%2525CE%2525B1%2525CE%2525B6%2525CE%2525AE%2525CF%252584%2525CE%2525B7%2525CF%252583%2525CE%2525B7%2526title%253D%2525CE%252591%2525CE%2525BD%2525CE%2525B1%2525CE%2525B6%2525CE%2525AE%2525CF%252584%2525CE%2525B7%2525CF%252583%2525CE%2525B7%26winID%3D10025%26_options_sf&quot;)</favourite>
	<favourite name="[B][COLOR white]Soundcloud[/COLOR][/B] αναζήτηση..." thumb="https://blog.soundcloud.com/wp-content/uploads/2016/05/cropped-sc_square_480.png">ActivateWindow(10502,&quot;plugin://plugin.audio.soundcloud/search/?action=new&amp;sf_options=meta%3Dlabel%253D%25255BB%25255DNew%252Bsearch%25255B%25252FB%25255D%26_options_sf&quot;,return)</favourite>
</favourites>